Gnss DateTime (Local Time), Northing(m), Easting(m), Height MSL(m),Vertical Accuracy(m)
27/01/2026 11:48:31 AM (UTC+1030),6278112.144,494274.701,97.719,1.104
27/01/2026 11:48:32 AM (UTC+1030),6278112.144,494274.701,97.717,1.104
27/01/2026 11:48:33 AM (UTC+1030),6278112.139,494274.753,97.693,1.09
27/01/2026 11:48:34 AM (UTC+1030),6278112.14,494274.754,97.695,1.09
27/01/2026 11:48:35 AM (UTC+1030),6278112.137,494274.754,97.694,1.09
27/01/2026 11:48:36 AM (UTC+1030),6278112.154,494274.771,97.7,1.11
27/01/2026 11:48:37 AM (UTC+1030),6278112.156,494274.787,97.702,1.115
27/01/2026 11:48:38 AM (UTC+1030),6278112.153,494274.788,97.697,1.115
27/01/2026 11:48:39 AM (UTC+1030),6278112.166,494274.868,97.647,1.061
27/01/2026 11:48:40 AM (UTC+1030),6278112.164,494274.865,97.65,1.061
27/01/2026 11:48:41 AM (UTC+1030),6278112.161,494274.868,97.668,1.065
27/01/2026 11:48:42 AM (UTC+1030),6278112.161,494274.884,97.656,1.063
27/01/2026 11:48:43 AM (UTC+1030),6278112.162,494274.892,97.637,1.065
27/01/2026 11:48:44 AM (UTC+1030),6278112.165,494274.891,97.642,1.063
27/01/2026 11:48:45 AM (UTC+1030),6278112.168,494274.892,97.648,1.063
27/01/2026 11:48:46 AM (UTC+1030),6278112.169,494274.89,97.64,1.065
27/01/2026 11:48:47 AM (UTC+1030),6278112.166,494274.883,97.652,1.065
27/01/2026 11:48:48 AM (UTC+1030),6278112.168,494274.885,97.653,1.065
27/01/2026 11:48:49 AM (UTC+1030),6278112.167,494274.888,97.646,1.065
27/01/2026 11:48:50 AM (UTC+1030),6278112.167,494274.889,97.651,1.065
27/01/2026 11:48:51 AM (UTC+1030),6278112.141,494275.135,97.483,0.749
27/01/2026 11:48:52 AM (UTC+1030),6278112.14,494275.139,97.476,0.749
27/01/2026 11:48:53 AM (UTC+1030),6278112.177,494275.164,97.499,0.79
27/01/2026 11:48:54 AM (UTC+1030),6278112.176,494275.164,97.498,0.79
27/01/2026 11:48:55 AM (UTC+1030),6278112.177,494275.165,97.498,0.79
27/01/2026 11:48:56 AM (UTC+1030),6278112.136,494275.123,97.488,0.83
27/01/2026 11:48:57 AM (UTC+1030),6278112.139,494275.126,97.485,0.83
27/01/2026 11:48:58 AM (UTC+1030),6278112.14,494275.118,97.511,0.91
27/01/2026 11:48:59 AM (UTC+1030),6278112.137,494275.116,97.515,0.91
27/01/2026 11:49:00 AM (UTC+1030),6278112.154,494275.12,97.502,0.913
27/01/2026 11:49:01 AM (UTC+1030),6278112.151,494275.119,97.503,0.913
27/01/2026 11:49:02 AM (UTC+1030),6278112.155,494275.121,97.503,0.913
27/01/2026 11:49:03 AM (UTC+1030),6278112.113,494275.1,97.515,0.812
27/01/2026 11:49:04 AM (UTC+1030),6278112.153,494275.11,97.524,0.927
27/01/2026 11:49:05 AM (UTC+1030),6278112.153,494275.11,97.524,0.927
27/01/2026 11:49:06 AM (UTC+1030),6278112.181,494275.111,97.509,0.957
27/01/2026 11:49:07 AM (UTC+1030),6278112.227,494275.135,97.507,0.976
27/01/2026 11:49:08 AM (UTC+1030),6278112.227,494275.135,97.508,0.976
27/01/2026 11:49:09 AM (UTC+1030),6278112.22,494275.124,97.502,1.016
27/01/2026 11:49:10 AM (UTC+1030),6278112.221,494275.127,97.499,1.016
27/01/2026 11:49:11 AM (UTC+1030),6278112.218,494275.115,97.502,1.055
27/01/2026 11:49:12 AM (UTC+1030),6278112.213,494275.116,97.503,1.055
27/01/2026 11:49:13 AM (UTC+1030),6278112.216,494275.116,97.504,1.055
27/01/2026 11:49:14 AM (UTC+1030),6278112.22,494275.107,97.481,1.079
27/01/2026 11:49:15 AM (UTC+1030),6278112.218,494275.109,97.482,1.079
27/01/2026 11:49:16 AM (UTC+1030),6278112.217,494275.109,97.48,1.079
27/01/2026 11:49:17 AM (UTC+1030),6278112.218,494275.106,97.486,1.079
27/01/2026 11:49:18 AM (UTC+1030),6278112.221,494275.11,97.482,1.079
27/01/2026 11:49:19 AM (UTC+1030),6278112.22,494275.111,97.48,1.079
27/01/2026 11:49:20 AM (UTC+1030),6278112.22,494275.108,97.486,1.079
27/01/2026 11:49:21 AM (UTC+1030),6278112.217,494275.11,97.484,1.079
27/01/2026 11:49:22 AM (UTC+1030),6278112.215,494275.111,97.484,1.079
27/01/2026 11:49:23 AM (UTC+1030),6278112.215,494275.11,97.483,1.079
27/01/2026 11:49:24 AM (UTC+1030),6278112.215,494275.114,97.481,1.079
27/01/2026 11:49:25 AM (UTC+1030),6278112.217,494275.113,97.484,1.079
27/01/2026 11:49:26 AM (UTC+1030),6278112.216,494275.11,97.485,1.079
27/01/2026 11:49:27 AM (UTC+1030),6278112.215,494275.111,97.484,1.079
27/01/2026 11:49:28 AM (UTC+1030),6278112.215,494275.112,97.485,1.079
27/01/2026 11:49:29 AM (UTC+1030),6278112.218,494275.11,97.483,1.079
27/01/2026 11:49:30 AM (UTC+1030),6278112.217,494275.113,97.484,1.079
27/01/2026 11:49:31 AM (UTC+1030),6278112.216,494275.112,97.489,1.079
27/01/2026 11:49:32 AM (UTC+1030),6278112.218,494275.112,97.488,1.079
27/01/2026 11:49:33 AM (UTC+1030),6278112.218,494275.112,97.487,1.079
27/01/2026 11:49:34 AM (UTC+1030),6278112.222,494275.115,97.488,1.079
27/01/2026 11:49:35 AM (UTC+1030),6278112.221,494275.111,97.487,1.079
27/01/2026 11:49:36 AM (UTC+1030),6278112.222,494275.111,97.49,1.079
27/01/2026 11:49:37 AM (UTC+1030),6278112.223,494275.113,97.485,1.079
27/01/2026 11:49:38 AM (UTC+1030),6278112.218,494275.116,97.48,1.079
27/01/2026 11:49:39 AM (UTC+1030),6278112.224,494275.117,97.484,1.079
27/01/2026 11:49:40 AM (UTC+1030),6278112.203,494275.079,97.524,1.569
27/01/2026 11:49:41 AM (UTC+1030),6278112.202,494275.079,97.523,1.569
27/01/2026 11:49:42 AM (UTC+1030),6278112.238,494275.082,97.453,1.481
27/01/2026 11:49:43 AM (UTC+1030),6278112.238,494275.083,97.446,1.481
27/01/2026 11:49:44 AM (UTC+1030),6278112.237,494275.084,97.447,1.481
27/01/2026 11:49:45 AM (UTC+1030),6278112.229,494275.071,97.516,1.647
27/01/2026 11:49:46 AM (UTC+1030),6278112.207,494275.065,97.528,1.685
27/01/2026 11:49:47 AM (UTC+1030),6278112.207,494275.065,97.523,1.685
27/01/2026 11:49:48 AM (UTC+1030),6278112.225,494275.076,97.533,1.692
27/01/2026 11:49:49 AM (UTC+1030),6278112.224,494275.075,97.537,1.692
27/01/2026 11:49:50 AM (UTC+1030),6278112.236,494275.068,97.526,1.715
27/01/2026 11:49:51 AM (UTC+1030),6278112.232,494275.066,97.525,1.715
27/01/2026 11:49:52 AM (UTC+1030),6278112.234,494275.066,97.526,1.748
27/01/2026 11:49:53 AM (UTC+1030),6278112.234,494275.065,97.531,1.748
27/01/2026 11:49:54 AM (UTC+1030),6278112.202,494275.059,97.547,1.723
27/01/2026 11:49:55 AM (UTC+1030),6278112.203,494275.061,97.545,1.723
27/01/2026 11:49:56 AM (UTC+1030),6278112.206,494275.066,97.559,1.746
27/01/2026 11:49:57 AM (UTC+1030),6278112.21,494275.064,97.564,1.746
27/01/2026 11:49:58 AM (UTC+1030),6278112.208,494275.068,97.554,1.746
27/01/2026 11:49:59 AM (UTC+1030),6278112.244,494275.071,97.543,1.775
27/01/2026 11:50:00 AM (UTC+1030),6278112.245,494275.071,97.547,1.775
27/01/2026 11:50:01 AM (UTC+1030),6278112.247,494275.072,97.544,1.775
27/01/2026 11:50:02 AM (UTC+1030),6278112.253,494275.068,97.483,1.732
27/01/2026 11:50:03 AM (UTC+1030),6278112.251,494275.068,97.481,1.732
27/01/2026 11:50:04 AM (UTC+1030),6278112.259,494275.061,97.448,1.682
27/01/2026 11:50:05 AM (UTC+1030),6278112.22,494275.077,97.477,1.616
27/01/2026 11:50:06 AM (UTC+1030),6278112.222,494275.074,97.483,1.616
27/01/2026 11:50:07 AM (UTC+1030),6278112.22,494275.077,97.48,1.616
27/01/2026 11:50:08 AM (UTC+1030),6278112.191,494275.085,97.466,1.475
27/01/2026 11:50:09 AM (UTC+1030),6278112.191,494275.086,97.466,1.475
27/01/2026 11:50:10 AM (UTC+1030),6278112.2,494275.09,97.464,1.537
27/01/2026 11:50:11 AM (UTC+1030),6278112.203,494275.088,97.464,1.537
27/01/2026 11:50:12 AM (UTC+1030),6278112.181,494275.101,97.471,1.455
27/01/2026 11:50:13 AM (UTC+1030),6278112.197,494275.096,97.486,1.507
27/01/2026 11:50:14 AM (UTC+1030),6278112.196,494275.095,97.479,1.507
27/01/2026 11:50:15 AM (UTC+1030),6278112.193,494275.098,97.48,1.507
27/01/2026 11:50:16 AM (UTC+1030),6278112.145,494275.123,97.515,1.366
27/01/2026 11:50:17 AM (UTC+1030),6278112.141,494275.119,97.513,1.366
27/01/2026 11:50:18 AM (UTC+1030),6278112.169,494275.107,97.502,1.454
27/01/2026 11:50:19 AM (UTC+1030),6278112.171,494275.106,97.502,1.454
27/01/2026 11:50:20 AM (UTC+1030),6278112.19,494275.091,97.456,1.429
27/01/2026 11:50:21 AM (UTC+1030),6278112.187,494275.097,97.472,1.418
27/01/2026 11:50:22 AM (UTC+1030),6278112.186,494275.098,97.469,1.418
27/01/2026 11:50:23 AM (UTC+1030),6278112.188,494275.099,97.473,1.418
27/01/2026 11:50:24 AM (UTC+1030),6278112.186,494275.097,97.47,1.418
27/01/2026 11:50:25 AM (UTC+1030),6278112.203,494275.093,97.446,1.418
27/01/2026 11:50:26 AM (UTC+1030),6278112.153,494275.102,97.473,1.285
27/01/2026 11:50:27 AM (UTC+1030),6278112.152,494275.114,97.471,1.292
27/01/2026 11:50:28 AM (UTC+1030),6278112.148,494275.111,97.474,1.292
27/01/2026 11:50:29 AM (UTC+1030),6278112.147,494275.117,97.471,1.292
27/01/2026 11:50:30 AM (UTC+1030),6278112.154,494275.113,97.476,1.292
27/01/2026 11:50:31 AM (UTC+1030),6278112.15,494275.111,97.48,1.292
27/01/2026 11:50:32 AM (UTC+1030),6278112.138,494275.112,97.475,1.252
27/01/2026 11:50:33 AM (UTC+1030),6278112.137,494275.109,97.472,1.252
27/01/2026 11:50:34 AM (UTC+1030),6278112.141,494275.116,97.494,1.295
27/01/2026 11:50:35 AM (UTC+1030),6278112.141,494275.12,97.492,1.295
27/01/2026 11:50:36 AM (UTC+1030),6278112.133,494275.127,97.514,1.28
27/01/2026 11:50:37 AM (UTC+1030),6278112.133,494275.125,97.517,1.28
27/01/2026 11:50:38 AM (UTC+1030),6278112.136,494275.128,97.5,1.265
27/01/2026 11:50:39 AM (UTC+1030),6278112.136,494275.126,97.511,1.265
27/01/2026 11:50:40 AM (UTC+1030),6278112.109,494275.137,97.523,1.192
27/01/2026 11:50:41 AM (UTC+1030),6278112.11,494275.139,97.52,1.192
27/01/2026 11:50:42 AM (UTC+1030),6278112.083,494275.147,97.548,1.09
27/01/2026 11:50:43 AM (UTC+1030),6278112.081,494275.149,97.547,1.09
27/01/2026 11:50:44 AM (UTC+1030),6278112.171,494275.116,97.489,1.242
27/01/2026 11:50:45 AM (UTC+1030),6278112.178,494275.094,97.455,1.142
27/01/2026 11:50:46 AM (UTC+1030),6278112.178,494275.093,97.456,1.142
27/01/2026 11:50:47 AM (UTC+1030),6278112.067,494275.133,97.5,0.788
27/01/2026 11:50:48 AM (UTC+1030),6278112.067,494275.128,97.502,0.788
27/01/2026 11:50:49 AM (UTC+1030),6278112.067,494275.129,97.504,0.788
27/01/2026 11:50:50 AM (UTC+1030),6278112.079,494275.127,97.487,0.811
27/01/2026 11:50:51 AM (UTC+1030),6278112.077,494275.127,97.489,0.813
27/01/2026 11:50:52 AM (UTC+1030),6278112.052,494275.13,97.486,0.711
27/01/2026 11:50:53 AM (UTC+1030),6278112.052,494275.13,97.485,0.711
27/01/2026 11:50:54 AM (UTC+1030),6278112.037,494275.148,97.493,0.627
27/01/2026 11:50:55 AM (UTC+1030),6278112.039,494275.149,97.491,0.627
27/01/2026 11:50:56 AM (UTC+1030),6278112.02,494275.155,97.497,0.542
27/01/2026 11:50:57 AM (UTC+1030),6278112.019,494275.154,97.493,0.542
27/01/2026 11:50:58 AM (UTC+1030),6278112.025,494275.156,97.497,0.568
27/01/2026 11:50:59 AM (UTC+1030),6278112.025,494275.155,97.494,0.568
27/01/2026 11:51:00 AM (UTC+1030),6278112.024,494275.156,97.496,0.568
27/01/2026 11:51:01 AM (UTC+1030),6278112.023,494275.151,97.49,0.538
27/01/2026 11:51:02 AM (UTC+1030),6278112.024,494275.148,97.492,0.552
27/01/2026 11:51:03 AM (UTC+1030),6278112.011,494275.149,97.503,0.489
27/01/2026 11:51:04 AM (UTC+1030),6278112.013,494275.148,97.495,0.489
27/01/2026 11:51:05 AM (UTC+1030),6278112.011,494275.149,97.499,0.489
27/01/2026 11:51:06 AM (UTC+1030),6278112.009,494275.145,97.497,0.483
27/01/2026 11:51:07 AM (UTC+1030),6278112.01,494275.147,97.499,0.483
27/01/2026 11:51:08 AM (UTC+1030),6278112.006,494275.153,97.503,0.461
27/01/2026 11:51:09 AM (UTC+1030),6278112.007,494275.154,97.498,0.461
27/01/2026 11:51:10 AM (UTC+1030),6278112.01,494275.156,97.506,0.458
27/01/2026 11:51:11 AM (UTC+1030),6278112.009,494275.156,97.504,0.458
27/01/2026 11:51:12 AM (UTC+1030),6278111.979,494275.162,97.49,0.294
27/01/2026 11:51:13 AM (UTC+1030),6278111.977,494275.161,97.487,0.294
27/01/2026 11:51:14 AM (UTC+1030),6278111.976,494275.147,97.494,0.306
27/01/2026 11:51:15 AM (UTC+1030),6278111.969,494275.141,97.484,0.292
27/01/2026 11:51:16 AM (UTC+1030),6278111.97,494275.141,97.484,0.294
27/01/2026 11:51:17 AM (UTC+1030),6278111.976,494275.137,97.492,0.315
27/01/2026 11:51:18 AM (UTC+1030),6278111.975,494275.138,97.489,0.315
27/01/2026 11:51:19 AM (UTC+1030),6278111.974,494275.14,97.491,0.315
27/01/2026 11:51:20 AM (UTC+1030),6278111.983,494275.145,97.493,0.317
27/01/2026 11:51:21 AM (UTC+1030),6278111.981,494275.144,97.491,0.317
27/01/2026 11:51:22 AM (UTC+1030),6278111.984,494275.148,97.493,0.325
27/01/2026 11:51:23 AM (UTC+1030),6278111.982,494275.146,97.491,0.325
27/01/2026 11:51:24 AM (UTC+1030),6278111.98,494275.147,97.486,0.319
27/01/2026 11:51:25 AM (UTC+1030),6278111.979,494275.148,97.484,0.319
27/01/2026 11:51:26 AM (UTC+1030),6278111.988,494275.144,97.49,0.336
27/01/2026 11:51:27 AM (UTC+1030),6278111.987,494275.141,97.492,0.336
27/01/2026 11:51:28 AM (UTC+1030),6278111.979,494275.14,97.493,0.341
27/01/2026 11:51:29 AM (UTC+1030),6278111.982,494275.138,97.492,0.341
27/01/2026 11:51:30 AM (UTC+1030),6278111.984,494275.141,97.494,0.341
27/01/2026 11:51:31 AM (UTC+1030),6278111.985,494275.14,97.498,0.341
27/01/2026 11:51:32 AM (UTC+1030),6278111.978,494275.15,97.495,0.306
27/01/2026 11:51:33 AM (UTC+1030),6278111.981,494275.149,97.496,0.306
27/01/2026 11:51:34 AM (UTC+1030),6278111.999,494275.128,97.518,0.373
27/01/2026 11:51:35 AM (UTC+1030),6278112.002,494275.128,97.516,0.373
27/01/2026 11:51:36 AM (UTC+1030),6278111.997,494275.133,97.514,0.362
27/01/2026 11:51:37 AM (UTC+1030),6278111.998,494275.131,97.516,0.362
27/01/2026 11:51:38 AM (UTC+1030),6278111.972,494275.162,97.481,0.26
27/01/2026 11:51:39 AM (UTC+1030),6278111.972,494275.162,97.483,0.26
27/01/2026 11:51:40 AM (UTC+1030),6278111.97,494275.168,97.478,0.252
27/01/2026 11:51:41 AM (UTC+1030),6278111.968,494275.165,97.479,0.252
27/01/2026 11:51:42 AM (UTC+1030),6278111.972,494275.168,97.482,0.252
27/01/2026 11:51:43 AM (UTC+1030),6278111.972,494275.166,97.483,0.252
27/01/2026 11:51:44 AM (UTC+1030),6278111.975,494275.173,97.474,0.273
27/01/2026 11:51:45 AM (UTC+1030),6278111.979,494275.174,97.469,0.273
27/01/2026 11:51:46 AM (UTC+1030),6278111.972,494275.176,97.466,0.258
27/01/2026 11:51:47 AM (UTC+1030),6278111.97,494275.177,97.465,0.258
27/01/2026 11:51:48 AM (UTC+1030),6278111.973,494275.184,97.459,0.239
27/01/2026 11:51:49 AM (UTC+1030),6278111.972,494275.184,97.462,0.239
27/01/2026 11:51:50 AM (UTC+1030),6278111.976,494275.185,97.463,0.24
27/01/2026 11:51:51 AM (UTC+1030),6278111.978,494275.183,97.459,0.24
27/01/2026 11:51:52 AM (UTC+1030),6278111.972,494275.185,97.467,0.241
27/01/2026 11:51:53 AM (UTC+1030),6278111.975,494275.183,97.463,0.241
27/01/2026 11:51:54 AM (UTC+1030),6278111.978,494275.183,97.473,0.252
27/01/2026 11:51:55 AM (UTC+1030),6278111.978,494275.183,97.47,0.252
27/01/2026 11:51:56 AM (UTC+1030),6278111.986,494275.188,97.462,0.264
27/01/2026 11:51:57 AM (UTC+1030),6278111.984,494275.187,97.467,0.264
27/01/2026 11:51:58 AM (UTC+1030),6278111.986,494275.189,97.467,0.263
27/01/2026 11:51:59 AM (UTC+1030),6278111.987,494275.188,97.469,0.263
27/01/2026 11:52:00 AM (UTC+1030),6278111.985,494275.186,97.469,0.265
27/01/2026 11:52:01 AM (UTC+1030),6278111.984,494275.187,97.474,0.265
27/01/2026 11:52:02 AM (UTC+1030),6278111.984,494275.18,97.481,0.256
27/01/2026 11:52:03 AM (UTC+1030),6278111.987,494275.187,97.471,0.256
27/01/2026 11:52:04 AM (UTC+1030),6278112.005,494275.162,97.513,0.349
27/01/2026 11:52:05 AM (UTC+1030),6278112.002,494275.161,97.514,0.349
27/01/2026 11:52:06 AM (UTC+1030),6278111.982,494275.185,97.479,0.256
27/01/2026 11:52:07 AM (UTC+1030),6278111.985,494275.186,97.47,0.256
27/01/2026 11:52:08 AM (UTC+1030),6278111.971,494275.185,97.473,0.215
27/01/2026 11:52:09 AM (UTC+1030),6278111.972,494275.187,97.474,0.215
27/01/2026 11:52:10 AM (UTC+1030),6278111.97,494275.188,97.466,0.199
27/01/2026 11:52:11 AM (UTC+1030),6278111.97,494275.194,97.463,0.197
27/01/2026 11:52:12 AM (UTC+1030),6278111.969,494275.192,97.463,0.197
27/01/2026 11:52:13 AM (UTC+1030),6278111.969,494275.191,97.46,0.197
27/01/2026 11:52:14 AM (UTC+1030),6278111.971,494275.198,97.456,0.196
27/01/2026 11:52:15 AM (UTC+1030),6278111.97,494275.199,97.454,0.196
27/01/2026 11:52:16 AM (UTC+1030),6278111.968,494275.198,97.455,0.196
27/01/2026 11:52:17 AM (UTC+1030),6278111.968,494275.2,97.454,0.196
27/01/2026 11:52:18 AM (UTC+1030),6278111.963,494275.2,97.457,0.198
27/01/2026 11:52:19 AM (UTC+1030),6278111.964,494275.202,97.455,0.198
27/01/2026 11:52:20 AM (UTC+1030),6278111.965,494275.204,97.455,0.198
27/01/2026 11:52:21 AM (UTC+1030),6278111.963,494275.204,97.455,0.198
27/01/2026 11:52:22 AM (UTC+1030),6278111.964,494275.204,97.455,0.198
27/01/2026 11:52:23 AM (UTC+1030),6278111.964,494275.205,97.455,0.2
27/01/2026 11:52:24 AM (UTC+1030),6278111.966,494275.195,97.466,0.198
27/01/2026 11:52:25 AM (UTC+1030),6278111.962,494275.195,97.462,0.198
27/01/2026 11:52:26 AM (UTC+1030),6278111.961,494275.195,97.46,0.198
27/01/2026 11:52:27 AM (UTC+1030),6278111.962,494275.196,97.463,0.2
27/01/2026 11:52:28 AM (UTC+1030),6278111.962,494275.197,97.463,0.2
27/01/2026 11:52:29 AM (UTC+1030),6278111.962,494275.199,97.463,0.2
27/01/2026 11:52:30 AM (UTC+1030),6278111.965,494275.194,97.448,0.195
27/01/2026 11:52:31 AM (UTC+1030),6278111.962,494275.193,97.446,0.195
27/01/2026 11:52:32 AM (UTC+1030),6278111.962,494275.196,97.451,0.194
27/01/2026 11:52:33 AM (UTC+1030),6278111.961,494275.196,97.445,0.194
27/01/2026 11:52:34 AM (UTC+1030),6278111.961,494275.195,97.445,0.194
27/01/2026 11:52:35 AM (UTC+1030),6278111.962,494275.192,97.442,0.199
27/01/2026 11:52:36 AM (UTC+1030),6278111.961,494275.195,97.436,0.2
27/01/2026 11:52:37 AM (UTC+1030),6278111.963,494275.193,97.438,0.2
27/01/2026 11:52:38 AM (UTC+1030),6278111.966,494275.193,97.437,0.2
27/01/2026 11:52:39 AM (UTC+1030),6278111.966,494275.194,97.437,0.2
27/01/2026 11:52:40 AM (UTC+1030),6278111.964,494275.197,97.441,0.202
27/01/2026 11:52:41 AM (UTC+1030),6278111.964,494275.197,97.444,0.202
27/01/2026 11:52:42 AM (UTC+1030),6278111.959,494275.198,97.439,0.199
27/01/2026 11:52:43 AM (UTC+1030),6278111.96,494275.197,97.441,0.199
27/01/2026 11:52:44 AM (UTC+1030),6278111.96,494275.196,97.438,0.195
27/01/2026 11:52:45 AM (UTC+1030),6278111.958,494275.195,97.438,0.195
27/01/2026 11:52:46 AM (UTC+1030),6278111.959,494275.194,97.446,0.192
27/01/2026 11:52:47 AM (UTC+1030),6278111.959,494275.193,97.441,0.192
27/01/2026 11:52:48 AM (UTC+1030),6278111.955,494275.193,97.437,0.196
27/01/2026 11:52:49 AM (UTC+1030),6278111.956,494275.191,97.434,0.186
27/01/2026 11:52:50 AM (UTC+1030),6278111.958,494275.194,97.435,0.186
27/01/2026 11:52:51 AM (UTC+1030),6278111.956,494275.192,97.437,0.186
27/01/2026 11:52:52 AM (UTC+1030),6278111.958,494275.195,97.447,0.187
27/01/2026 11:52:53 AM (UTC+1030),6278111.957,494275.194,97.447,0.187
27/01/2026 11:52:54 AM (UTC+1030),6278111.959,494275.193,97.44,0.184
27/01/2026 11:52:55 AM (UTC+1030),6278111.957,494275.196,97.44,0.184
27/01/2026 11:52:56 AM (UTC+1030),6278111.957,494275.195,97.441,0.182
27/01/2026 11:52:57 AM (UTC+1030),6278111.956,494275.194,97.439,0.182
27/01/2026 11:52:58 AM (UTC+1030),6278111.954,494275.195,97.442,0.19
27/01/2026 11:52:59 AM (UTC+1030),6278111.954,494275.195,97.44,0.19
27/01/2026 11:53:00 AM (UTC+1030),6278111.955,494275.197,97.438,0.186
27/01/2026 11:53:01 AM (UTC+1030),6278111.958,494275.196,97.448,0.188
27/01/2026 11:53:02 AM (UTC+1030),6278111.959,494275.194,97.447,0.188
27/01/2026 11:53:03 AM (UTC+1030),6278111.954,494275.195,97.447,0.188
27/01/2026 11:53:04 AM (UTC+1030),6278111.955,494275.197,97.446,0.188
27/01/2026 11:53:05 AM (UTC+1030),6278111.954,494275.197,97.444,0.188
27/01/2026 11:53:06 AM (UTC+1030),6278111.958,494275.197,97.44,0.19
27/01/2026 11:53:07 AM (UTC+1030),6278111.958,494275.198,97.446,0.19
27/01/2026 11:53:08 AM (UTC+1030),6278111.959,494275.193,97.438,0.182
27/01/2026 11:53:09 AM (UTC+1030),6278111.958,494275.194,97.439,0.182
27/01/2026 11:53:10 AM (UTC+1030),6278111.958,494275.196,97.437,0.177
27/01/2026 11:53:11 AM (UTC+1030),6278111.956,494275.193,97.437,0.179
27/01/2026 11:53:12 AM (UTC+1030),6278111.957,494275.196,97.437,0.179
27/01/2026 11:53:13 AM (UTC+1030),6278111.956,494275.196,97.443,0.182
27/01/2026 11:53:14 AM (UTC+1030),6278111.955,494275.195,97.448,0.182
27/01/2026 11:53:15 AM (UTC+1030),6278111.957,494275.195,97.45,0.19
27/01/2026 11:53:16 AM (UTC+1030),6278111.959,494275.196,97.449,0.192
27/01/2026 11:53:17 AM (UTC+1030),6278111.957,494275.196,97.446,0.19
27/01/2026 11:53:18 AM (UTC+1030),6278111.953,494275.194,97.447,0.19
27/01/2026 11:53:19 AM (UTC+1030),6278111.955,494275.195,97.445,0.19
27/01/2026 11:53:20 AM (UTC+1030),6278111.956,494275.191,97.443,0.188
27/01/2026 11:53:21 AM (UTC+1030),6278111.955,494275.19,97.441,0.188
27/01/2026 11:53:22 AM (UTC+1030),6278111.954,494275.188,97.445,0.185
27/01/2026 11:53:23 AM (UTC+1030),6278111.957,494275.191,97.442,0.185
27/01/2026 11:53:24 AM (UTC+1030),6278111.953,494275.191,97.438,0.183
27/01/2026 11:53:25 AM (UTC+1030),6278111.955,494275.192,97.437,0.183
27/01/2026 11:53:26 AM (UTC+1030),6278111.954,494275.19,97.44,0.183
27/01/2026 11:53:27 AM (UTC+1030),6278111.952,494275.188,97.439,0.183
27/01/2026 11:53:28 AM (UTC+1030),6278111.957,494275.199,97.448,0.188
27/01/2026 11:53:29 AM (UTC+1030),6278111.954,494275.195,97.436,0.187
27/01/2026 11:53:30 AM (UTC+1030),6278111.95,494275.192,97.435,0.187
27/01/2026 11:53:31 AM (UTC+1030),6278111.951,494275.195,97.442,0.179
27/01/2026 11:53:32 AM (UTC+1030),6278111.952,494275.198,97.441,0.179
27/01/2026 11:53:33 AM (UTC+1030),6278111.952,494275.198,97.44,0.179
27/01/2026 11:53:34 AM (UTC+1030),6278111.95,494275.189,97.455,0.184
27/01/2026 11:53:35 AM (UTC+1030),6278111.951,494275.191,97.452,0.184
27/01/2026 11:53:36 AM (UTC+1030),6278111.95,494275.193,97.439,0.181
27/01/2026 11:53:37 AM (UTC+1030),6278111.952,494275.195,97.44,0.181
27/01/2026 11:53:38 AM (UTC+1030),6278111.948,494275.19,97.45,0.166
27/01/2026 11:53:39 AM (UTC+1030),6278111.95,494275.189,97.451,0.166
27/01/2026 11:53:40 AM (UTC+1030),6278111.95,494275.193,97.449,0.166
27/01/2026 11:53:41 AM (UTC+1030),6278111.944,494275.192,97.449,0.166
27/01/2026 11:53:42 AM (UTC+1030),6278111.946,494275.195,97.443,0.166
27/01/2026 11:53:43 AM (UTC+1030),6278111.946,494275.194,97.449,0.166
27/01/2026 11:53:44 AM (UTC+1030),6278111.945,494275.194,97.444,0.164
27/01/2026 11:53:45 AM (UTC+1030),6278111.947,494275.195,97.441,0.164
27/01/2026 11:53:46 AM (UTC+1030),6278111.95,494275.196,97.442,0.168
27/01/2026 11:53:47 AM (UTC+1030),6278111.951,494275.197,97.446,0.166
27/01/2026 11:53:48 AM (UTC+1030),6278111.956,494275.2,97.436,0.168
27/01/2026 11:53:49 AM (UTC+1030),6278111.954,494275.198,97.438,0.166
27/01/2026 11:53:50 AM (UTC+1030),6278111.951,494275.196,97.44,0.168
27/01/2026 11:53:51 AM (UTC+1030),6278111.951,494275.197,97.438,0.166
27/01/2026 11:53:52 AM (UTC+1030),6278111.948,494275.197,97.436,0.168
27/01/2026 11:53:53 AM (UTC+1030),6278111.948,494275.199,97.433,0.168
27/01/2026 11:53:54 AM (UTC+1030),6278111.954,494275.196,97.445,0.166
27/01/2026 11:53:55 AM (UTC+1030),6278111.95,494275.199,97.441,0.166
27/01/2026 11:53:56 AM (UTC+1030),6278111.947,494275.199,97.437,0.166
27/01/2026 11:53:57 AM (UTC+1030),6278111.946,494275.202,97.435,0.168
27/01/2026 11:53:58 AM (UTC+1030),6278111.952,494275.197,97.437,0.168
27/01/2026 11:53:59 AM (UTC+1030),6278111.946,494275.201,97.433,0.166
27/01/2026 11:54:00 AM (UTC+1030),6278111.944,494275.193,97.448,0.168
27/01/2026 11:54:01 AM (UTC+1030),6278111.949,494275.19,97.457,0.166
27/01/2026 11:54:02 AM (UTC+1030),6278111.95,494275.188,97.461,0.166
27/01/2026 11:54:03 AM (UTC+1030),6278111.946,494275.186,97.461,0.166
27/01/2026 11:54:04 AM (UTC+1030),6278111.948,494275.192,97.445,0.166
27/01/2026 11:54:05 AM (UTC+1030),6278111.951,494275.195,97.441,0.166
27/01/2026 11:54:06 AM (UTC+1030),6278111.95,494275.193,97.439,0.166
27/01/2026 11:54:07 AM (UTC+1030),6278111.944,494275.191,97.44,0.166
27/01/2026 11:54:08 AM (UTC+1030),6278111.952,494275.192,97.461,0.164
27/01/2026 11:54:09 AM (UTC+1030),6278111.948,494275.186,97.45,0.166
27/01/2026 11:54:10 AM (UTC+1030),6278111.947,494275.196,97.451,0.166
27/01/2026 11:54:11 AM (UTC+1030),6278111.937,494275.191,97.453,0.166
27/01/2026 11:54:12 AM (UTC+1030),6278111.931,494275.191,97.462,0.168
27/01/2026 11:54:13 AM (UTC+1030),6278111.928,494275.19,97.46,0.168
27/01/2026 11:54:14 AM (UTC+1030),6278111.927,494275.189,97.434,0.167
27/01/2026 11:54:15 AM (UTC+1030),6278111.924,494275.189,97.442,0.167
27/01/2026 11:54:16 AM (UTC+1030),6278111.932,494275.189,97.438,0.17
27/01/2026 11:54:17 AM (UTC+1030),6278111.932,494275.183,97.442,0.17
27/01/2026 11:54:18 AM (UTC+1030),6278111.901,494275.093,97.545,0.17
27/01/2026 11:54:19 AM (UTC+1030),6278111.923,494275.034,97.924,0.174
27/01/2026 11:54:20 AM (UTC+1030),6278111.872,494274.995,98.11,0.172
27/01/2026 11:54:21 AM (UTC+1030),6278111.864,494275.098,98.245,0.175
27/01/2026 11:54:22 AM (UTC+1030),6278111.894,494275.232,98.346,0.188
27/01/2026 11:54:23 AM (UTC+1030),6278111.773,494275.202,98.328,0.188
27/01/2026 11:54:24 AM (UTC+1030),6278111.779,494275.247,98.325,0.188
27/01/2026 11:54:25 AM (UTC+1030),6278111.77,494275.282,98.358,0.175
27/01/2026 11:54:26 AM (UTC+1030),6278111.888,494275.543,98.458,0.176
27/01/2026 11:54:27 AM (UTC+1030),6278111.804,494275.489,98.367,0.182
27/01/2026 11:54:28 AM (UTC+1030),6278111.773,494275.446,98.432,0.175
27/01/2026 11:54:29 AM (UTC+1030),6278111.795,494275.435,98.398,0.213
27/01/2026 11:54:30 AM (UTC+1030),6278111.765,494275.446,98.409,0.209
27/01/2026 11:54:31 AM (UTC+1030),6278111.782,494275.491,98.407,0.208
27/01/2026 11:54:32 AM (UTC+1030),6278111.759,494275.465,98.426,0.263
27/01/2026 11:54:33 AM (UTC+1030),6278111.719,494275.514,98.415,0.263
27/01/2026 11:54:34 AM (UTC+1030),6278111.719,494275.539,98.413,0.263
27/01/2026 11:54:35 AM (UTC+1030),6278111.822,494275.646,98.425,0.263
27/01/2026 11:54:36 AM (UTC+1030),6278111.744,494275.865,98.418,0.265
27/01/2026 11:54:37 AM (UTC+1030),6278111.744,494275.781,98.428,0.265
27/01/2026 11:54:38 AM (UTC+1030),6278111.681,494275.662,98.438,0.265
27/01/2026 11:54:39 AM (UTC+1030),6278111.657,494275.678,98.436,0.265
27/01/2026 11:54:40 AM (UTC+1030),6278111.595,494275.724,98.427,0.265
27/01/2026 11:54:41 AM (UTC+1030),6278111.566,494275.725,98.416,0.265
27/01/2026 11:54:42 AM (UTC+1030),6278111.654,494275.754,98.414,0.265
27/01/2026 11:54:43 AM (UTC+1030),6278111.593,494275.777,98.417,0.265
27/01/2026 11:54:44 AM (UTC+1030),6278111.603,494275.792,98.394,0.265
27/01/2026 11:54:45 AM (UTC+1030),6278111.592,494275.813,98.403,0.265
27/01/2026 11:54:46 AM (UTC+1030),6278111.647,494275.851,98.389,0.265
27/01/2026 11:54:47 AM (UTC+1030),6278111.596,494275.854,98.39,0.265
27/01/2026 11:54:48 AM (UTC+1030),6278111.599,494275.898,98.375,0.265
27/01/2026 11:54:49 AM (UTC+1030),6278111.59,494275.898,98.379,0.265
27/01/2026 11:54:50 AM (UTC+1030),6278111.542,494275.842,98.389,0.265
27/01/2026 11:54:51 AM (UTC+1030),6278111.572,494275.883,98.388,0.266
27/01/2026 11:54:52 AM (UTC+1030),6278111.618,494275.892,98.38,0.266
27/01/2026 11:54:53 AM (UTC+1030),6278111.627,494275.911,98.386,0.266
27/01/2026 11:54:54 AM (UTC+1030),6278111.643,494275.883,98.381,0.266
27/01/2026 11:54:55 AM (UTC+1030),6278111.669,494275.921,98.379,0.266
27/01/2026 11:54:56 AM (UTC+1030),6278111.607,494275.909,98.38,0.266
27/01/2026 11:54:57 AM (UTC+1030),6278111.53,494275.868,98.377,0.266
27/01/2026 11:54:58 AM (UTC+1030),6278111.546,494275.846,98.379,0.266
27/01/2026 11:54:59 AM (UTC+1030),6278111.556,494275.852,98.383,0.266
27/01/2026 11:55:00 AM (UTC+1030),6278111.645,494275.855,98.389,0.266
27/01/2026 11:55:01 AM (UTC+1030),6278111.63,494275.911,98.385,0.266
27/01/2026 11:55:02 AM (UTC+1030),6278111.569,494275.898,98.377,0.266
27/01/2026 11:55:03 AM (UTC+1030),6278111.579,494275.932,98.37,0.266
27/01/2026 11:55:04 AM (UTC+1030),6278111.662,494275.971,98.365,0.266
27/01/2026 11:55:05 AM (UTC+1030),6278111.81,494275.858,98.419,0.27
27/01/2026 11:55:06 AM (UTC+1030),6278111.627,494275.945,98.496,0.268
27/01/2026 11:55:07 AM (UTC+1030),6278111.619,494275.928,98.492,0.268
27/01/2026 11:55:08 AM (UTC+1030),6278111.554,494275.866,98.498,0.269
27/01/2026 11:55:09 AM (UTC+1030),6278111.582,494275.903,98.498,0.269
27/01/2026 11:55:10 AM (UTC+1030),6278111.683,494275.957,98.498,0.269
27/01/2026 11:55:11 AM (UTC+1030),6278111.641,494275.983,98.482,0.269
27/01/2026 11:55:12 AM (UTC+1030),6278111.59,494275.969,98.486,0.269
27/01/2026 11:55:13 AM (UTC+1030),6278111.613,494275.936,98.489,0.269
27/01/2026 11:55:14 AM (UTC+1030),6278111.634,494275.926,98.49,0.271
27/01/2026 11:55:15 AM (UTC+1030),6278111.657,494275.957,98.485,0.271
27/01/2026 11:55:16 AM (UTC+1030),6278111.671,494275.952,98.486,0.271
27/01/2026 11:55:17 AM (UTC+1030),6278111.663,494275.953,98.486,0.271
27/01/2026 11:55:18 AM (UTC+1030),6278111.675,494275.948,98.485,0.271
27/01/2026 11:55:19 AM (UTC+1030),6278111.654,494275.942,98.486,0.273
27/01/2026 11:55:20 AM (UTC+1030),6278111.647,494275.942,98.484,0.273
27/01/2026 11:55:21 AM (UTC+1030),6278111.652,494275.939,98.49,0.273
27/01/2026 11:55:22 AM (UTC+1030),6278111.65,494275.957,98.488,0.27
27/01/2026 11:55:23 AM (UTC+1030),6278111.667,494275.922,98.496,0.272
27/01/2026 11:55:24 AM (UTC+1030),6278111.689,494275.937,98.495,0.272
27/01/2026 11:55:25 AM (UTC+1030),6278111.654,494275.93,98.495,0.272
27/01/2026 11:55:26 AM (UTC+1030),6278111.638,494275.914,98.498,0.272
27/01/2026 11:55:27 AM (UTC+1030),6278111.657,494275.914,98.495,0.272
27/01/2026 11:55:28 AM (UTC+1030),6278111.75,494275.853,98.505,0.273
27/01/2026 11:55:29 AM (UTC+1030),6278111.526,494275.744,98.495,0.273
27/01/2026 11:55:30 AM (UTC+1030),6278111.426,494275.652,98.509,0.273
27/01/2026 11:55:31 AM (UTC+1030),6278111.482,494275.597,98.511,0.273
27/01/2026 11:55:32 AM (UTC+1030),6278111.364,494275.514,98.487,0.273
27/01/2026 11:55:33 AM (UTC+1030),6278111.152,494275.264,98.515,0.273
27/01/2026 11:55:34 AM (UTC+1030),6278110.987,494275.287,98.511,0.275
27/01/2026 11:55:35 AM (UTC+1030),6278111.079,494275.363,98.498,0.275
27/01/2026 11:55:36 AM (UTC+1030),6278111.143,494275.297,98.506,0.275
27/01/2026 11:55:37 AM (UTC+1030),6278111.14,494275.33,98.503,0.275
27/01/2026 11:55:38 AM (UTC+1030),6278111.132,494275.322,98.502,0.275
27/01/2026 11:55:39 AM (UTC+1030),6278111.131,494275.328,98.5,0.275
27/01/2026 11:55:40 AM (UTC+1030),6278111.111,494275.34,98.499,0.277
27/01/2026 11:55:41 AM (UTC+1030),6278111.059,494275.346,98.498,0.277
27/01/2026 11:55:42 AM (UTC+1030),6278111.018,494275.344,98.499,0.277
27/01/2026 11:55:43 AM (UTC+1030),6278111.005,494275.359,98.499,0.277
27/01/2026 11:55:44 AM (UTC+1030),6278111.003,494275.363,98.498,0.277
27/01/2026 11:55:45 AM (UTC+1030),6278111.025,494275.37,98.499,0.278
27/01/2026 11:55:46 AM (UTC+1030),6278111.05,494275.351,98.501,0.278
27/01/2026 11:55:47 AM (UTC+1030),6278111.028,494275.349,98.501,0.278
27/01/2026 11:55:48 AM (UTC+1030),6278111.026,494275.321,98.504,0.278
27/01/2026 11:55:49 AM (UTC+1030),6278110.959,494275.151,98.509,0.278
27/01/2026 11:55:50 AM (UTC+1030),6278110.853,494274.745,98.542,0.278
27/01/2026 11:55:51 AM (UTC+1030),6278110.348,494274.479,98.544,0.28
27/01/2026 11:55:52 AM (UTC+1030),6278110.17,494274.04,98.534,0.28
27/01/2026 11:55:53 AM (UTC+1030),6278109.764,494273.787,98.543,0.28
27/01/2026 11:55:54 AM (UTC+1030),6278109.803,494273.36,98.512,0.28
27/01/2026 11:55:55 AM (UTC+1030),6278109.467,494273.111,98.473,0.28
27/01/2026 11:55:56 AM (UTC+1030),6278109.332,494272.489,98.451,0.28
27/01/2026 11:55:57 AM (UTC+1030),6278109.078,494272.015,98.442,0.28
27/01/2026 11:55:58 AM (UTC+1030),6278109.232,494271.604,98.424,0.28
27/01/2026 11:55:59 AM (UTC+1030),6278109.427,494271.177,98.412,0.28
27/01/2026 11:56:00 AM (UTC+1030),6278109.515,494270.958,98.412,0.28
27/01/2026 11:56:01 AM (UTC+1030),6278109.511,494270.858,98.41,0.28
27/01/2026 11:56:02 AM (UTC+1030),6278109.715,494270.877,98.404,0.28
27/01/2026 11:56:03 AM (UTC+1030),6278110.057,494270.959,98.406,0.281
27/01/2026 11:56:04 AM (UTC+1030),6278110.133,494270.553,98.42,0.281
27/01/2026 11:56:05 AM (UTC+1030),6278110.694,494270.281,98.39,0.281
27/01/2026 11:56:06 AM (UTC+1030),6278111.418,494270.05,98.368,0.281
27/01/2026 11:56:07 AM (UTC+1030),6278112.173,494269.765,98.374,0.281
27/01/2026 11:56:08 AM (UTC+1030),6278112.958,494269.509,98.32,0.281
27/01/2026 11:56:09 AM (UTC+1030),6278113.678,494269.453,98.343,0.281
27/01/2026 11:56:10 AM (UTC+1030),6278114.393,494269.165,98.33,0.281
27/01/2026 11:56:11 AM (UTC+1030),6278115.168,494268.88,98.33,0.281
27/01/2026 11:56:12 AM (UTC+1030),6278115.991,494268.59,98.3,0.281
27/01/2026 11:56:13 AM (UTC+1030),6278116.875,494268.176,98.304,0.281
27/01/2026 11:56:14 AM (UTC+1030),6278117.762,494267.844,98.256,0.283
27/01/2026 11:56:15 AM (UTC+1030),6278118.492,494267.415,98.294,0.283
27/01/2026 11:56:16 AM (UTC+1030),6278119.278,494267.004,98.237,0.283
27/01/2026 11:56:17 AM (UTC+1030),6278119.928,494266.878,98.273,0.283
27/01/2026 11:56:18 AM (UTC+1030),6278120.583,494266.589,98.258,0.283
27/01/2026 11:56:19 AM (UTC+1030),6278121.352,494266.433,98.258,0.283
27/01/2026 11:56:20 AM (UTC+1030),6278122.29,494266.219,98.272,0.283
27/01/2026 11:56:21 AM (UTC+1030),6278123.209,494265.878,98.272,0.283
27/01/2026 11:56:22 AM (UTC+1030),6278123.97,494265.329,98.229,0.283
27/01/2026 11:56:23 AM (UTC+1030),6278124.708,494264.731,98.22,0.283
27/01/2026 11:56:24 AM (UTC+1030),6278125.43,494264.186,98.184,0.283
27/01/2026 11:56:25 AM (UTC+1030),6278126.23,494263.826,98.196,0.285
27/01/2026 11:56:26 AM (UTC+1030),6278127.173,494263.364,98.197,0.285
27/01/2026 11:56:27 AM (UTC+1030),6278128.046,494262.934,98.181,0.285
27/01/2026 11:56:28 AM (UTC+1030),6278129.018,494262.536,98.21,0.285
27/01/2026 11:56:29 AM (UTC+1030),6278130.011,494262.267,98.14,0.285
27/01/2026 11:56:30 AM (UTC+1030),6278130.979,494261.997,98.175,0.285
27/01/2026 11:56:31 AM (UTC+1030),6278131.962,494261.667,98.155,0.285
27/01/2026 11:56:32 AM (UTC+1030),6278132.793,494261.184,98.151,0.285
27/01/2026 11:56:33 AM (UTC+1030),6278133.694,494260.85,98.136,0.285
27/01/2026 11:56:34 AM (UTC+1030),6278134.719,494260.627,98.12,0.285
27/01/2026 11:56:35 AM (UTC+1030),6278135.72,494260.225,98.113,0.286
27/01/2026 11:56:36 AM (UTC+1030),6278136.686,494259.822,98.071,0.286
27/01/2026 11:56:37 AM (UTC+1030),6278137.593,494259.442,98.106,0.286
27/01/2026 11:56:38 AM (UTC+1030),6278138.552,494259.155,98.105,0.286
27/01/2026 11:56:39 AM (UTC+1030),6278139.495,494258.926,98.089,0.286
27/01/2026 11:56:40 AM (UTC+1030),6278140.392,494258.653,98.11,0.286
27/01/2026 11:56:41 AM (UTC+1030),6278141.315,494258.189,98.069,0.286
27/01/2026 11:56:42 AM (UTC+1030),6278142.204,494257.744,98.085,0.286
27/01/2026 11:56:43 AM (UTC+1030),6278143.12,494257.431,98.056,0.288
27/01/2026 11:56:44 AM (UTC+1030),6278144.102,494257.145,98.089,0.288
27/01/2026 11:56:45 AM (UTC+1030),6278144.973,494256.779,98.09,0.288
27/01/2026 11:56:46 AM (UTC+1030),6278145.849,494256.368,98.044,0.288
27/01/2026 11:56:47 AM (UTC+1030),6278146.667,494255.988,98.071,0.288
27/01/2026 11:56:48 AM (UTC+1030),6278147.516,494255.67,98.062,0.288
27/01/2026 11:56:49 AM (UTC+1030),6278148.308,494255.255,98.05,0.288
27/01/2026 11:56:50 AM (UTC+1030),6278149.035,494254.813,98.065,0.288
27/01/2026 11:56:51 AM (UTC+1030),6278149.733,494254.472,98.056,0.289
27/01/2026 11:56:52 AM (UTC+1030),6278150.429,494254.307,98.036,0.289
27/01/2026 11:56:53 AM (UTC+1030),6278151.347,494254.038,98.053,0.289
27/01/2026 11:56:54 AM (UTC+1030),6278152.152,494253.757,98.021,0.289
27/01/2026 11:56:55 AM (UTC+1030),6278152.887,494253.422,98.06,0.289
27/01/2026 11:56:56 AM (UTC+1030),6278153.673,494253.1,98.039,0.289
27/01/2026 11:56:57 AM (UTC+1030),6278154.467,494252.781,98.003,0.289
27/01/2026 11:56:58 AM (UTC+1030),6278155.265,494252.464,98.042,0.291
27/01/2026 11:56:59 AM (UTC+1030),6278155.942,494252.198,98.003,0.291
27/01/2026 11:57:00 AM (UTC+1030),6278156.522,494252.013,98.004,0.291
27/01/2026 11:57:01 AM (UTC+1030),6278156.933,494251.743,98.008,0.291
27/01/2026 11:57:02 AM (UTC+1030),6278157.239,494251.751,98.014,0.291
27/01/2026 11:57:03 AM (UTC+1030),6278157.187,494251.508,98.02,0.291
27/01/2026 11:57:04 AM (UTC+1030),6278157.164,494251.497,98.02,0.291
27/01/2026 11:57:05 AM (UTC+1030),6278157.159,494251.49,98.025,0.293
27/01/2026 11:57:06 AM (UTC+1030),6278157.152,494251.598,98.018,0.293
27/01/2026 11:57:07 AM (UTC+1030),6278157.132,494251.592,98.018,0.293
27/01/2026 11:57:08 AM (UTC+1030),6278157.167,494251.629,98.013,0.293
27/01/2026 11:57:09 AM (UTC+1030),6278157.281,494251.672,98.003,0.293
27/01/2026 11:57:10 AM (UTC+1030),6278157.399,494251.429,98.017,0.293
27/01/2026 11:57:11 AM (UTC+1030),6278157.781,494251.293,97.989,0.294
27/01/2026 11:57:12 AM (UTC+1030),6278158.094,494251.155,97.99,0.294
27/01/2026 11:57:13 AM (UTC+1030),6278158.033,494251.155,97.993,0.294
27/01/2026 11:57:14 AM (UTC+1030),6278158.048,494251.216,97.984,0.294
27/01/2026 11:57:15 AM (UTC+1030),6278158.095,494251.166,97.984,0.294
27/01/2026 11:57:16 AM (UTC+1030),6278158,494251.257,97.987,0.294
27/01/2026 11:57:17 AM (UTC+1030),6278158.03,494251.226,97.988,0.294
27/01/2026 11:57:18 AM (UTC+1030),6278158.031,494251.177,97.993,0.296
27/01/2026 11:57:19 AM (UTC+1030),6278158.083,494250.959,97.988,0.296
27/01/2026 11:57:20 AM (UTC+1030),6278157.647,494250.319,97.948,0.296
27/01/2026 11:57:21 AM (UTC+1030),6278157.208,494249.655,97.947,0.296
27/01/2026 11:57:22 AM (UTC+1030),6278156.877,494249.012,97.909,0.296
27/01/2026 11:57:23 AM (UTC+1030),6278156.612,494248.489,97.891,0.296
27/01/2026 11:57:24 AM (UTC+1030),6278156.541,494248.365,97.897,0.296
27/01/2026 11:57:25 AM (UTC+1030),6278156.566,494248.378,97.895,0.296
27/01/2026 11:57:26 AM (UTC+1030),6278156.369,494247.987,97.828,0.297
27/01/2026 11:57:27 AM (UTC+1030),6278156.089,494247.166,97.83,0.297
27/01/2026 11:57:28 AM (UTC+1030),6278155.854,494246.467,97.795,0.297
27/01/2026 11:57:29 AM (UTC+1030),6278155.646,494245.956,97.815,0.297
27/01/2026 11:57:30 AM (UTC+1030),6278155.529,494245.4,97.763,0.297
27/01/2026 11:57:31 AM (UTC+1030),6278155.259,494244.755,97.748,0.297
27/01/2026 11:57:32 AM (UTC+1030),6278155.009,494244.051,97.767,0.297
27/01/2026 11:57:33 AM (UTC+1030),6278154.86,494243.399,97.718,0.297
27/01/2026 11:57:34 AM (UTC+1030),6278154.759,494242.733,97.735,0.297
27/01/2026 11:57:35 AM (UTC+1030),6278154.543,494242.265,97.73,0.297
27/01/2026 11:57:36 AM (UTC+1030),6278154.542,494242.196,97.716,0.297
27/01/2026 11:57:37 AM (UTC+1030),6278154.626,494242.247,97.717,0.297
27/01/2026 11:57:38 AM (UTC+1030),6278154.621,494242.288,97.714,0.299
27/01/2026 11:57:39 AM (UTC+1030),6278154.607,494242.254,97.714,0.299
27/01/2026 11:57:40 AM (UTC+1030),6278154.602,494242.241,97.714,0.299
27/01/2026 11:57:41 AM (UTC+1030),6278154.603,494242.285,97.719,0.299
27/01/2026 11:57:42 AM (UTC+1030),6278154.61,494242.267,97.72,0.298
27/01/2026 11:57:43 AM (UTC+1030),6278154.643,494242.225,97.724,0.298
27/01/2026 11:57:44 AM (UTC+1030),6278154.627,494242.298,97.718,0.298
27/01/2026 11:57:45 AM (UTC+1030),6278154.621,494242.365,97.696,0.298
27/01/2026 11:57:46 AM (UTC+1030),6278154.459,494242.327,97.713,0.298
27/01/2026 11:57:47 AM (UTC+1030),6278154.665,494242.287,97.71,0.299
27/01/2026 11:57:48 AM (UTC+1030),6278154.626,494242.351,97.701,0.299
27/01/2026 11:57:49 AM (UTC+1030),6278154.558,494242.359,97.701,0.299
27/01/2026 11:57:50 AM (UTC+1030),6278154.64,494242.328,97.699,0.299
27/01/2026 11:57:51 AM (UTC+1030),6278154.669,494242.321,97.697,0.299
27/01/2026 11:57:52 AM (UTC+1030),6278154.634,494242.3,97.701,0.299
27/01/2026 11:57:53 AM (UTC+1030),6278154.626,494242.318,97.699,0.301
27/01/2026 11:57:54 AM (UTC+1030),6278154.65,494242.328,97.695,0.301
27/01/2026 11:57:55 AM (UTC+1030),6278154.632,494242.311,97.699,0.301
27/01/2026 11:57:56 AM (UTC+1030),6278154.632,494242.322,97.697,0.301
27/01/2026 11:57:57 AM (UTC+1030),6278154.614,494242.293,97.702,0.303
27/01/2026 11:57:58 AM (UTC+1030),6278154.597,494242.287,97.704,0.303
27/01/2026 11:57:59 AM (UTC+1030),6278154.616,494242.322,97.7,0.303
27/01/2026 11:58:00 AM (UTC+1030),6278154.63,494242.299,97.702,0.303
27/01/2026 11:58:01 AM (UTC+1030),6278154.588,494242.315,97.704,0.304
27/01/2026 11:58:02 AM (UTC+1030),6278154.589,494242.302,97.705,0.304
27/01/2026 11:58:03 AM (UTC+1030),6278154.616,494242.301,97.71,0.304
27/01/2026 11:58:04 AM (UTC+1030),6278154.632,494242.301,97.704,0.304
27/01/2026 11:58:05 AM (UTC+1030),6278154.617,494242.276,97.708,0.304
27/01/2026 11:58:06 AM (UTC+1030),6278154.612,494242.276,97.71,0.306
27/01/2026 11:58:07 AM (UTC+1030),6278154.625,494242.251,97.711,0.306
27/01/2026 11:58:08 AM (UTC+1030),6278154.635,494242.266,97.709,0.306
27/01/2026 11:58:09 AM (UTC+1030),6278154.633,494242.292,97.711,0.306
27/01/2026 11:58:10 AM (UTC+1030),6278154.609,494242.312,97.711,0.306
27/01/2026 11:58:11 AM (UTC+1030),6278154.582,494242.294,97.714,0.307
27/01/2026 11:58:12 AM (UTC+1030),6278154.581,494242.265,97.719,0.307
27/01/2026 11:58:13 AM (UTC+1030),6278154.609,494242.233,97.719,0.307
27/01/2026 11:58:14 AM (UTC+1030),6278154.661,494242.224,97.717,0.307
27/01/2026 11:58:15 AM (UTC+1030),6278154.631,494242.246,97.717,0.307
27/01/2026 11:58:16 AM (UTC+1030),6278154.609,494242.21,97.72,0.309
27/01/2026 11:58:17 AM (UTC+1030),6278154.626,494242.24,97.721,0.309
27/01/2026 11:58:18 AM (UTC+1030),6278154.6,494242.287,97.714,0.309
27/01/2026 11:58:19 AM (UTC+1030),6278154.584,494242.295,97.709,0.309
27/01/2026 11:58:20 AM (UTC+1030),6278154.592,494242.318,97.705,0.309
27/01/2026 11:58:21 AM (UTC+1030),6278154.609,494242.307,97.708,0.311
27/01/2026 11:58:22 AM (UTC+1030),6278154.613,494242.294,97.708,0.311
27/01/2026 11:58:23 AM (UTC+1030),6278154.604,494242.3,97.708,0.311
27/01/2026 11:58:24 AM (UTC+1030),6278154.586,494242.297,97.707,0.311
27/01/2026 11:58:25 AM (UTC+1030),6278154.585,494242.305,97.706,0.312
27/01/2026 11:58:26 AM (UTC+1030),6278154.6,494242.32,97.7,0.312
27/01/2026 11:58:27 AM (UTC+1030),6278154.592,494242.291,97.703,0.312
27/01/2026 11:58:28 AM (UTC+1030),6278154.612,494242.274,97.706,0.312
27/01/2026 11:58:29 AM (UTC+1030),6278154.635,494242.279,97.704,0.312
27/01/2026 11:58:30 AM (UTC+1030),6278154.645,494242.309,97.702,0.314
27/01/2026 11:58:31 AM (UTC+1030),6278154.638,494242.33,97.699,0.314
27/01/2026 11:58:32 AM (UTC+1030),6278154.619,494242.319,97.7,0.314
27/01/2026 11:58:33 AM (UTC+1030),6278154.612,494242.314,97.701,0.314
27/01/2026 11:58:34 AM (UTC+1030),6278154.621,494242.306,97.704,0.314
27/01/2026 11:58:35 AM (UTC+1030),6278154.628,494242.296,97.706,0.315
27/01/2026 11:58:36 AM (UTC+1030),6278154.623,494242.302,97.703,0.315
27/01/2026 11:58:37 AM (UTC+1030),6278154.628,494242.33,97.699,0.315
27/01/2026 11:58:38 AM (UTC+1030),6278154.639,494242.313,97.7,0.315
27/01/2026 11:58:39 AM (UTC+1030),6278154.613,494242.306,97.701,0.317
27/01/2026 11:58:40 AM (UTC+1030),6278154.603,494242.311,97.702,0.317
27/01/2026 11:58:41 AM (UTC+1030),6278154.598,494242.301,97.704,0.317
27/01/2026 11:58:42 AM (UTC+1030),6278154.592,494242.278,97.709,0.317
27/01/2026 11:58:43 AM (UTC+1030),6278154.581,494242.288,97.709,0.317
27/01/2026 11:58:44 AM (UTC+1030),6278154.565,494242.306,97.705,0.319
27/01/2026 11:58:45 AM (UTC+1030),6278154.586,494242.313,97.7,0.319
27/01/2026 11:58:46 AM (UTC+1030),6278154.605,494242.323,97.702,0.319
27/01/2026 11:58:47 AM (UTC+1030),6278154.622,494242.336,97.7,0.319
27/01/2026 11:58:48 AM (UTC+1030),6278154.619,494242.325,97.701,0.319
27/01/2026 11:58:49 AM (UTC+1030),6278154.639,494242.32,97.701,0.32
27/01/2026 11:58:50 AM (UTC+1030),6278154.645,494242.313,97.706,0.32
27/01/2026 11:58:51 AM (UTC+1030),6278154.641,494242.318,97.699,0.32
27/01/2026 11:58:52 AM (UTC+1030),6278154.633,494242.339,97.698,0.322
27/01/2026 11:58:53 AM (UTC+1030),6278154.617,494242.345,97.696,0.322
27/01/2026 11:58:54 AM (UTC+1030),6278154.604,494242.342,97.696,0.322
27/01/2026 11:58:55 AM (UTC+1030),6278154.59,494242.337,97.696,0.322
27/01/2026 11:58:56 AM (UTC+1030),6278154.598,494242.341,97.695,0.323
27/01/2026 11:58:57 AM (UTC+1030),6278154.598,494242.337,97.696,0.323
27/01/2026 11:58:58 AM (UTC+1030),6278154.599,494242.332,97.697,0.323
27/01/2026 11:58:59 AM (UTC+1030),6278154.601,494242.349,97.695,0.323
27/01/2026 11:59:00 AM (UTC+1030),6278154.596,494242.348,97.694,0.323
27/01/2026 11:59:01 AM (UTC+1030),6278154.598,494242.32,97.697,0.325
27/01/2026 11:59:02 AM (UTC+1030),6278154.61,494242.333,97.693,0.325
27/01/2026 11:59:03 AM (UTC+1030),6278154.607,494242.338,97.692,0.325
27/01/2026 11:59:04 AM (UTC+1030),6278154.617,494242.332,97.693,0.325
27/01/2026 11:59:05 AM (UTC+1030),6278154.623,494242.313,97.696,0.325
27/01/2026 11:59:06 AM (UTC+1030),6278154.6,494242.346,97.694,0.326
27/01/2026 11:59:07 AM (UTC+1030),6278154.591,494242.367,97.694,0.326
27/01/2026 11:59:08 AM (UTC+1030),6278154.604,494242.358,97.692,0.326
27/01/2026 11:59:09 AM (UTC+1030),6278154.62,494242.36,97.69,0.326
27/01/2026 11:59:10 AM (UTC+1030),6278154.609,494242.349,97.69,0.326
27/01/2026 11:59:11 AM (UTC+1030),6278154.621,494242.344,97.69,0.328
27/01/2026 11:59:12 AM (UTC+1030),6278154.639,494242.337,97.69,0.328
27/01/2026 11:59:13 AM (UTC+1030),6278154.615,494242.365,97.689,0.328
27/01/2026 11:59:14 AM (UTC+1030),6278154.599,494242.367,97.689,0.328
27/01/2026 11:59:15 AM (UTC+1030),6278154.6,494242.347,97.692,0.33
27/01/2026 11:59:16 AM (UTC+1030),6278154.591,494242.348,97.692,0.33
27/01/2026 11:59:17 AM (UTC+1030),6278154.612,494242.362,97.691,0.33
27/01/2026 11:59:18 AM (UTC+1030),6278154.595,494242.351,97.691,0.33
27/01/2026 11:59:19 AM (UTC+1030),6278154.578,494242.359,97.69,0.33
27/01/2026 11:59:20 AM (UTC+1030),6278154.57,494242.349,97.69,0.331
27/01/2026 11:59:21 AM (UTC+1030),6278154.579,494242.351,97.69,0.328
27/01/2026 11:59:22 AM (UTC+1030),6278154.57,494242.357,97.688,0.328
27/01/2026 11:59:23 AM (UTC+1030),6278154.559,494242.344,97.688,0.328
27/01/2026 11:59:24 AM (UTC+1030),6278154.561,494242.347,97.687,0.328
27/01/2026 11:59:25 AM (UTC+1030),6278154.573,494242.354,97.686,0.33
27/01/2026 11:59:26 AM (UTC+1030),6278154.586,494242.362,97.685,0.33
27/01/2026 11:59:27 AM (UTC+1030),6278154.573,494242.356,97.687,0.33
27/01/2026 11:59:28 AM (UTC+1030),6278154.577,494242.357,97.686,0.33
27/01/2026 11:59:29 AM (UTC+1030),6278154.583,494242.354,97.685,0.33
27/01/2026 11:59:30 AM (UTC+1030),6278154.583,494242.364,97.682,0.331
27/01/2026 11:59:31 AM (UTC+1030),6278154.585,494242.364,97.683,0.331
27/01/2026 11:59:32 AM (UTC+1030),6278154.583,494242.356,97.686,0.331
27/01/2026 11:59:33 AM (UTC+1030),6278154.616,494242.363,97.687,0.331
27/01/2026 11:59:34 AM (UTC+1030),6278154.611,494242.342,97.689,0.331
27/01/2026 11:59:35 AM (UTC+1030),6278154.581,494242.341,97.688,0.333
27/01/2026 11:59:36 AM (UTC+1030),6278154.591,494242.358,97.687,0.333
27/01/2026 11:59:37 AM (UTC+1030),6278154.595,494242.358,97.687,0.333
27/01/2026 11:59:38 AM (UTC+1030),6278154.594,494242.357,97.691,0.333
27/01/2026 11:59:39 AM (UTC+1030),6278154.575,494242.358,97.687,0.334
27/01/2026 11:59:40 AM (UTC+1030),6278154.593,494242.362,97.685,0.334
27/01/2026 11:59:41 AM (UTC+1030),6278154.613,494242.379,97.683,0.334
27/01/2026 11:59:42 AM (UTC+1030),6278154.632,494242.372,97.684,0.334
27/01/2026 11:59:43 AM (UTC+1030),6278154.581,494242.355,97.684,0.334
27/01/2026 11:59:44 AM (UTC+1030),6278154.577,494242.36,97.681,0.336
27/01/2026 11:59:45 AM (UTC+1030),6278154.595,494242.38,97.679,0.336
27/01/2026 11:59:46 AM (UTC+1030),6278154.621,494242.375,97.678,0.336
27/01/2026 11:59:47 AM (UTC+1030),6278154.618,494242.397,97.675,0.336
27/01/2026 11:59:48 AM (UTC+1030),6278154.587,494242.403,97.675,0.336
27/01/2026 11:59:49 AM (UTC+1030),6278154.611,494242.361,97.679,0.338
27/01/2026 11:59:50 AM (UTC+1030),6278154.613,494242.369,97.679,0.338
27/01/2026 11:59:51 AM (UTC+1030),6278154.616,494242.389,97.676,0.338
27/01/2026 11:59:52 AM (UTC+1030),6278154.678,494242.395,97.678,0.338
27/01/2026 11:59:53 AM (UTC+1030),6278154.729,494242.378,97.691,0.338
27/01/2026 11:59:54 AM (UTC+1030),6278154.643,494242.348,97.687,0.339
27/01/2026 11:59:55 AM (UTC+1030),6278154.613,494242.364,97.681,0.339
27/01/2026 11:59:56 AM (UTC+1030),6278154.59,494242.384,97.676,0.339
27/01/2026 11:59:57 AM (UTC+1030),6278154.598,494242.4,97.674,0.339
27/01/2026 11:59:58 AM (UTC+1030),6278154.588,494242.403,97.674,0.339
27/01/2026 11:59:59 AM (UTC+1030),6278154.584,494242.384,97.676,0.341
27/01/2026 12:00:00 PM (UTC+1030),6278154.585,494242.402,97.674,0.341
27/01/2026 12:00:01 PM (UTC+1030),6278154.585,494242.4,97.674,0.341
27/01/2026 12:00:02 PM (UTC+1030),6278154.606,494242.423,97.672,0.341
27/01/2026 12:00:03 PM (UTC+1030),6278154.534,494242.423,97.681,0.341
27/01/2026 12:00:04 PM (UTC+1030),6278154.568,494242.391,97.682,0.342
27/01/2026 12:00:05 PM (UTC+1030),6278154.569,494242.387,97.683,0.342
27/01/2026 12:00:06 PM (UTC+1030),6278154.58,494242.394,97.681,0.342
27/01/2026 12:00:07 PM (UTC+1030),6278154.557,494242.392,97.682,0.342
27/01/2026 12:00:08 PM (UTC+1030),6278154.57,494242.399,97.68,0.342
27/01/2026 12:00:09 PM (UTC+1030),6278154.552,494242.411,97.678,0.342
27/01/2026 12:00:10 PM (UTC+1030),6278154.565,494242.427,97.677,0.344
27/01/2026 12:00:11 PM (UTC+1030),6278154.571,494242.405,97.681,0.344
27/01/2026 12:00:12 PM (UTC+1030),6278154.579,494242.413,97.682,0.344
27/01/2026 12:00:13 PM (UTC+1030),6278154.572,494242.406,97.685,0.344
27/01/2026 12:00:14 PM (UTC+1030),6278154.581,494242.411,97.685,0.344
27/01/2026 12:00:15 PM (UTC+1030),6278154.574,494242.396,97.685,0.345
27/01/2026 12:00:16 PM (UTC+1030),6278154.572,494242.401,97.684,0.345
27/01/2026 12:00:17 PM (UTC+1030),6278154.584,494242.421,97.68,0.345
27/01/2026 12:00:18 PM (UTC+1030),6278154.587,494242.419,97.68,0.345
27/01/2026 12:00:19 PM (UTC+1030),6278154.593,494242.411,97.681,0.345
27/01/2026 12:00:20 PM (UTC+1030),6278154.626,494242.442,97.676,0.345
27/01/2026 12:00:21 PM (UTC+1030),6278154.631,494242.458,97.666,0.347
27/01/2026 12:00:22 PM (UTC+1030),6278154.614,494242.438,97.671,0.347
27/01/2026 12:00:23 PM (UTC+1030),6278154.604,494242.436,97.672,0.347
27/01/2026 12:00:24 PM (UTC+1030),6278154.614,494242.428,97.673,0.347
27/01/2026 12:00:25 PM (UTC+1030),6278154.605,494242.431,97.673,0.347
27/01/2026 12:00:26 PM (UTC+1030),6278154.604,494242.435,97.672,0.349
27/01/2026 12:00:27 PM (UTC+1030),6278154.604,494242.441,97.67,0.349
27/01/2026 12:00:28 PM (UTC+1030),6278154.606,494242.427,97.673,0.349
27/01/2026 12:00:29 PM (UTC+1030),6278154.617,494242.449,97.669,0.349
27/01/2026 12:00:30 PM (UTC+1030),6278154.6,494242.44,97.669,0.349
27/01/2026 12:00:31 PM (UTC+1030),6278154.615,494242.436,97.667,0.35
27/01/2026 12:00:32 PM (UTC+1030),6278154.617,494242.441,97.665,0.35
27/01/2026 12:00:33 PM (UTC+1030),6278154.617,494242.437,97.666,0.35
27/01/2026 12:00:34 PM (UTC+1030),6278154.607,494242.424,97.67,0.35
27/01/2026 12:00:35 PM (UTC+1030),6278154.675,494242.362,97.671,0.35
27/01/2026 12:00:36 PM (UTC+1030),6278154.588,494242.469,97.669,0.352
27/01/2026 12:00:37 PM (UTC+1030),6278154.472,494242.506,97.663,0.352
27/01/2026 12:00:38 PM (UTC+1030),6278154.682,494242.444,97.663,0.352
27/01/2026 12:00:39 PM (UTC+1030),6278154.651,494242.433,97.661,0.352
27/01/2026 12:00:40 PM (UTC+1030),6278154.445,494242.503,97.659,0.352
27/01/2026 12:00:41 PM (UTC+1030),6278154.546,494242.495,97.664,0.352
27/01/2026 12:00:42 PM (UTC+1030),6278154.614,494242.465,97.661,0.352
27/01/2026 12:00:43 PM (UTC+1030),6278154.623,494242.457,97.662,0.352
27/01/2026 12:00:44 PM (UTC+1030),6278154.623,494242.434,97.665,0.353
27/01/2026 12:00:45 PM (UTC+1030),6278154.653,494242.43,97.665,0.353
27/01/2026 12:00:46 PM (UTC+1030),6278154.655,494242.436,97.661,0.353
27/01/2026 12:00:47 PM (UTC+1030),6278154.619,494242.417,97.662,0.353
27/01/2026 12:00:48 PM (UTC+1030),6278154.603,494242.423,97.661,0.353
27/01/2026 12:00:49 PM (UTC+1030),6278154.594,494242.425,97.661,0.355
27/01/2026 12:00:50 PM (UTC+1030),6278154.604,494242.413,97.662,0.355
27/01/2026 12:00:51 PM (UTC+1030),6278154.619,494242.437,97.657,0.355
27/01/2026 12:00:52 PM (UTC+1030),6278154.606,494242.43,97.657,0.355
27/01/2026 12:00:53 PM (UTC+1030),6278154.55,494242.419,97.672,0.355
27/01/2026 12:00:54 PM (UTC+1030),6278154.625,494242.431,97.678,0.356
27/01/2026 12:00:55 PM (UTC+1030),6278154.692,494242.41,97.68,0.356
27/01/2026 12:00:56 PM (UTC+1030),6278154.629,494242.48,97.67,0.356
27/01/2026 12:00:57 PM (UTC+1030),6278154.605,494242.476,97.668,0.356
27/01/2026 12:00:58 PM (UTC+1030),6278154.653,494242.478,97.671,0.356
27/01/2026 12:00:59 PM (UTC+1030),6278154.612,494242.489,97.669,0.356
27/01/2026 12:01:00 PM (UTC+1030),6278154.623,494242.487,97.673,0.358
27/01/2026 12:01:01 PM (UTC+1030),6278154.632,494242.456,97.679,0.358
27/01/2026 12:01:02 PM (UTC+1030),6278154.603,494242.475,97.673,0.358
27/01/2026 12:01:03 PM (UTC+1030),6278154.585,494242.464,97.672,0.358
27/01/2026 12:01:04 PM (UTC+1030),6278154.547,494242.469,97.674,0.358
27/01/2026 12:01:05 PM (UTC+1030),6278154.604,494242.447,97.677,0.36
27/01/2026 12:01:06 PM (UTC+1030),6278154.646,494242.427,97.679,0.36
27/01/2026 12:01:07 PM (UTC+1030),6278154.618,494242.479,97.674,0.36
27/01/2026 12:01:08 PM (UTC+1030),6278154.618,494242.475,97.669,0.36
27/01/2026 12:01:09 PM (UTC+1030),6278154.563,494242.489,97.672,0.361
27/01/2026 12:01:10 PM (UTC+1030),6278154.534,494242.482,97.674,0.361
27/01/2026 12:01:11 PM (UTC+1030),6278154.591,494242.459,97.675,0.361
27/01/2026 12:01:12 PM (UTC+1030),6278154.514,494242.525,97.672,0.361
27/01/2026 12:01:13 PM (UTC+1030),6278154.525,494242.499,97.673,0.361
27/01/2026 12:01:14 PM (UTC+1030),6278154.56,494242.485,97.673,0.363
27/01/2026 12:01:15 PM (UTC+1030),6278154.64,494242.438,97.674,0.363
27/01/2026 12:01:16 PM (UTC+1030),6278154.671,494242.434,97.674,0.363
27/01/2026 12:01:17 PM (UTC+1030),6278154.752,494242.399,97.674,0.363
27/01/2026 12:01:18 PM (UTC+1030),6278154.692,494242.39,97.682,0.363
27/01/2026 12:01:19 PM (UTC+1030),6278154.656,494242.356,97.688,0.364
27/01/2026 12:01:20 PM (UTC+1030),6278154.653,494242.379,97.685,0.364
27/01/2026 12:01:21 PM (UTC+1030),6278154.641,494242.367,97.687,0.364
27/01/2026 12:01:22 PM (UTC+1030),6278154.627,494242.403,97.687,0.364
27/01/2026 12:01:23 PM (UTC+1030),6278154.624,494242.424,97.685,0.364
27/01/2026 12:01:24 PM (UTC+1030),6278154.673,494242.409,97.685,0.366
27/01/2026 12:01:25 PM (UTC+1030),6278154.639,494242.427,97.683,0.366
27/01/2026 12:01:26 PM (UTC+1030),6278154.642,494242.494,97.668,0.366
27/01/2026 12:01:27 PM (UTC+1030),6278154.652,494242.448,97.679,0.366
27/01/2026 12:01:28 PM (UTC+1030),6278154.669,494242.46,97.679,0.367
27/01/2026 12:01:29 PM (UTC+1030),6278154.653,494242.45,97.681,0.367
27/01/2026 12:01:30 PM (UTC+1030),6278154.614,494242.485,97.675,0.367
27/01/2026 12:01:31 PM (UTC+1030),6278154.617,494242.469,97.678,0.364
27/01/2026 12:01:32 PM (UTC+1030),6278154.626,494242.472,97.678,0.365
27/01/2026 12:01:33 PM (UTC+1030),6278154.627,494242.47,97.676,0.365
27/01/2026 12:01:34 PM (UTC+1030),6278154.605,494242.456,97.68,0.365
27/01/2026 12:01:35 PM (UTC+1030),6278154.614,494242.471,97.678,0.365
27/01/2026 12:01:36 PM (UTC+1030),6278154.626,494242.46,97.678,0.365
27/01/2026 12:01:37 PM (UTC+1030),6278154.64,494242.461,97.676,0.367
27/01/2026 12:01:38 PM (UTC+1030),6278154.624,494242.468,97.675,0.367
27/01/2026 12:01:39 PM (UTC+1030),6278154.633,494242.465,97.673,0.367
27/01/2026 12:01:40 PM (UTC+1030),6278154.63,494242.458,97.674,0.367
27/01/2026 12:01:41 PM (UTC+1030),6278154.62,494242.445,97.677,0.369
27/01/2026 12:01:42 PM (UTC+1030),6278154.603,494242.459,97.676,0.369
27/01/2026 12:01:43 PM (UTC+1030),6278154.649,494242.452,97.671,0.369
27/01/2026 12:01:44 PM (UTC+1030),6278154.65,494242.462,97.67,0.369
27/01/2026 12:01:45 PM (UTC+1030),6278154.639,494242.465,97.672,0.369
27/01/2026 12:01:46 PM (UTC+1030),6278154.613,494242.483,97.671,0.369
27/01/2026 12:01:47 PM (UTC+1030),6278154.616,494242.494,97.671,0.37
27/01/2026 12:01:48 PM (UTC+1030),6278154.619,494242.47,97.673,0.37
27/01/2026 12:01:49 PM (UTC+1030),6278154.616,494242.457,97.674,0.37
27/01/2026 12:01:50 PM (UTC+1030),6278154.493,494242.233,97.68,0.37
27/01/2026 12:01:51 PM (UTC+1030),6278154.367,494241.578,97.635,0.37
27/01/2026 12:01:52 PM (UTC+1030),6278154.202,494240.99,97.641,0.37
27/01/2026 12:01:53 PM (UTC+1030),6278153.928,494240.49,97.63,0.372
27/01/2026 12:01:54 PM (UTC+1030),6278153.885,494239.959,97.603,0.372
27/01/2026 12:01:55 PM (UTC+1030),6278153.662,494239.383,97.589,0.372
27/01/2026 12:01:56 PM (UTC+1030),6278153.44,494238.787,97.58,0.372
27/01/2026 12:01:57 PM (UTC+1030),6278153.47,494238.181,97.55,0.372
27/01/2026 12:01:58 PM (UTC+1030),6278153.289,494237.562,97.526,0.372
27/01/2026 12:01:59 PM (UTC+1030),6278153.008,494236.967,97.547,0.372
27/01/2026 12:02:00 PM (UTC+1030),6278152.859,494236.352,97.509,0.372
27/01/2026 12:02:01 PM (UTC+1030),6278152.601,494235.778,97.488,0.372
27/01/2026 12:02:02 PM (UTC+1030),6278152.399,494235.224,97.489,0.372
27/01/2026 12:02:03 PM (UTC+1030),6278152.326,494234.565,97.486,0.372
27/01/2026 12:02:04 PM (UTC+1030),6278152.101,494233.861,97.418,0.372
27/01/2026 12:02:05 PM (UTC+1030),6278151.855,494233.091,97.425,0.373
27/01/2026 12:02:06 PM (UTC+1030),6278151.677,494232.353,97.374,0.373
27/01/2026 12:02:07 PM (UTC+1030),6278151.562,494231.637,97.365,0.373
27/01/2026 12:02:08 PM (UTC+1030),6278151.296,494230.984,97.353,0.373
27/01/2026 12:02:09 PM (UTC+1030),6278151.118,494230.316,97.325,0.373
27/01/2026 12:02:10 PM (UTC+1030),6278150.993,494229.696,97.316,0.373
27/01/2026 12:02:11 PM (UTC+1030),6278150.753,494228.958,97.271,0.373
27/01/2026 12:02:12 PM (UTC+1030),6278150.464,494228.296,97.306,0.373
27/01/2026 12:02:13 PM (UTC+1030),6278150.29,494227.618,97.253,0.373
27/01/2026 12:02:14 PM (UTC+1030),6278150.02,494227.002,97.25,0.373
27/01/2026 12:02:15 PM (UTC+1030),6278149.795,494226.486,97.266,0.373
27/01/2026 12:02:16 PM (UTC+1030),6278149.729,494226.006,97.269,0.373
27/01/2026 12:02:17 PM (UTC+1030),6278149.573,494225.411,97.233,0.373
27/01/2026 12:02:18 PM (UTC+1030),6278149.414,494224.776,97.241,0.375
27/01/2026 12:02:19 PM (UTC+1030),6278149.33,494224.139,97.221,0.375
27/01/2026 12:02:20 PM (UTC+1030),6278149.121,494223.523,97.235,0.375
27/01/2026 12:02:21 PM (UTC+1030),6278148.87,494222.98,97.207,0.375
27/01/2026 12:02:22 PM (UTC+1030),6278148.672,494222.407,97.223,0.375
27/01/2026 12:02:23 PM (UTC+1030),6278148.603,494221.814,97.207,0.375
27/01/2026 12:02:24 PM (UTC+1030),6278148.334,494221.223,97.182,0.375
27/01/2026 12:02:25 PM (UTC+1030),6278148.046,494220.553,97.217,0.375
27/01/2026 12:02:26 PM (UTC+1030),6278147.834,494219.899,97.181,0.375
27/01/2026 12:02:27 PM (UTC+1030),6278147.71,494219.28,97.193,0.375
27/01/2026 12:02:28 PM (UTC+1030),6278147.438,494218.677,97.177,0.375
27/01/2026 12:02:29 PM (UTC+1030),6278147.349,494218.093,97.15,0.375
27/01/2026 12:02:30 PM (UTC+1030),6278147.211,494217.528,97.152,0.376
27/01/2026 12:02:31 PM (UTC+1030),6278146.94,494216.888,97.114,0.376
27/01/2026 12:02:32 PM (UTC+1030),6278146.697,494216.144,97.12,0.376
27/01/2026 12:02:33 PM (UTC+1030),6278146.454,494215.425,97.097,0.376
27/01/2026 12:02:34 PM (UTC+1030),6278146.269,494214.744,97.09,0.376
27/01/2026 12:02:35 PM (UTC+1030),6278146.05,494213.947,97.066,0.376
27/01/2026 12:02:36 PM (UTC+1030),6278145.87,494213.249,97.034,0.376
27/01/2026 12:02:37 PM (UTC+1030),6278145.66,494212.458,96.995,0.376
27/01/2026 12:02:38 PM (UTC+1030),6278145.384,494211.7,97.025,0.376
27/01/2026 12:02:39 PM (UTC+1030),6278145.159,494211.053,96.977,0.376
27/01/2026 12:02:40 PM (UTC+1030),6278144.999,494210.364,97,0.376
27/01/2026 12:02:41 PM (UTC+1030),6278144.895,494209.645,96.933,0.376
27/01/2026 12:02:42 PM (UTC+1030),6278144.751,494208.915,96.965,0.376
27/01/2026 12:02:43 PM (UTC+1030),6278144.494,494208.36,96.897,0.376
27/01/2026 12:02:44 PM (UTC+1030),6278144.203,494207.64,96.945,0.378
27/01/2026 12:02:45 PM (UTC+1030),6278143.944,494206.97,96.891,0.378
27/01/2026 12:02:46 PM (UTC+1030),6278143.767,494206.239,96.873,0.378
27/01/2026 12:02:47 PM (UTC+1030),6278143.491,494205.559,96.857,0.378
27/01/2026 12:02:48 PM (UTC+1030),6278143.226,494205.021,96.822,0.378
27/01/2026 12:02:49 PM (UTC+1030),6278143.019,494204.411,96.826,0.378
27/01/2026 12:02:50 PM (UTC+1030),6278142.904,494203.722,96.783,0.378
27/01/2026 12:02:51 PM (UTC+1030),6278142.706,494203.064,96.8,0.378
27/01/2026 12:02:52 PM (UTC+1030),6278142.414,494202.406,96.749,0.378
27/01/2026 12:02:53 PM (UTC+1030),6278142.091,494201.788,96.752,0.378
27/01/2026 12:02:54 PM (UTC+1030),6278141.98,494201.104,96.738,0.378
27/01/2026 12:02:55 PM (UTC+1030),6278141.798,494200.398,96.718,0.378
27/01/2026 12:02:56 PM (UTC+1030),6278141.488,494199.647,96.716,0.378
27/01/2026 12:02:57 PM (UTC+1030),6278141.147,494198.921,96.646,0.378
27/01/2026 12:02:58 PM (UTC+1030),6278140.857,494198.221,96.679,0.38
27/01/2026 12:02:59 PM (UTC+1030),6278140.62,494197.455,96.647,0.38
27/01/2026 12:03:00 PM (UTC+1030),6278140.401,494196.717,96.612,0.38
27/01/2026 12:03:01 PM (UTC+1030),6278140.169,494195.927,96.604,0.38
27/01/2026 12:03:02 PM (UTC+1030),6278139.855,494195.141,96.56,0.38
27/01/2026 12:03:03 PM (UTC+1030),6278139.594,494194.379,96.566,0.38
27/01/2026 12:03:04 PM (UTC+1030),6278139.28,494193.62,96.505,0.38
27/01/2026 12:03:05 PM (UTC+1030),6278139.034,494192.846,96.518,0.38
27/01/2026 12:03:06 PM (UTC+1030),6278138.8,494192.022,96.492,0.38
27/01/2026 12:03:07 PM (UTC+1030),6278138.477,494191.291,96.463,0.38
27/01/2026 12:03:08 PM (UTC+1030),6278138.202,494190.482,96.454,0.38
27/01/2026 12:03:09 PM (UTC+1030),6278138.042,494189.712,96.424,0.38
27/01/2026 12:03:10 PM (UTC+1030),6278137.806,494188.977,96.434,0.38
27/01/2026 12:03:11 PM (UTC+1030),6278137.533,494188.21,96.406,0.38
27/01/2026 12:03:12 PM (UTC+1030),6278137.321,494187.465,96.408,0.381
27/01/2026 12:03:13 PM (UTC+1030),6278137.167,494186.726,96.347,0.381
27/01/2026 12:03:14 PM (UTC+1030),6278136.987,494186.046,96.381,0.381
27/01/2026 12:03:15 PM (UTC+1030),6278136.818,494185.388,96.334,0.381
27/01/2026 12:03:16 PM (UTC+1030),6278136.591,494184.68,96.357,0.381
27/01/2026 12:03:17 PM (UTC+1030),6278136.375,494183.983,96.349,0.381
27/01/2026 12:03:18 PM (UTC+1030),6278136.216,494183.269,96.314,0.381
27/01/2026 12:03:19 PM (UTC+1030),6278136.01,494182.538,96.305,0.381
27/01/2026 12:03:20 PM (UTC+1030),6278135.704,494181.745,96.275,0.381
27/01/2026 12:03:21 PM (UTC+1030),6278135.458,494180.987,96.289,0.381
27/01/2026 12:03:22 PM (UTC+1030),6278135.263,494180.304,96.238,0.381
27/01/2026 12:03:23 PM (UTC+1030),6278135.02,494179.573,96.248,0.381
27/01/2026 12:03:24 PM (UTC+1030),6278134.731,494178.941,96.214,0.381
27/01/2026 12:03:25 PM (UTC+1030),6278134.488,494178.361,96.234,0.381
27/01/2026 12:03:26 PM (UTC+1030),6278134.371,494177.707,96.168,0.383
27/01/2026 12:03:27 PM (UTC+1030),6278134.275,494177.06,96.19,0.383
27/01/2026 12:03:28 PM (UTC+1030),6278134.141,494176.429,96.149,0.383
27/01/2026 12:03:29 PM (UTC+1030),6278133.909,494175.758,96.164,0.383
27/01/2026 12:03:30 PM (UTC+1030),6278133.748,494175.086,96.117,0.383
27/01/2026 12:03:31 PM (UTC+1030),6278133.676,494174.446,96.129,0.383
27/01/2026 12:03:32 PM (UTC+1030),6278133.499,494173.72,96.113,0.383
27/01/2026 12:03:33 PM (UTC+1030),6278133.244,494173.01,96.112,0.383
27/01/2026 12:03:34 PM (UTC+1030),6278133.015,494172.318,96.1,0.383
27/01/2026 12:03:35 PM (UTC+1030),6278132.822,494171.587,96.079,0.383
27/01/2026 12:03:36 PM (UTC+1030),6278132.68,494170.863,96.082,0.383
27/01/2026 12:03:37 PM (UTC+1030),6278132.424,494170.158,96.046,0.383
27/01/2026 12:03:38 PM (UTC+1030),6278132.214,494169.487,96.056,0.383
27/01/2026 12:03:39 PM (UTC+1030),6278132.055,494168.744,96.022,0.384
27/01/2026 12:03:40 PM (UTC+1030),6278131.715,494167.905,95.748,0.42
27/01/2026 12:03:41 PM (UTC+1030),6278131.504,494167.101,95.687,0.42
27/01/2026 12:03:42 PM (UTC+1030),6278131.293,494166.359,95.691,0.403
27/01/2026 12:03:43 PM (UTC+1030),6278131.081,494165.577,95.64,0.403
27/01/2026 12:03:44 PM (UTC+1030),6278130.866,494164.782,95.666,0.381
27/01/2026 12:03:45 PM (UTC+1030),6278130.643,494163.976,95.621,0.381
27/01/2026 12:03:46 PM (UTC+1030),6278130.394,494163.233,95.622,0.355
27/01/2026 12:03:47 PM (UTC+1030),6278130.241,494162.474,95.609,0.355
27/01/2026 12:03:48 PM (UTC+1030),6278130.175,494161.697,95.585,0.344
27/01/2026 12:03:49 PM (UTC+1030),6278130.046,494160.89,95.57,0.344
27/01/2026 12:03:50 PM (UTC+1030),6278129.798,494160.112,95.532,0.337
27/01/2026 12:03:51 PM (UTC+1030),6278129.495,494159.301,95.543,0.337
27/01/2026 12:03:52 PM (UTC+1030),6278129.344,494158.528,95.479,0.327
27/01/2026 12:03:53 PM (UTC+1030),6278129.145,494157.763,95.508,0.327
27/01/2026 12:03:54 PM (UTC+1030),6278128.809,494157.002,95.457,0.305
27/01/2026 12:03:55 PM (UTC+1030),6278128.515,494156.333,95.468,0.305
27/01/2026 12:03:56 PM (UTC+1030),6278128.409,494155.613,95.446,0.283
27/01/2026 12:03:57 PM (UTC+1030),6278128.289,494154.849,95.438,0.283
27/01/2026 12:03:58 PM (UTC+1030),6278128.075,494154.079,95.417,0.284
27/01/2026 12:03:59 PM (UTC+1030),6278127.886,494153.262,95.384,0.284
27/01/2026 12:04:00 PM (UTC+1030),6278127.616,494152.488,95.391,0.271
27/01/2026 12:04:01 PM (UTC+1030),6278127.293,494151.742,95.376,0.271
27/01/2026 12:04:02 PM (UTC+1030),6278127.09,494151.073,95.367,0.26
27/01/2026 12:04:03 PM (UTC+1030),6278126.902,494150.29,95.347,0.26
27/01/2026 12:04:04 PM (UTC+1030),6278126.676,494149.47,95.294,0.243
27/01/2026 12:04:05 PM (UTC+1030),6278126.407,494148.644,95.312,0.236
27/01/2026 12:04:06 PM (UTC+1030),6278126.179,494147.811,95.28,0.238
27/01/2026 12:04:07 PM (UTC+1030),6278126.036,494147.056,95.273,0.238
27/01/2026 12:04:08 PM (UTC+1030),6278125.772,494146.293,95.262,0.233
27/01/2026 12:04:09 PM (UTC+1030),6278125.494,494145.545,95.224,0.233
27/01/2026 12:04:10 PM (UTC+1030),6278125.228,494144.815,95.25,0.224
27/01/2026 12:04:11 PM (UTC+1030),6278125.039,494143.998,95.224,0.224
27/01/2026 12:04:12 PM (UTC+1030),6278124.855,494143.248,95.24,0.222
27/01/2026 12:04:13 PM (UTC+1030),6278124.711,494142.419,95.216,0.222
27/01/2026 12:04:14 PM (UTC+1030),6278124.478,494141.651,95.212,0.219
27/01/2026 12:04:15 PM (UTC+1030),6278124.304,494140.822,95.196,0.219
27/01/2026 12:04:16 PM (UTC+1030),6278124.186,494140.132,95.194,0.219
27/01/2026 12:04:17 PM (UTC+1030),6278123.959,494139.363,95.211,0.219
27/01/2026 12:04:18 PM (UTC+1030),6278123.779,494138.607,95.162,0.218
27/01/2026 12:04:19 PM (UTC+1030),6278123.62,494137.737,95.188,0.22
27/01/2026 12:04:20 PM (UTC+1030),6278123.484,494136.915,95.128,0.227
27/01/2026 12:04:21 PM (UTC+1030),6278123.281,494136.14,95.151,0.227
27/01/2026 12:04:22 PM (UTC+1030),6278122.953,494135.424,95.108,0.225
27/01/2026 12:04:23 PM (UTC+1030),6278122.573,494134.669,95.111,0.216
27/01/2026 12:04:24 PM (UTC+1030),6278122.333,494133.922,95.142,0.216
27/01/2026 12:04:25 PM (UTC+1030),6278122.14,494133.095,95.071,0.211
27/01/2026 12:04:26 PM (UTC+1030),6278121.895,494132.332,95.129,0.211
27/01/2026 12:04:27 PM (UTC+1030),6278121.633,494131.666,95.108,0.211
27/01/2026 12:04:28 PM (UTC+1030),6278121.371,494130.968,95.135,0.211
27/01/2026 12:04:29 PM (UTC+1030),6278121.254,494130.221,95.075,0.211
27/01/2026 12:04:30 PM (UTC+1030),6278121.002,494129.503,95.104,0.208
27/01/2026 12:04:31 PM (UTC+1030),6278120.665,494128.758,95.086,0.21
27/01/2026 12:04:32 PM (UTC+1030),6278120.432,494128.05,95.098,0.21
27/01/2026 12:04:33 PM (UTC+1030),6278120.278,494127.358,95.103,0.208
27/01/2026 12:04:34 PM (UTC+1030),6278119.942,494126.645,95.076,0.208
27/01/2026 12:04:35 PM (UTC+1030),6278119.644,494125.991,95.117,0.206
27/01/2026 12:04:36 PM (UTC+1030),6278119.416,494125.219,95.058,0.206
27/01/2026 12:04:37 PM (UTC+1030),6278119.201,494124.494,95.074,0.206
27/01/2026 12:04:38 PM (UTC+1030),6278118.92,494123.794,95.072,0.206
27/01/2026 12:04:39 PM (UTC+1030),6278118.684,494123.103,95.101,0.206
27/01/2026 12:04:40 PM (UTC+1030),6278118.514,494122.383,95.064,0.206
27/01/2026 12:04:41 PM (UTC+1030),6278118.301,494121.58,95.087,0.208
27/01/2026 12:04:42 PM (UTC+1030),6278118.073,494120.842,95.088,0.208
27/01/2026 12:04:43 PM (UTC+1030),6278117.808,494120.182,95.14,0.208
27/01/2026 12:04:44 PM (UTC+1030),6278117.595,494119.447,95.108,0.206
27/01/2026 12:04:45 PM (UTC+1030),6278117.466,494118.723,95.108,0.206
27/01/2026 12:04:46 PM (UTC+1030),6278117.217,494118.019,95.093,0.206
27/01/2026 12:04:47 PM (UTC+1030),6278116.971,494117.401,95.155,0.204
27/01/2026 12:04:48 PM (UTC+1030),6278116.795,494116.785,95.154,0.204
27/01/2026 12:04:49 PM (UTC+1030),6278116.654,494116.174,95.144,0.203
27/01/2026 12:04:50 PM (UTC+1030),6278116.488,494115.565,95.148,0.203
27/01/2026 12:04:51 PM (UTC+1030),6278116.197,494114.955,95.135,0.204
27/01/2026 12:04:52 PM (UTC+1030),6278116.015,494114.249,95.161,0.194
27/01/2026 12:04:53 PM (UTC+1030),6278115.852,494113.551,95.116,0.194
27/01/2026 12:04:54 PM (UTC+1030),6278115.681,494112.79,95.177,0.192
27/01/2026 12:04:55 PM (UTC+1030),6278115.422,494112.001,95.123,0.19
27/01/2026 12:04:56 PM (UTC+1030),6278115.163,494111.169,95.156,0.192
27/01/2026 12:04:57 PM (UTC+1030),6278114.94,494110.311,95.157,0.18
27/01/2026 12:04:58 PM (UTC+1030),6278114.721,494109.393,95.123,0.18
27/01/2026 12:04:59 PM (UTC+1030),6278114.434,494108.515,95.151,0.176
27/01/2026 12:05:00 PM (UTC+1030),6278114.152,494107.608,95.121,0.176
27/01/2026 12:05:01 PM (UTC+1030),6278113.812,494106.685,95.109,0.176
27/01/2026 12:05:02 PM (UTC+1030),6278113.553,494105.82,95.129,0.171
27/01/2026 12:05:03 PM (UTC+1030),6278113.342,494104.95,95.094,0.171
27/01/2026 12:05:04 PM (UTC+1030),6278113.185,494104.048,95.115,0.171
27/01/2026 12:05:05 PM (UTC+1030),6278112.908,494103.142,95.097,0.168
27/01/2026 12:05:06 PM (UTC+1030),6278112.561,494102.235,95.094,0.17
27/01/2026 12:05:07 PM (UTC+1030),6278112.265,494101.33,95.146,0.17
27/01/2026 12:05:08 PM (UTC+1030),6278112.084,494100.393,95.125,0.17
27/01/2026 12:05:09 PM (UTC+1030),6278111.969,494099.438,95.092,0.17
27/01/2026 12:05:10 PM (UTC+1030),6278111.623,494098.57,95.141,0.168
27/01/2026 12:05:11 PM (UTC+1030),6278111.323,494097.716,95.126,0.168
27/01/2026 12:05:12 PM (UTC+1030),6278111.133,494096.949,95.183,0.159
27/01/2026 12:05:13 PM (UTC+1030),6278110.927,494096.129,95.169,0.159
27/01/2026 12:05:14 PM (UTC+1030),6278110.67,494095.293,95.18,0.159
27/01/2026 12:05:15 PM (UTC+1030),6278110.409,494094.442,95.214,0.159
27/01/2026 12:05:16 PM (UTC+1030),6278110.173,494093.593,95.198,0.151
27/01/2026 12:05:17 PM (UTC+1030),6278109.863,494092.799,95.224,0.151
27/01/2026 12:05:18 PM (UTC+1030),6278109.541,494091.941,95.26,0.149
27/01/2026 12:05:19 PM (UTC+1030),6278109.241,494091.079,95.244,0.151
27/01/2026 12:05:20 PM (UTC+1030),6278109.02,494090.239,95.271,0.146
27/01/2026 12:05:21 PM (UTC+1030),6278108.746,494089.359,95.271,0.146
27/01/2026 12:05:22 PM (UTC+1030),6278108.452,494088.511,95.282,0.146
27/01/2026 12:05:23 PM (UTC+1030),6278108.192,494087.709,95.308,0.146
27/01/2026 12:05:24 PM (UTC+1030),6278107.942,494086.838,95.283,0.146
27/01/2026 12:05:25 PM (UTC+1030),6278107.706,494085.993,95.315,0.14
27/01/2026 12:05:26 PM (UTC+1030),6278107.437,494085.159,95.284,0.138
27/01/2026 12:05:27 PM (UTC+1030),6278107.174,494084.337,95.341,0.138
27/01/2026 12:05:28 PM (UTC+1030),6278107.028,494083.569,95.356,0.138
27/01/2026 12:05:29 PM (UTC+1030),6278106.826,494082.834,95.356,0.138
27/01/2026 12:05:30 PM (UTC+1030),6278106.609,494082.138,95.328,0.136
27/01/2026 12:05:31 PM (UTC+1030),6278106.461,494081.416,95.39,0.136
27/01/2026 12:05:32 PM (UTC+1030),6278106.212,494080.667,95.391,0.136
27/01/2026 12:05:33 PM (UTC+1030),6278105.92,494079.966,95.415,0.136
27/01/2026 12:05:34 PM (UTC+1030),6278105.66,494079.149,95.425,0.132
27/01/2026 12:05:35 PM (UTC+1030),6278105.398,494078.3,95.419,0.134
27/01/2026 12:05:36 PM (UTC+1030),6278105.183,494077.525,95.479,0.13
27/01/2026 12:05:37 PM (UTC+1030),6278105.035,494076.711,95.424,0.13
27/01/2026 12:05:38 PM (UTC+1030),6278104.885,494075.985,95.489,0.131
27/01/2026 12:05:39 PM (UTC+1030),6278104.684,494075.279,95.502,0.131
27/01/2026 12:05:40 PM (UTC+1030),6278104.368,494074.581,95.538,0.133
27/01/2026 12:05:41 PM (UTC+1030),6278104.084,494073.815,95.561,0.133
27/01/2026 12:05:42 PM (UTC+1030),6278103.892,494073.007,95.52,0.134
27/01/2026 12:05:43 PM (UTC+1030),6278103.74,494072.293,95.556,0.136
27/01/2026 12:05:44 PM (UTC+1030),6278103.407,494071.544,95.607,0.136
27/01/2026 12:05:45 PM (UTC+1030),6278103.117,494070.863,95.624,0.134
27/01/2026 12:05:46 PM (UTC+1030),6278102.786,494070.087,95.648,0.136
27/01/2026 12:05:47 PM (UTC+1030),6278102.523,494069.333,95.72,0.134
27/01/2026 12:05:48 PM (UTC+1030),6278102.318,494068.6,95.688,0.136
27/01/2026 12:05:49 PM (UTC+1030),6278102.206,494067.866,95.728,0.136
27/01/2026 12:05:50 PM (UTC+1030),6278102.012,494067.152,95.721,0.136
27/01/2026 12:05:51 PM (UTC+1030),6278101.626,494066.499,95.776,0.134
27/01/2026 12:05:52 PM (UTC+1030),6278101.326,494065.698,95.75,0.134
27/01/2026 12:05:53 PM (UTC+1030),6278101.07,494064.83,95.767,0.134
27/01/2026 12:05:54 PM (UTC+1030),6278100.747,494063.955,95.815,0.134
27/01/2026 12:05:55 PM (UTC+1030),6278100.482,494063.166,95.808,0.134
27/01/2026 12:05:56 PM (UTC+1030),6278100.168,494062.332,95.829,0.134
27/01/2026 12:05:57 PM (UTC+1030),6278099.889,494061.468,95.82,0.134
27/01/2026 12:05:58 PM (UTC+1030),6278099.539,494060.594,95.796,0.136
27/01/2026 12:05:59 PM (UTC+1030),6278099.366,494059.713,95.822,0.136
27/01/2026 12:06:00 PM (UTC+1030),6278099.253,494058.983,95.875,0.136
27/01/2026 12:06:01 PM (UTC+1030),6278098.915,494058.178,95.828,0.136
27/01/2026 12:06:02 PM (UTC+1030),6278098.64,494057.331,95.877,0.136
27/01/2026 12:06:03 PM (UTC+1030),6278098.461,494056.535,95.892,0.137
27/01/2026 12:06:04 PM (UTC+1030),6278098.174,494055.669,95.882,0.136
27/01/2026 12:06:05 PM (UTC+1030),6278097.882,494054.885,95.925,0.136
27/01/2026 12:06:06 PM (UTC+1030),6278097.642,494054.13,95.936,0.136
27/01/2026 12:06:07 PM (UTC+1030),6278097.497,494053.354,95.89,0.136
27/01/2026 12:06:08 PM (UTC+1030),6278097.315,494052.559,95.911,0.136
27/01/2026 12:06:09 PM (UTC+1030),6278097.059,494051.725,95.908,0.136
27/01/2026 12:06:10 PM (UTC+1030),6278096.759,494050.866,95.915,0.134
27/01/2026 12:06:11 PM (UTC+1030),6278096.557,494050.114,95.918,0.134
27/01/2026 12:06:12 PM (UTC+1030),6278096.343,494049.271,95.874,0.134
27/01/2026 12:06:13 PM (UTC+1030),6278096.074,494048.459,95.917,0.135
27/01/2026 12:06:14 PM (UTC+1030),6278095.857,494047.694,95.935,0.134
27/01/2026 12:06:15 PM (UTC+1030),6278095.556,494046.93,95.91,0.134
27/01/2026 12:06:16 PM (UTC+1030),6278095.192,494046.169,95.958,0.134
27/01/2026 12:06:17 PM (UTC+1030),6278094.9,494045.431,95.968,0.133
27/01/2026 12:06:18 PM (UTC+1030),6278094.75,494044.732,95.959,0.135
27/01/2026 12:06:19 PM (UTC+1030),6278094.479,494043.933,95.954,0.135
27/01/2026 12:06:20 PM (UTC+1030),6278094.211,494043.149,95.995,0.134
27/01/2026 12:06:21 PM (UTC+1030),6278093.996,494042.317,95.955,0.133
27/01/2026 12:06:22 PM (UTC+1030),6278093.808,494041.531,95.99,0.133
27/01/2026 12:06:23 PM (UTC+1030),6278093.604,494040.778,95.956,0.133
27/01/2026 12:06:24 PM (UTC+1030),6278093.334,494040.014,96.005,0.131
27/01/2026 12:06:25 PM (UTC+1030),6278093.216,494039.175,95.973,0.133
27/01/2026 12:06:26 PM (UTC+1030),6278092.954,494038.314,96.021,0.131
27/01/2026 12:06:27 PM (UTC+1030),6278092.641,494037.59,96.016,0.131
27/01/2026 12:06:28 PM (UTC+1030),6278092.401,494036.676,96.02,0.13
27/01/2026 12:06:29 PM (UTC+1030),6278092.315,494035.894,96.008,0.129
27/01/2026 12:06:30 PM (UTC+1030),6278092.125,494035.082,95.978,0.13
27/01/2026 12:06:31 PM (UTC+1030),6278091.896,494034.346,96.007,0.13
27/01/2026 12:06:32 PM (UTC+1030),6278091.809,494033.574,95.955,0.13
27/01/2026 12:06:33 PM (UTC+1030),6278091.776,494032.729,95.984,0.13
27/01/2026 12:06:34 PM (UTC+1030),6278091.662,494031.997,95.945,0.13
27/01/2026 12:06:35 PM (UTC+1030),6278091.498,494031.183,95.98,0.13
27/01/2026 12:06:36 PM (UTC+1030),6278091.378,494030.387,95.939,0.13
27/01/2026 12:06:37 PM (UTC+1030),6278091.17,494029.616,95.989,0.13
27/01/2026 12:06:38 PM (UTC+1030),6278091.061,494028.853,95.968,0.128
27/01/2026 12:06:39 PM (UTC+1030),6278090.747,494028.113,95.975,0.13
27/01/2026 12:06:40 PM (UTC+1030),6278090.473,494027.421,95.961,0.126
27/01/2026 12:06:41 PM (UTC+1030),6278090.361,494026.639,95.969,0.126
27/01/2026 12:06:42 PM (UTC+1030),6278090.158,494025.957,95.975,0.126
27/01/2026 12:06:43 PM (UTC+1030),6278089.785,494025.263,95.966,0.128
27/01/2026 12:06:44 PM (UTC+1030),6278089.464,494024.643,96.011,0.126
27/01/2026 12:06:45 PM (UTC+1030),6278089.271,494023.91,95.997,0.126
27/01/2026 12:06:46 PM (UTC+1030),6278089.141,494023.214,96.002,0.128
27/01/2026 12:06:47 PM (UTC+1030),6278088.838,494022.475,95.999,0.128
27/01/2026 12:06:48 PM (UTC+1030),6278088.456,494021.803,96.021,0.128
27/01/2026 12:06:49 PM (UTC+1030),6278088.148,494021.151,96.032,0.128
27/01/2026 12:06:50 PM (UTC+1030),6278087.905,494020.464,96.022,0.127
27/01/2026 12:06:51 PM (UTC+1030),6278087.764,494019.795,96.015,0.129
27/01/2026 12:06:52 PM (UTC+1030),6278087.541,494019.03,95.987,0.127
27/01/2026 12:06:53 PM (UTC+1030),6278087.376,494018.308,95.965,0.127
27/01/2026 12:06:54 PM (UTC+1030),6278087.114,494017.686,95.971,0.129
27/01/2026 12:06:55 PM (UTC+1030),6278086.831,494017.037,95.964,0.129
27/01/2026 12:06:56 PM (UTC+1030),6278086.62,494016.368,95.915,0.129
27/01/2026 12:06:57 PM (UTC+1030),6278086.406,494015.679,95.951,0.129
27/01/2026 12:06:58 PM (UTC+1030),6278086.173,494014.938,95.979,0.127
27/01/2026 12:06:59 PM (UTC+1030),6278085.878,494014.359,95.991,0.127
27/01/2026 12:07:00 PM (UTC+1030),6278085.601,494013.682,96.008,0.127
27/01/2026 12:07:01 PM (UTC+1030),6278085.36,494012.99,96.003,0.127
27/01/2026 12:07:02 PM (UTC+1030),6278085.175,494012.263,95.984,0.129
27/01/2026 12:07:03 PM (UTC+1030),6278084.898,494011.535,95.95,0.127
27/01/2026 12:07:04 PM (UTC+1030),6278084.557,494010.94,95.983,0.127
27/01/2026 12:07:05 PM (UTC+1030),6278084.333,494010.35,96.009,0.125
27/01/2026 12:07:06 PM (UTC+1030),6278084.014,494009.649,95.982,0.127
27/01/2026 12:07:07 PM (UTC+1030),6278083.771,494008.923,96.021,0.125
27/01/2026 12:07:08 PM (UTC+1030),6278083.597,494008.25,95.945,0.127
27/01/2026 12:07:09 PM (UTC+1030),6278083.435,494007.618,95.942,0.123
27/01/2026 12:07:10 PM (UTC+1030),6278083.198,494006.943,95.935,0.123
27/01/2026 12:07:11 PM (UTC+1030),6278083.194,494006.329,95.912,0.125
27/01/2026 12:07:12 PM (UTC+1030),6278083.141,494005.726,95.867,0.125
27/01/2026 12:07:13 PM (UTC+1030),6278083.049,494005.012,95.864,0.123
27/01/2026 12:07:14 PM (UTC+1030),6278082.784,494004.27,95.841,0.123
27/01/2026 12:07:15 PM (UTC+1030),6278082.562,494003.527,95.839,0.122
27/01/2026 12:07:16 PM (UTC+1030),6278082.425,494002.744,95.821,0.123
27/01/2026 12:07:17 PM (UTC+1030),6278082.321,494001.942,95.794,0.122
27/01/2026 12:07:18 PM (UTC+1030),6278082.208,494001.185,95.816,0.122
27/01/2026 12:07:19 PM (UTC+1030),6278082.198,494000.402,95.748,0.12
27/01/2026 12:07:20 PM (UTC+1030),6278082.147,493999.567,95.745,0.12
27/01/2026 12:07:21 PM (UTC+1030),6278082.105,493998.801,95.718,0.122
27/01/2026 12:07:22 PM (UTC+1030),6278082.024,493998.02,95.684,0.122
27/01/2026 12:07:23 PM (UTC+1030),6278082.022,493997.267,95.683,0.122
27/01/2026 12:07:24 PM (UTC+1030),6278082.053,493996.537,95.64,0.122
27/01/2026 12:07:25 PM (UTC+1030),6278082.039,493995.908,95.63,0.118
27/01/2026 12:07:26 PM (UTC+1030),6278081.889,493995.267,95.607,0.12
27/01/2026 12:07:27 PM (UTC+1030),6278081.871,493994.543,95.58,0.118
27/01/2026 12:07:28 PM (UTC+1030),6278081.894,493993.772,95.511,0.116
27/01/2026 12:07:29 PM (UTC+1030),6278081.894,493993.051,95.501,0.116
27/01/2026 12:07:30 PM (UTC+1030),6278081.77,493992.348,95.434,0.116
27/01/2026 12:07:31 PM (UTC+1030),6278081.69,493991.558,95.393,0.118
27/01/2026 12:07:32 PM (UTC+1030),6278081.647,493990.76,95.293,0.118
27/01/2026 12:07:33 PM (UTC+1030),6278081.662,493990,95.275,0.118
27/01/2026 12:07:34 PM (UTC+1030),6278081.521,493989.176,95.226,0.118
27/01/2026 12:07:35 PM (UTC+1030),6278081.492,493988.392,95.224,0.116
27/01/2026 12:07:36 PM (UTC+1030),6278081.605,493987.606,95.147,0.118
27/01/2026 12:07:37 PM (UTC+1030),6278081.6,493986.78,95.12,0.118
27/01/2026 12:07:38 PM (UTC+1030),6278081.597,493986.004,95.029,0.118
27/01/2026 12:07:39 PM (UTC+1030),6278081.577,493985.119,94.994,0.118
27/01/2026 12:07:40 PM (UTC+1030),6278081.567,493984.263,94.95,0.118
27/01/2026 12:07:41 PM (UTC+1030),6278081.533,493983.361,94.891,0.116
27/01/2026 12:07:42 PM (UTC+1030),6278081.615,493982.585,94.861,0.116
27/01/2026 12:07:43 PM (UTC+1030),6278081.54,493981.812,94.796,0.116
27/01/2026 12:07:44 PM (UTC+1030),6278081.542,493981.033,94.768,0.116
27/01/2026 12:07:45 PM (UTC+1030),6278081.544,493980.325,94.724,0.116
27/01/2026 12:07:46 PM (UTC+1030),6278081.496,493979.672,94.691,0.116
27/01/2026 12:07:47 PM (UTC+1030),6278081.369,493978.946,94.626,0.116
27/01/2026 12:07:48 PM (UTC+1030),6278081.275,493978.245,94.598,0.116
27/01/2026 12:07:49 PM (UTC+1030),6278081.228,493977.523,94.575,0.114
27/01/2026 12:07:50 PM (UTC+1030),6278081.244,493976.762,94.542,0.114
27/01/2026 12:07:51 PM (UTC+1030),6278081.251,493976.123,94.488,0.116
27/01/2026 12:07:52 PM (UTC+1030),6278081.154,493975.517,94.472,0.116
27/01/2026 12:07:53 PM (UTC+1030),6278080.998,493974.879,94.452,0.116
27/01/2026 12:07:54 PM (UTC+1030),6278080.781,493974.338,94.416,0.114
27/01/2026 12:07:55 PM (UTC+1030),6278080.672,493973.647,94.322,0.113
27/01/2026 12:07:56 PM (UTC+1030),6278080.593,493972.935,94.279,0.113
27/01/2026 12:07:57 PM (UTC+1030),6278080.503,493972.159,94.195,0.114
27/01/2026 12:07:58 PM (UTC+1030),6278080.3,493971.369,94.138,0.114
27/01/2026 12:07:59 PM (UTC+1030),6278080.027,493970.671,94.101,0.114
27/01/2026 12:08:00 PM (UTC+1030),6278079.881,493969.893,94.041,0.113
27/01/2026 12:08:01 PM (UTC+1030),6278079.834,493969.142,93.991,0.114
27/01/2026 12:08:02 PM (UTC+1030),6278079.721,493968.479,93.965,0.112
27/01/2026 12:08:03 PM (UTC+1030),6278079.463,493967.734,93.755,0.112
27/01/2026 12:08:04 PM (UTC+1030),6278079.189,493966.963,93.776,0.112
27/01/2026 12:08:05 PM (UTC+1030),6278079.012,493966.219,93.707,0.112
27/01/2026 12:08:06 PM (UTC+1030),6278078.896,493965.428,93.616,0.113
27/01/2026 12:08:07 PM (UTC+1030),6278078.717,493964.712,93.579,0.113
27/01/2026 12:08:08 PM (UTC+1030),6278078.513,493964.003,93.48,0.113
27/01/2026 12:08:09 PM (UTC+1030),6278078.271,493963.2,93.392,0.112
27/01/2026 12:08:10 PM (UTC+1030),6278078.072,493962.419,93.337,0.11
27/01/2026 12:08:11 PM (UTC+1030),6278077.863,493961.647,93.279,0.112
27/01/2026 12:08:12 PM (UTC+1030),6278077.711,493960.817,93.235,0.112
27/01/2026 12:08:13 PM (UTC+1030),6278077.523,493960.032,93.169,0.113
27/01/2026 12:08:14 PM (UTC+1030),6278077.307,493959.24,93.093,0.113
27/01/2026 12:08:15 PM (UTC+1030),6278077.149,493958.394,93.038,0.113
27/01/2026 12:08:16 PM (UTC+1030),6278076.92,493957.512,92.948,0.113
27/01/2026 12:08:17 PM (UTC+1030),6278076.697,493956.647,92.885,0.115
27/01/2026 12:08:18 PM (UTC+1030),6278076.501,493955.76,92.802,0.115
27/01/2026 12:08:19 PM (UTC+1030),6278076.267,493954.89,92.722,0.115
27/01/2026 12:08:20 PM (UTC+1030),6278075.964,493954.035,92.552,0.115
27/01/2026 12:08:21 PM (UTC+1030),6278075.664,493953.073,92.456,0.118
27/01/2026 12:08:22 PM (UTC+1030),6278075.441,493952.178,92.412,0.118
27/01/2026 12:08:23 PM (UTC+1030),6278075.289,493951.317,92.352,0.118
27/01/2026 12:08:24 PM (UTC+1030),6278075.196,493950.474,92.276,0.119
27/01/2026 12:08:25 PM (UTC+1030),6278075.036,493949.603,92.249,0.115
27/01/2026 12:08:26 PM (UTC+1030),6278074.817,493948.861,92.151,0.117
27/01/2026 12:08:27 PM (UTC+1030),6278074.658,493948.102,92.121,0.117
27/01/2026 12:08:28 PM (UTC+1030),6278074.557,493947.419,92.027,0.116
27/01/2026 12:08:29 PM (UTC+1030),6278074.55,493946.794,91.999,0.116
27/01/2026 12:08:30 PM (UTC+1030),6278074.328,493946.12,91.928,0.115
27/01/2026 12:08:31 PM (UTC+1030),6278074.114,493945.464,91.877,0.117
27/01/2026 12:08:32 PM (UTC+1030),6278073.991,493944.812,91.852,0.117
27/01/2026 12:08:33 PM (UTC+1030),6278073.929,493944.18,91.814,0.116
27/01/2026 12:08:34 PM (UTC+1030),6278073.734,493943.582,91.79,0.116
27/01/2026 12:08:35 PM (UTC+1030),6278073.638,493942.918,91.726,0.114
27/01/2026 12:08:36 PM (UTC+1030),6278073.529,493942.253,91.702,0.115
27/01/2026 12:08:37 PM (UTC+1030),6278073.256,493941.601,91.669,0.113
27/01/2026 12:08:38 PM (UTC+1030),6278073.119,493940.942,91.573,0.113
27/01/2026 12:08:39 PM (UTC+1030),6278072.998,493940.342,91.527,0.113
27/01/2026 12:08:40 PM (UTC+1030),6278072.798,493939.556,91.507,0.11
27/01/2026 12:08:41 PM (UTC+1030),6278072.658,493938.771,91.404,0.111
27/01/2026 12:08:42 PM (UTC+1030),6278072.425,493938.123,91.405,0.111
27/01/2026 12:08:43 PM (UTC+1030),6278072.182,493937.395,91.37,0.11
27/01/2026 12:08:44 PM (UTC+1030),6278072.094,493936.59,91.303,0.11
27/01/2026 12:08:45 PM (UTC+1030),6278072.11,493935.714,91.299,0.11
27/01/2026 12:08:46 PM (UTC+1030),6278071.864,493934.902,91.212,0.111
27/01/2026 12:08:47 PM (UTC+1030),6278071.553,493934.09,91.183,0.112
27/01/2026 12:08:48 PM (UTC+1030),6278071.46,493933.273,91.083,0.112
27/01/2026 12:08:49 PM (UTC+1030),6278071.316,493932.458,91.052,0.112
27/01/2026 12:08:50 PM (UTC+1030),6278071.032,493931.692,90.958,0.112
27/01/2026 12:08:51 PM (UTC+1030),6278070.771,493930.903,90.922,0.113
27/01/2026 12:08:52 PM (UTC+1030),6278070.683,493930.054,90.898,0.113
27/01/2026 12:08:53 PM (UTC+1030),6278070.612,493929.22,90.788,0.113
27/01/2026 12:08:54 PM (UTC+1030),6278070.389,493928.397,90.775,0.113
27/01/2026 12:08:55 PM (UTC+1030),6278070.101,493927.587,90.687,0.113
27/01/2026 12:08:56 PM (UTC+1030),6278069.858,493926.728,90.679,0.112
27/01/2026 12:08:57 PM (UTC+1030),6278069.676,493925.901,90.626,0.112
27/01/2026 12:08:58 PM (UTC+1030),6278069.513,493925.097,90.589,0.111
27/01/2026 12:08:59 PM (UTC+1030),6278069.289,493924.401,90.569,0.111
27/01/2026 12:09:00 PM (UTC+1030),6278069.044,493923.577,90.474,0.107
27/01/2026 12:09:01 PM (UTC+1030),6278068.833,493922.738,90.457,0.109
27/01/2026 12:09:02 PM (UTC+1030),6278068.687,493921.949,90.393,0.109
27/01/2026 12:09:03 PM (UTC+1030),6278068.461,493921.195,90.383,0.109
27/01/2026 12:09:04 PM (UTC+1030),6278068.161,493920.545,90.334,0.11
27/01/2026 12:09:05 PM (UTC+1030),6278067.985,493919.843,90.31,0.11
27/01/2026 12:09:06 PM (UTC+1030),6278067.821,493919.073,90.286,0.107
27/01/2026 12:09:07 PM (UTC+1030),6278067.602,493918.281,90.242,0.107
27/01/2026 12:09:08 PM (UTC+1030),6278067.329,493917.543,90.217,0.106
27/01/2026 12:09:09 PM (UTC+1030),6278067.186,493916.799,90.171,0.106
27/01/2026 12:09:10 PM (UTC+1030),6278067.05,493916.104,90.153,0.106
27/01/2026 12:09:11 PM (UTC+1030),6278066.854,493915.332,90.073,0.106
27/01/2026 12:09:12 PM (UTC+1030),6278066.689,493914.575,90.069,0.106
27/01/2026 12:09:13 PM (UTC+1030),6278066.616,493913.762,90.014,0.107
27/01/2026 12:09:14 PM (UTC+1030),6278066.424,493912.903,90.007,0.107
27/01/2026 12:09:15 PM (UTC+1030),6278066.173,493912.101,89.917,0.109
27/01/2026 12:09:16 PM (UTC+1030),6278065.882,493911.322,89.895,0.109
27/01/2026 12:09:17 PM (UTC+1030),6278065.684,493910.495,89.806,0.109
27/01/2026 12:09:18 PM (UTC+1030),6278065.5,493909.703,89.775,0.107
27/01/2026 12:09:19 PM (UTC+1030),6278065.202,493908.95,89.705,0.107
27/01/2026 12:09:20 PM (UTC+1030),6278064.912,493908.21,89.667,0.107
27/01/2026 12:09:21 PM (UTC+1030),6278064.633,493907.43,89.632,0.109
27/01/2026 12:09:22 PM (UTC+1030),6278064.38,493906.714,89.599,0.109
27/01/2026 12:09:23 PM (UTC+1030),6278064.145,493905.976,89.551,0.109
27/01/2026 12:09:24 PM (UTC+1030),6278063.958,493905.137,89.539,0.107
27/01/2026 12:09:25 PM (UTC+1030),6278063.772,493904.271,89.464,0.109
27/01/2026 12:09:26 PM (UTC+1030),6278063.576,493903.443,89.478,0.109
27/01/2026 12:09:27 PM (UTC+1030),6278063.259,493902.646,89.417,0.109
27/01/2026 12:09:28 PM (UTC+1030),6278063.03,493901.796,89.42,0.108
27/01/2026 12:09:29 PM (UTC+1030),6278062.858,493900.885,89.348,0.108
27/01/2026 12:09:30 PM (UTC+1030),6278062.734,493900.068,89.336,0.107
27/01/2026 12:09:31 PM (UTC+1030),6278062.513,493899.216,89.296,0.109
27/01/2026 12:09:32 PM (UTC+1030),6278062.212,493898.414,89.254,0.106
27/01/2026 12:09:33 PM (UTC+1030),6278061.973,493897.572,89.189,0.106
27/01/2026 12:09:34 PM (UTC+1030),6278061.766,493896.734,89.096,0.106
27/01/2026 12:09:35 PM (UTC+1030),6278061.585,493895.936,89.038,0.106
27/01/2026 12:09:36 PM (UTC+1030),6278061.333,493895.063,88.971,0.106
27/01/2026 12:09:37 PM (UTC+1030),6278061.107,493894.258,88.955,0.106
27/01/2026 12:09:38 PM (UTC+1030),6278060.9,493893.463,88.858,0.106
27/01/2026 12:09:39 PM (UTC+1030),6278060.726,493892.642,88.836,0.106
27/01/2026 12:09:40 PM (UTC+1030),6278060.518,493891.779,88.798,0.106
27/01/2026 12:09:41 PM (UTC+1030),6278060.282,493890.928,88.729,0.106
27/01/2026 12:09:42 PM (UTC+1030),6278060.048,493890.111,88.725,0.108
27/01/2026 12:09:43 PM (UTC+1030),6278059.858,493889.27,88.685,0.108
27/01/2026 12:09:44 PM (UTC+1030),6278059.646,493888.446,88.616,0.108
27/01/2026 12:09:45 PM (UTC+1030),6278059.417,493887.641,88.584,0.108
27/01/2026 12:09:46 PM (UTC+1030),6278059.261,493886.757,88.531,0.108
27/01/2026 12:09:47 PM (UTC+1030),6278058.991,493885.962,88.528,0.11
27/01/2026 12:09:48 PM (UTC+1030),6278058.821,493885.1,88.469,0.11
27/01/2026 12:09:49 PM (UTC+1030),6278058.637,493884.144,88.417,0.11
27/01/2026 12:09:50 PM (UTC+1030),6278058.382,493883.282,88.402,0.106
27/01/2026 12:09:51 PM (UTC+1030),6278058.185,493882.445,88.326,0.108
27/01/2026 12:09:52 PM (UTC+1030),6278057.967,493881.585,88.32,0.109
27/01/2026 12:09:53 PM (UTC+1030),6278057.724,493880.738,88.248,0.107
27/01/2026 12:09:54 PM (UTC+1030),6278057.628,493879.856,88.245,0.109
27/01/2026 12:09:55 PM (UTC+1030),6278057.466,493878.976,88.198,0.105
27/01/2026 12:09:56 PM (UTC+1030),6278057.149,493878.208,88.172,0.106
27/01/2026 12:09:57 PM (UTC+1030),6278056.842,493877.414,88.109,0.108
27/01/2026 12:09:58 PM (UTC+1030),6278056.552,493876.59,88.075,0.105
27/01/2026 12:09:59 PM (UTC+1030),6278056.413,493875.684,88.044,0.105
27/01/2026 12:10:00 PM (UTC+1030),6278056.205,493874.752,87.969,0.105
27/01/2026 12:10:01 PM (UTC+1030),6278056.035,493873.877,87.934,0.106
27/01/2026 12:10:02 PM (UTC+1030),6278055.909,493873.036,87.885,0.106
27/01/2026 12:10:03 PM (UTC+1030),6278055.669,493872.126,87.81,0.106
27/01/2026 12:10:04 PM (UTC+1030),6278055.455,493871.277,87.805,0.106
27/01/2026 12:10:05 PM (UTC+1030),6278055.25,493870.493,87.75,0.106
27/01/2026 12:10:06 PM (UTC+1030),6278054.989,493869.72,87.717,0.108
27/01/2026 12:10:07 PM (UTC+1030),6278054.759,493868.88,87.657,0.108
27/01/2026 12:10:08 PM (UTC+1030),6278054.545,493868.008,87.659,0.108
27/01/2026 12:10:09 PM (UTC+1030),6278054.357,493867.086,87.564,0.11
27/01/2026 12:10:10 PM (UTC+1030),6278054.19,493866.119,87.545,0.11
27/01/2026 12:10:11 PM (UTC+1030),6278053.999,493865.176,87.524,0.111
27/01/2026 12:10:12 PM (UTC+1030),6278053.685,493864.278,87.448,0.112
27/01/2026 12:10:13 PM (UTC+1030),6278053.317,493863.335,87.419,0.112
27/01/2026 12:10:14 PM (UTC+1030),6278053.177,493862.364,87.378,0.111
27/01/2026 12:10:15 PM (UTC+1030),6278052.959,493861.419,87.304,0.107
27/01/2026 12:10:16 PM (UTC+1030),6278052.847,493860.519,87.305,0.109
27/01/2026 12:10:17 PM (UTC+1030),6278052.674,493859.588,87.236,0.109
27/01/2026 12:10:18 PM (UTC+1030),6278052.417,493858.687,87.202,0.109
27/01/2026 12:10:19 PM (UTC+1030),6278052.288,493857.74,87.191,0.107
27/01/2026 12:10:20 PM (UTC+1030),6278052.129,493856.889,87.119,0.107
27/01/2026 12:10:21 PM (UTC+1030),6278051.957,493856.001,87.107,0.109
27/01/2026 12:10:22 PM (UTC+1030),6278051.714,493855.162,87.038,0.108
27/01/2026 12:10:23 PM (UTC+1030),6278051.464,493854.321,87.049,0.108
27/01/2026 12:10:24 PM (UTC+1030),6278051.25,493853.448,86.971,0.108
27/01/2026 12:10:25 PM (UTC+1030),6278051.078,493852.559,86.923,0.107
27/01/2026 12:10:26 PM (UTC+1030),6278050.839,493851.618,86.9,0.108
27/01/2026 12:10:27 PM (UTC+1030),6278050.581,493850.724,86.818,0.108
27/01/2026 12:10:28 PM (UTC+1030),6278050.368,493849.798,86.83,0.108
27/01/2026 12:10:29 PM (UTC+1030),6278050.16,493848.877,86.775,0.108
27/01/2026 12:10:30 PM (UTC+1030),6278049.941,493847.898,86.688,0.107
27/01/2026 12:10:31 PM (UTC+1030),6278049.829,493846.911,86.683,0.106
27/01/2026 12:10:32 PM (UTC+1030),6278049.757,493845.977,86.622,0.106
27/01/2026 12:10:33 PM (UTC+1030),6278049.403,493845.139,86.594,0.108
27/01/2026 12:10:34 PM (UTC+1030),6278049.152,493844.267,86.582,0.108
27/01/2026 12:10:35 PM (UTC+1030),6278049.019,493843.391,86.506,0.108
27/01/2026 12:10:36 PM (UTC+1030),6278048.801,493842.482,86.498,0.108
27/01/2026 12:10:37 PM (UTC+1030),6278048.651,493841.557,86.442,0.108
27/01/2026 12:10:38 PM (UTC+1030),6278048.468,493840.63,86.446,0.109
27/01/2026 12:10:39 PM (UTC+1030),6278048.307,493839.76,86.428,0.109
27/01/2026 12:10:40 PM (UTC+1030),6278048.074,493838.872,86.35,0.109
27/01/2026 12:10:41 PM (UTC+1030),6278047.958,493837.989,86.344,0.108
27/01/2026 12:10:42 PM (UTC+1030),6278047.829,493837.108,86.265,0.108
27/01/2026 12:10:43 PM (UTC+1030),6278047.664,493836.193,86.251,0.108
27/01/2026 12:10:44 PM (UTC+1030),6278047.44,493835.328,86.221,0.108
27/01/2026 12:10:45 PM (UTC+1030),6278047.32,493834.409,86.154,0.108
27/01/2026 12:10:46 PM (UTC+1030),6278047.087,493833.478,86.111,0.106
27/01/2026 12:10:47 PM (UTC+1030),6278046.89,493832.632,86.053,0.106
27/01/2026 12:10:48 PM (UTC+1030),6278046.605,493831.788,86.041,0.106
27/01/2026 12:10:49 PM (UTC+1030),6278046.41,493830.902,85.976,0.106
27/01/2026 12:10:50 PM (UTC+1030),6278046.334,493829.999,85.933,0.105
27/01/2026 12:10:51 PM (UTC+1030),6278046.098,493829.05,85.884,0.105
27/01/2026 12:10:52 PM (UTC+1030),6278045.854,493828.123,85.819,0.106
27/01/2026 12:10:53 PM (UTC+1030),6278045.592,493827.216,85.816,0.106
27/01/2026 12:10:54 PM (UTC+1030),6278045.339,493826.286,85.741,0.106
27/01/2026 12:10:55 PM (UTC+1030),6278045.141,493825.292,85.719,0.106
27/01/2026 12:10:56 PM (UTC+1030),6278044.895,493824.353,85.705,0.106
27/01/2026 12:10:57 PM (UTC+1030),6278044.671,493823.468,85.649,0.106
27/01/2026 12:10:58 PM (UTC+1030),6278044.479,493822.552,85.616,0.106
27/01/2026 12:10:59 PM (UTC+1030),6278044.339,493821.603,85.577,0.106
27/01/2026 12:11:00 PM (UTC+1030),6278044.201,493820.815,85.528,0.106
27/01/2026 12:11:01 PM (UTC+1030),6278044.023,493819.895,85.506,0.106
27/01/2026 12:11:02 PM (UTC+1030),6278043.909,493818.952,85.453,0.108
27/01/2026 12:11:03 PM (UTC+1030),6278043.617,493818.063,85.416,0.108
27/01/2026 12:11:04 PM (UTC+1030),6278043.291,493817.2,85.418,0.106
27/01/2026 12:11:05 PM (UTC+1030),6278043.038,493816.28,85.348,0.105
27/01/2026 12:11:06 PM (UTC+1030),6278042.802,493815.388,85.344,0.106
27/01/2026 12:11:07 PM (UTC+1030),6278042.532,493814.495,85.265,0.106
27/01/2026 12:11:08 PM (UTC+1030),6278042.267,493813.569,85.266,0.105
27/01/2026 12:11:09 PM (UTC+1030),6278042.058,493812.648,85.192,0.105
27/01/2026 12:11:10 PM (UTC+1030),6278041.967,493811.7,85.165,0.105
27/01/2026 12:11:11 PM (UTC+1030),6278041.798,493810.784,85.118,0.106
27/01/2026 12:11:12 PM (UTC+1030),6278041.573,493809.838,85.079,0.106
27/01/2026 12:11:13 PM (UTC+1030),6278041.355,493808.902,85.05,0.111
27/01/2026 12:11:14 PM (UTC+1030),6278041.132,493807.926,84.973,0.111
27/01/2026 12:11:15 PM (UTC+1030),6278041.016,493806.988,84.976,0.111
27/01/2026 12:11:16 PM (UTC+1030),6278040.87,493806.026,84.883,0.111
27/01/2026 12:11:17 PM (UTC+1030),6278040.69,493805.017,84.885,0.111
27/01/2026 12:11:18 PM (UTC+1030),6278040.552,493804.1,84.859,0.111
27/01/2026 12:11:19 PM (UTC+1030),6278040.47,493803.183,84.807,0.112
27/01/2026 12:11:20 PM (UTC+1030),6278040.306,493802.232,84.808,0.111
27/01/2026 12:11:21 PM (UTC+1030),6278040.217,493801.296,84.747,0.112
27/01/2026 12:11:22 PM (UTC+1030),6278040.063,493800.422,84.721,0.111
27/01/2026 12:11:23 PM (UTC+1030),6278039.861,493799.515,84.665,0.111
27/01/2026 12:11:24 PM (UTC+1030),6278039.736,493798.568,84.616,0.109
27/01/2026 12:11:25 PM (UTC+1030),6278039.556,493797.627,84.62,0.107
27/01/2026 12:11:26 PM (UTC+1030),6278039.408,493796.706,84.572,0.109
27/01/2026 12:11:27 PM (UTC+1030),6278039.176,493795.748,84.542,0.109
27/01/2026 12:11:28 PM (UTC+1030),6278039.003,493794.882,84.521,0.109
27/01/2026 12:11:29 PM (UTC+1030),6278038.894,493793.947,84.47,0.109
27/01/2026 12:11:30 PM (UTC+1030),6278038.814,493793.05,84.454,0.107
27/01/2026 12:11:31 PM (UTC+1030),6278038.642,493792.098,84.41,0.109
27/01/2026 12:11:32 PM (UTC+1030),6278038.405,493791.274,84.373,0.111
27/01/2026 12:11:33 PM (UTC+1030),6278038.254,493790.354,84.357,0.111
27/01/2026 12:11:34 PM (UTC+1030),6278038.201,493789.461,84.283,0.111
27/01/2026 12:11:35 PM (UTC+1030),6278038.218,493788.549,84.29,0.111
27/01/2026 12:11:36 PM (UTC+1030),6278038.095,493787.641,84.224,0.112
27/01/2026 12:11:37 PM (UTC+1030),6278037.814,493786.763,84.178,0.112
27/01/2026 12:11:38 PM (UTC+1030),6278037.602,493785.863,84.15,0.112
27/01/2026 12:11:39 PM (UTC+1030),6278037.539,493784.925,84.064,0.111
27/01/2026 12:11:40 PM (UTC+1030),6278037.478,493784.045,84.051,0.111
27/01/2026 12:11:41 PM (UTC+1030),6278037.357,493783.167,84.025,0.11
27/01/2026 12:11:42 PM (UTC+1030),6278037.112,493782.291,83.969,0.11
27/01/2026 12:11:43 PM (UTC+1030),6278037.023,493781.415,83.92,0.112
27/01/2026 12:11:44 PM (UTC+1030),6278036.99,493780.552,83.868,0.112
27/01/2026 12:11:45 PM (UTC+1030),6278036.901,493779.763,83.851,0.108
27/01/2026 12:11:46 PM (UTC+1030),6278036.699,493778.941,83.828,0.11
27/01/2026 12:11:47 PM (UTC+1030),6278036.477,493778.071,83.789,0.111
27/01/2026 12:11:48 PM (UTC+1030),6278036.329,493777.189,83.701,0.112
27/01/2026 12:11:49 PM (UTC+1030),6278036.32,493776.318,83.688,0.109
27/01/2026 12:11:50 PM (UTC+1030),6278036.125,493775.434,83.636,0.111
27/01/2026 12:11:51 PM (UTC+1030),6278035.92,493774.54,83.611,0.112
27/01/2026 12:11:52 PM (UTC+1030),6278035.677,493773.682,83.56,0.112
27/01/2026 12:11:53 PM (UTC+1030),6278035.608,493772.705,83.515,0.111
27/01/2026 12:11:54 PM (UTC+1030),6278035.561,493771.873,83.495,0.111
27/01/2026 12:11:55 PM (UTC+1030),6278035.44,493771.096,83.45,0.111
27/01/2026 12:11:56 PM (UTC+1030),6278035.279,493770.357,83.423,0.11
27/01/2026 12:11:57 PM (UTC+1030),6278035.217,493769.545,83.376,0.11
27/01/2026 12:11:58 PM (UTC+1030),6278035.068,493768.747,83.335,0.111
27/01/2026 12:11:59 PM (UTC+1030),6278034.87,493767.965,83.322,0.111
27/01/2026 12:12:00 PM (UTC+1030),6278034.673,493767.099,83.267,0.11
27/01/2026 12:12:01 PM (UTC+1030),6278034.671,493766.259,83.239,0.11
27/01/2026 12:12:02 PM (UTC+1030),6278034.46,493765.438,83.188,0.11
27/01/2026 12:12:03 PM (UTC+1030),6278034.189,493764.625,83.191,0.11
27/01/2026 12:12:04 PM (UTC+1030),6278034.046,493763.816,83.129,0.11
27/01/2026 12:12:05 PM (UTC+1030),6278033.886,493762.91,83.106,0.11
27/01/2026 12:12:06 PM (UTC+1030),6278033.747,493762.044,83.077,0.11
27/01/2026 12:12:07 PM (UTC+1030),6278033.523,493761.125,83.01,0.11
27/01/2026 12:12:08 PM (UTC+1030),6278033.281,493760.265,83.022,0.11
27/01/2026 12:12:09 PM (UTC+1030),6278033.102,493759.387,82.946,0.11
27/01/2026 12:12:10 PM (UTC+1030),6278032.975,493758.492,82.939,0.109
27/01/2026 12:12:11 PM (UTC+1030),6278032.721,493757.671,82.872,0.109
27/01/2026 12:12:12 PM (UTC+1030),6278032.477,493756.859,82.856,0.109
27/01/2026 12:12:13 PM (UTC+1030),6278032.403,493755.999,82.795,0.107
27/01/2026 12:12:14 PM (UTC+1030),6278032.286,493755.089,82.824,0.109
27/01/2026 12:12:15 PM (UTC+1030),6278031.969,493754.251,82.754,0.107
27/01/2026 12:12:16 PM (UTC+1030),6278031.835,493753.402,82.716,0.108
27/01/2026 12:12:17 PM (UTC+1030),6278031.736,493752.451,82.676,0.108
27/01/2026 12:12:18 PM (UTC+1030),6278031.509,493751.518,82.626,0.108
27/01/2026 12:12:19 PM (UTC+1030),6278031.407,493750.74,82.581,0.107
27/01/2026 12:12:20 PM (UTC+1030),6278031.246,493749.912,82.553,0.106
27/01/2026 12:12:21 PM (UTC+1030),6278031.023,493749.066,82.503,0.108
27/01/2026 12:12:22 PM (UTC+1030),6278030.896,493748.271,82.497,0.108
27/01/2026 12:12:23 PM (UTC+1030),6278030.712,493747.4,82.436,0.108
27/01/2026 12:12:24 PM (UTC+1030),6278030.553,493746.525,82.421,0.108
27/01/2026 12:12:25 PM (UTC+1030),6278030.427,493745.744,82.371,0.109
27/01/2026 12:12:26 PM (UTC+1030),6278030.274,493744.941,82.352,0.111
27/01/2026 12:12:27 PM (UTC+1030),6278030.027,493744.127,82.281,0.109
27/01/2026 12:12:28 PM (UTC+1030),6278029.791,493743.342,82.271,0.107
27/01/2026 12:12:29 PM (UTC+1030),6278029.682,493742.488,82.214,0.107
27/01/2026 12:12:30 PM (UTC+1030),6278029.57,493741.63,82.209,0.107
27/01/2026 12:12:31 PM (UTC+1030),6278029.359,493740.796,82.16,0.109
27/01/2026 12:12:32 PM (UTC+1030),6278029.089,493740.018,82.162,0.109
27/01/2026 12:12:33 PM (UTC+1030),6278028.825,493739.248,82.11,0.109
27/01/2026 12:12:34 PM (UTC+1030),6278028.65,493738.444,82.08,0.108
27/01/2026 12:12:35 PM (UTC+1030),6278028.418,493737.621,82.044,0.107
27/01/2026 12:12:36 PM (UTC+1030),6278028.158,493736.85,82.033,0.109
27/01/2026 12:12:37 PM (UTC+1030),6278027.944,493736.015,81.968,0.109
27/01/2026 12:12:38 PM (UTC+1030),6278027.726,493735.202,81.956,0.108
27/01/2026 12:12:39 PM (UTC+1030),6278027.563,493734.334,81.872,0.106
27/01/2026 12:12:40 PM (UTC+1030),6278027.336,493733.557,81.868,0.106
27/01/2026 12:12:41 PM (UTC+1030),6278027.219,493732.764,81.8,0.108
27/01/2026 12:12:42 PM (UTC+1030),6278027.109,493731.908,81.81,0.106
27/01/2026 12:12:43 PM (UTC+1030),6278026.919,493731.108,81.758,0.108
27/01/2026 12:12:44 PM (UTC+1030),6278026.719,493730.335,81.738,0.108
27/01/2026 12:12:45 PM (UTC+1030),6278026.546,493729.462,81.665,0.105
27/01/2026 12:12:46 PM (UTC+1030),6278026.385,493728.608,81.671,0.106
27/01/2026 12:12:47 PM (UTC+1030),6278026.176,493727.722,81.603,0.106
27/01/2026 12:12:48 PM (UTC+1030),6278026.005,493726.895,81.596,0.106
27/01/2026 12:12:49 PM (UTC+1030),6278025.873,493726.104,81.525,0.106
27/01/2026 12:12:50 PM (UTC+1030),6278025.721,493725.286,81.523,0.105
27/01/2026 12:12:51 PM (UTC+1030),6278025.579,493724.514,81.487,0.105
27/01/2026 12:12:52 PM (UTC+1030),6278025.412,493723.749,81.494,0.106
27/01/2026 12:12:53 PM (UTC+1030),6278025.294,493723.01,81.435,0.106
27/01/2026 12:12:54 PM (UTC+1030),6278025.196,493722.263,81.418,0.105
27/01/2026 12:12:55 PM (UTC+1030),6278024.983,493721.544,81.38,0.106
27/01/2026 12:12:56 PM (UTC+1030),6278024.853,493720.68,81.342,0.106
27/01/2026 12:12:57 PM (UTC+1030),6278024.794,493719.814,81.291,0.106
27/01/2026 12:12:58 PM (UTC+1030),6278024.677,493719.083,81.298,0.106
27/01/2026 12:12:59 PM (UTC+1030),6278024.453,493718.249,81.279,0.106
27/01/2026 12:13:00 PM (UTC+1030),6278024.283,493717.512,81.248,0.106
27/01/2026 12:13:01 PM (UTC+1030),6278024.222,493716.776,81.203,0.106
27/01/2026 12:13:02 PM (UTC+1030),6278024.127,493715.992,81.195,0.108
27/01/2026 12:13:03 PM (UTC+1030),6278023.885,493715.291,81.148,0.108
27/01/2026 12:13:04 PM (UTC+1030),6278023.623,493714.538,81.143,0.108
27/01/2026 12:13:05 PM (UTC+1030),6278023.517,493713.806,81.089,0.108
27/01/2026 12:13:06 PM (UTC+1030),6278023.31,493713.073,81.059,0.108
27/01/2026 12:13:07 PM (UTC+1030),6278023.185,493712.318,81.053,0.108
27/01/2026 12:13:08 PM (UTC+1030),6278023.068,493711.489,80.98,0.106
27/01/2026 12:13:09 PM (UTC+1030),6278022.88,493710.757,80.969,0.106
27/01/2026 12:13:10 PM (UTC+1030),6278022.626,493710.016,80.944,0.105
27/01/2026 12:13:11 PM (UTC+1030),6278022.442,493709.254,80.926,0.106
27/01/2026 12:13:12 PM (UTC+1030),6278022.326,493708.481,80.901,0.108
27/01/2026 12:13:13 PM (UTC+1030),6278022.095,493707.68,80.842,0.106
27/01/2026 12:13:14 PM (UTC+1030),6278021.862,493706.907,80.843,0.106
27/01/2026 12:13:15 PM (UTC+1030),6278021.688,493706.143,80.782,0.106
27/01/2026 12:13:16 PM (UTC+1030),6278021.499,493705.355,80.77,0.108
27/01/2026 12:13:17 PM (UTC+1030),6278021.221,493704.587,80.697,0.108
27/01/2026 12:13:18 PM (UTC+1030),6278020.977,493703.81,80.7,0.108
27/01/2026 12:13:19 PM (UTC+1030),6278020.891,493703.081,80.655,0.106
27/01/2026 12:13:20 PM (UTC+1030),6278020.73,493702.4,80.639,0.108
27/01/2026 12:13:21 PM (UTC+1030),6278020.481,493701.733,80.615,0.11
27/01/2026 12:13:22 PM (UTC+1030),6278020.356,493701.019,80.556,0.11
27/01/2026 12:13:23 PM (UTC+1030),6278020.161,493700.297,80.557,0.109
27/01/2026 12:13:24 PM (UTC+1030),6278019.898,493699.619,80.508,0.109
27/01/2026 12:13:25 PM (UTC+1030),6278019.64,493698.932,80.506,0.109
27/01/2026 12:13:26 PM (UTC+1030),6278019.555,493698.12,80.452,0.109
27/01/2026 12:13:27 PM (UTC+1030),6278019.231,493697.387,80.421,0.11
27/01/2026 12:13:28 PM (UTC+1030),6278018.959,493696.644,80.388,0.11
27/01/2026 12:13:29 PM (UTC+1030),6278018.773,493695.85,80.382,0.108
27/01/2026 12:13:30 PM (UTC+1030),6278018.597,493695.096,80.344,0.108
27/01/2026 12:13:31 PM (UTC+1030),6278018.472,493694.326,80.337,0.11
27/01/2026 12:13:32 PM (UTC+1030),6278018.342,493693.543,80.291,0.11
27/01/2026 12:13:33 PM (UTC+1030),6278018.058,493692.755,80.253,0.11
27/01/2026 12:13:34 PM (UTC+1030),6278017.78,493691.984,80.238,0.11
27/01/2026 12:13:35 PM (UTC+1030),6278017.685,493691.28,80.174,0.11
27/01/2026 12:13:36 PM (UTC+1030),6278017.498,493690.452,80.142,0.106
27/01/2026 12:13:37 PM (UTC+1030),6278017.37,493689.656,80.147,0.106
27/01/2026 12:13:38 PM (UTC+1030),6278017.235,493688.86,80.09,0.108
27/01/2026 12:13:39 PM (UTC+1030),6278017.145,493688.11,80.069,0.108
27/01/2026 12:13:40 PM (UTC+1030),6278016.837,493687.368,80.016,0.106
27/01/2026 12:13:41 PM (UTC+1030),6278016.582,493686.52,79.99,0.106
27/01/2026 12:13:42 PM (UTC+1030),6278016.451,493685.665,79.913,0.106
27/01/2026 12:13:43 PM (UTC+1030),6278016.25,493684.848,79.904,0.106
27/01/2026 12:13:44 PM (UTC+1030),6278015.95,493684.046,79.881,0.108
27/01/2026 12:13:45 PM (UTC+1030),6278015.798,493683.164,79.801,0.108
27/01/2026 12:13:46 PM (UTC+1030),6278015.636,493682.412,79.811,0.108
27/01/2026 12:13:47 PM (UTC+1030),6278015.432,493681.538,79.746,0.108
27/01/2026 12:13:48 PM (UTC+1030),6278015.2,493680.664,79.753,0.108
27/01/2026 12:13:49 PM (UTC+1030),6278015.11,493679.8,79.689,0.11
27/01/2026 12:13:50 PM (UTC+1030),6278014.928,493678.913,79.689,0.108
27/01/2026 12:13:51 PM (UTC+1030),6278014.678,493678.119,79.658,0.11
27/01/2026 12:13:52 PM (UTC+1030),6278014.46,493677.276,79.609,0.108
27/01/2026 12:13:53 PM (UTC+1030),6278014.278,493676.39,79.597,0.108
27/01/2026 12:13:54 PM (UTC+1030),6278014.091,493675.522,79.536,0.107
27/01/2026 12:13:55 PM (UTC+1030),6278013.839,493674.661,79.535,0.109
27/01/2026 12:13:56 PM (UTC+1030),6278013.687,493673.797,79.45,0.108
27/01/2026 12:13:57 PM (UTC+1030),6278013.501,493672.919,79.453,0.106
27/01/2026 12:13:58 PM (UTC+1030),6278013.24,493672.111,79.394,0.106
27/01/2026 12:13:59 PM (UTC+1030),6278012.955,493671.275,79.399,0.106
27/01/2026 12:14:00 PM (UTC+1030),6278012.921,493670.448,79.355,0.106
27/01/2026 12:14:01 PM (UTC+1030),6278012.773,493669.721,79.329,0.108
27/01/2026 12:14:02 PM (UTC+1030),6278012.569,493668.842,79.301,0.106
27/01/2026 12:14:03 PM (UTC+1030),6278012.402,493667.975,79.265,0.106
27/01/2026 12:14:04 PM (UTC+1030),6278012.289,493667.102,79.228,0.106
27/01/2026 12:14:05 PM (UTC+1030),6278012.109,493666.259,79.212,0.106
27/01/2026 12:14:06 PM (UTC+1030),6278011.749,493665.473,79.205,0.108
27/01/2026 12:14:07 PM (UTC+1030),6278011.589,493664.606,79.131,0.108
27/01/2026 12:14:08 PM (UTC+1030),6278011.485,493663.732,79.143,0.107
27/01/2026 12:14:09 PM (UTC+1030),6278011.215,493662.975,79.081,0.107
27/01/2026 12:14:10 PM (UTC+1030),6278010.968,493662.203,79.093,0.105
27/01/2026 12:14:11 PM (UTC+1030),6278010.855,493661.37,79.013,0.107
27/01/2026 12:14:12 PM (UTC+1030),6278010.66,493660.572,79.036,0.107
27/01/2026 12:14:13 PM (UTC+1030),6278010.409,493659.877,78.981,0.106
27/01/2026 12:14:14 PM (UTC+1030),6278010.213,493659.165,78.981,0.108
27/01/2026 12:14:15 PM (UTC+1030),6278010.124,493658.398,78.92,0.106
27/01/2026 12:14:16 PM (UTC+1030),6278010.034,493657.661,78.922,0.106
27/01/2026 12:14:17 PM (UTC+1030),6278009.806,493656.947,78.874,0.105
27/01/2026 12:14:18 PM (UTC+1030),6278009.6,493656.211,78.876,0.105
27/01/2026 12:14:19 PM (UTC+1030),6278009.572,493655.386,78.812,0.107
27/01/2026 12:14:20 PM (UTC+1030),6278009.508,493654.6,78.814,0.106
27/01/2026 12:14:21 PM (UTC+1030),6278009.359,493653.84,78.765,0.105
27/01/2026 12:14:22 PM (UTC+1030),6278009.153,493653.157,78.783,0.105
27/01/2026 12:14:23 PM (UTC+1030),6278009.199,493652.437,78.735,0.105
27/01/2026 12:14:24 PM (UTC+1030),6278009.026,493651.735,78.694,0.105
27/01/2026 12:14:25 PM (UTC+1030),6278008.808,493651.067,78.712,0.105
27/01/2026 12:14:26 PM (UTC+1030),6278008.792,493650.271,78.667,0.105
27/01/2026 12:14:27 PM (UTC+1030),6278008.652,493649.48,78.636,0.105
27/01/2026 12:14:28 PM (UTC+1030),6278008.46,493648.702,78.639,0.104
27/01/2026 12:14:29 PM (UTC+1030),6278008.402,493647.907,78.59,0.102
27/01/2026 12:14:30 PM (UTC+1030),6278008.337,493647.137,78.602,0.104
27/01/2026 12:14:31 PM (UTC+1030),6278008.073,493646.402,78.56,0.105
27/01/2026 12:14:32 PM (UTC+1030),6278007.997,493645.65,78.551,0.105
27/01/2026 12:14:33 PM (UTC+1030),6278008.079,493644.879,78.516,0.105
27/01/2026 12:14:34 PM (UTC+1030),6278007.91,493644.073,78.462,0.105
27/01/2026 12:14:35 PM (UTC+1030),6278007.724,493643.327,78.483,0.105
27/01/2026 12:14:36 PM (UTC+1030),6278007.599,493642.45,78.409,0.105
27/01/2026 12:14:37 PM (UTC+1030),6278007.416,493641.656,78.403,0.105
27/01/2026 12:14:38 PM (UTC+1030),6278007.341,493640.869,78.378,0.104
27/01/2026 12:14:39 PM (UTC+1030),6278007.119,493640.154,78.384,0.104
27/01/2026 12:14:40 PM (UTC+1030),6278006.977,493639.414,78.358,0.104
27/01/2026 12:14:41 PM (UTC+1030),6278006.871,493638.561,78.325,0.105
27/01/2026 12:14:42 PM (UTC+1030),6278006.646,493637.806,78.3,0.107
27/01/2026 12:14:43 PM (UTC+1030),6278006.309,493637.011,78.281,0.107
27/01/2026 12:14:44 PM (UTC+1030),6278006.097,493636.172,78.244,0.107
27/01/2026 12:14:45 PM (UTC+1030),6278006.017,493635.346,78.209,0.105
27/01/2026 12:14:46 PM (UTC+1030),6278005.817,493634.559,78.174,0.107
27/01/2026 12:14:47 PM (UTC+1030),6278005.532,493633.73,78.176,0.107
27/01/2026 12:14:48 PM (UTC+1030),6278005.406,493632.911,78.117,0.107
27/01/2026 12:14:49 PM (UTC+1030),6278005.276,493632.114,78.14,0.107
27/01/2026 12:14:50 PM (UTC+1030),6278004.952,493631.34,78.082,0.105
27/01/2026 12:14:51 PM (UTC+1030),6278004.637,493630.542,78.113,0.105
27/01/2026 12:14:52 PM (UTC+1030),6278004.531,493629.712,78.06,0.105
27/01/2026 12:14:53 PM (UTC+1030),6278004.399,493628.799,78.064,0.107
27/01/2026 12:14:54 PM (UTC+1030),6278004.191,493627.963,78.032,0.107
27/01/2026 12:14:55 PM (UTC+1030),6278003.948,493627.137,78.008,0.107
27/01/2026 12:14:56 PM (UTC+1030),6278003.821,493626.285,77.996,0.107
27/01/2026 12:14:57 PM (UTC+1030),6278003.707,493625.47,77.963,0.105
27/01/2026 12:14:58 PM (UTC+1030),6278003.588,493624.623,77.965,0.105
27/01/2026 12:14:59 PM (UTC+1030),6278003.312,493623.849,77.92,0.104
27/01/2026 12:15:00 PM (UTC+1030),6278003.098,493623.09,77.927,0.105
27/01/2026 12:15:01 PM (UTC+1030),6278003.031,493622.298,77.884,0.104
27/01/2026 12:15:02 PM (UTC+1030),6278002.758,493621.511,77.852,0.104
27/01/2026 12:15:03 PM (UTC+1030),6278002.58,493620.741,77.865,0.104
27/01/2026 12:15:04 PM (UTC+1030),6278002.383,493619.938,77.82,0.104
27/01/2026 12:15:05 PM (UTC+1030),6278002.19,493619.201,77.813,0.104
27/01/2026 12:15:06 PM (UTC+1030),6278001.844,493618.497,77.783,0.105
27/01/2026 12:15:07 PM (UTC+1030),6278001.669,493617.695,77.775,0.105
27/01/2026 12:15:08 PM (UTC+1030),6278001.58,493616.911,77.744,0.107
27/01/2026 12:15:09 PM (UTC+1030),6278001.484,493616.166,77.757,0.107
27/01/2026 12:15:10 PM (UTC+1030),6278001.253,493615.401,77.715,0.105
27/01/2026 12:15:11 PM (UTC+1030),6278000.936,493614.627,77.736,0.106
27/01/2026 12:15:12 PM (UTC+1030),6278000.839,493613.802,77.67,0.106
27/01/2026 12:15:13 PM (UTC+1030),6278000.675,493613.076,77.704,0.106
27/01/2026 12:15:14 PM (UTC+1030),6278000.328,493612.389,77.701,0.109
27/01/2026 12:15:15 PM (UTC+1030),6278000.23,493611.619,77.65,0.11
27/01/2026 12:15:16 PM (UTC+1030),6278000.109,493610.961,77.668,0.109
27/01/2026 12:15:17 PM (UTC+1030),6277999.812,493610.281,77.621,0.109
27/01/2026 12:15:18 PM (UTC+1030),6277999.551,493609.581,77.62,0.109
27/01/2026 12:15:19 PM (UTC+1030),6277999.364,493608.862,77.571,0.109
27/01/2026 12:15:20 PM (UTC+1030),6277999.227,493608.121,77.577,0.107
27/01/2026 12:15:21 PM (UTC+1030),6277998.895,493607.46,77.538,0.109
27/01/2026 12:15:22 PM (UTC+1030),6277998.716,493606.754,77.569,0.109
27/01/2026 12:15:23 PM (UTC+1030),6277998.649,493605.983,77.52,0.109
27/01/2026 12:15:24 PM (UTC+1030),6277998.549,493605.212,77.508,0.106
27/01/2026 12:15:25 PM (UTC+1030),6277998.28,493604.488,77.494,0.106
27/01/2026 12:15:26 PM (UTC+1030),6277998.109,493603.636,77.465,0.106
27/01/2026 12:15:27 PM (UTC+1030),6277997.981,493602.852,77.444,0.106
27/01/2026 12:15:28 PM (UTC+1030),6277997.76,493602.075,77.399,0.104
27/01/2026 12:15:29 PM (UTC+1030),6277997.464,493601.322,77.401,0.104
27/01/2026 12:15:30 PM (UTC+1030),6277997.316,493600.539,77.335,0.104
27/01/2026 12:15:31 PM (UTC+1030),6277997.177,493599.77,77.342,0.106
27/01/2026 12:15:32 PM (UTC+1030),6277996.958,493599.02,77.292,0.106
27/01/2026 12:15:33 PM (UTC+1030),6277996.804,493598.298,77.305,0.106
27/01/2026 12:15:34 PM (UTC+1030),6277996.628,493597.504,77.248,0.106
27/01/2026 12:15:35 PM (UTC+1030),6277996.357,493596.738,77.244,0.106
27/01/2026 12:15:36 PM (UTC+1030),6277996.066,493596.026,77.188,0.108
27/01/2026 12:15:37 PM (UTC+1030),6277995.833,493595.247,77.203,0.106
27/01/2026 12:15:38 PM (UTC+1030),6277995.69,493594.509,77.151,0.106
27/01/2026 12:15:39 PM (UTC+1030),6277995.545,493593.848,77.151,0.104
27/01/2026 12:15:40 PM (UTC+1030),6277995.329,493593.111,77.101,0.106
27/01/2026 12:15:41 PM (UTC+1030),6277995.056,493592.455,77.122,0.107
27/01/2026 12:15:42 PM (UTC+1030),6277994.894,493591.685,77.065,0.107
27/01/2026 12:15:43 PM (UTC+1030),6277994.759,493590.972,77.064,0.106
27/01/2026 12:15:44 PM (UTC+1030),6277994.487,493590.293,77.051,0.107
27/01/2026 12:15:45 PM (UTC+1030),6277994.387,493589.479,77.008,0.106
27/01/2026 12:15:46 PM (UTC+1030),6277994.254,493588.75,77.014,0.106
27/01/2026 12:15:47 PM (UTC+1030),6277994.007,493588.019,76.974,0.106
27/01/2026 12:15:48 PM (UTC+1030),6277993.835,493587.337,76.978,0.106
27/01/2026 12:15:49 PM (UTC+1030),6277993.648,493586.566,76.946,0.105
27/01/2026 12:15:50 PM (UTC+1030),6277993.417,493585.813,76.906,0.104
27/01/2026 12:15:51 PM (UTC+1030),6277993.216,493585.119,76.912,0.106
27/01/2026 12:15:52 PM (UTC+1030),6277993.023,493584.391,76.906,0.106
27/01/2026 12:15:53 PM (UTC+1030),6277992.811,493583.601,76.874,0.104
27/01/2026 12:15:54 PM (UTC+1030),6277992.499,493582.794,76.843,0.104
27/01/2026 12:15:55 PM (UTC+1030),6277992.255,493582.04,76.842,0.104
27/01/2026 12:15:56 PM (UTC+1030),6277992.04,493581.267,76.847,0.104
27/01/2026 12:15:57 PM (UTC+1030),6277991.719,493580.56,76.797,0.103
27/01/2026 12:15:58 PM (UTC+1030),6277991.356,493579.907,76.829,0.102
27/01/2026 12:15:59 PM (UTC+1030),6277991.098,493579.168,76.772,0.102
27/01/2026 12:16:00 PM (UTC+1030),6277990.803,493578.416,76.777,0.102
27/01/2026 12:16:01 PM (UTC+1030),6277990.399,493577.706,76.743,0.103
27/01/2026 12:16:02 PM (UTC+1030),6277990.051,493577.028,76.737,0.104
27/01/2026 12:16:03 PM (UTC+1030),6277989.753,493576.323,76.696,0.104
27/01/2026 12:16:04 PM (UTC+1030),6277989.351,493575.684,76.653,0.104
27/01/2026 12:16:05 PM (UTC+1030),6277988.96,493575.062,76.678,0.103
27/01/2026 12:16:06 PM (UTC+1030),6277988.765,493574.392,76.631,0.104
27/01/2026 12:16:07 PM (UTC+1030),6277988.449,493573.724,76.611,0.106
27/01/2026 12:16:08 PM (UTC+1030),6277988.097,493573.114,76.565,0.106
27/01/2026 12:16:09 PM (UTC+1030),6277987.771,493572.413,76.55,0.104
27/01/2026 12:16:10 PM (UTC+1030),6277987.446,493571.647,76.494,0.106
27/01/2026 12:16:11 PM (UTC+1030),6277987.018,493570.972,76.495,0.108
27/01/2026 12:16:12 PM (UTC+1030),6277986.681,493570.272,76.455,0.108
27/01/2026 12:16:13 PM (UTC+1030),6277986.303,493569.606,76.466,0.106
27/01/2026 12:16:14 PM (UTC+1030),6277985.95,493568.858,76.399,0.105
27/01/2026 12:16:15 PM (UTC+1030),6277985.633,493568.126,76.389,0.105
27/01/2026 12:16:16 PM (UTC+1030),6277985.295,493567.452,76.355,0.106
27/01/2026 12:16:17 PM (UTC+1030),6277984.939,493566.7,76.334,0.106
27/01/2026 12:16:18 PM (UTC+1030),6277984.573,493565.988,76.332,0.107
27/01/2026 12:16:19 PM (UTC+1030),6277984.227,493565.282,76.286,0.107
27/01/2026 12:16:20 PM (UTC+1030),6277983.902,493564.635,76.295,0.106
27/01/2026 12:16:21 PM (UTC+1030),6277983.557,493564.036,76.262,0.108
27/01/2026 12:16:22 PM (UTC+1030),6277983.251,493563.448,76.266,0.108
27/01/2026 12:16:23 PM (UTC+1030),6277983.037,493562.774,76.257,0.108
27/01/2026 12:16:24 PM (UTC+1030),6277982.823,493562.045,76.214,0.108
27/01/2026 12:16:25 PM (UTC+1030),6277982.564,493561.314,76.238,0.108
27/01/2026 12:16:26 PM (UTC+1030),6277982.311,493560.671,76.215,0.108
27/01/2026 12:16:27 PM (UTC+1030),6277981.967,493560.076,76.213,0.108
27/01/2026 12:16:28 PM (UTC+1030),6277981.868,493559.361,76.168,0.108
27/01/2026 12:16:29 PM (UTC+1030),6277981.653,493558.641,76.169,0.109
27/01/2026 12:16:30 PM (UTC+1030),6277981.364,493558.057,76.144,0.108
27/01/2026 12:16:31 PM (UTC+1030),6277981.209,493557.427,76.15,0.109
27/01/2026 12:16:32 PM (UTC+1030),6277981.075,493556.797,76.12,0.109
27/01/2026 12:16:33 PM (UTC+1030),6277980.796,493556.232,76.113,0.111
27/01/2026 12:16:34 PM (UTC+1030),6277980.618,493555.667,76.149,0.111
27/01/2026 12:16:35 PM (UTC+1030),6277980.478,493555.17,76.16,0.109
27/01/2026 12:16:36 PM (UTC+1030),6277980.214,493554.886,76.163,0.111
27/01/2026 12:16:37 PM (UTC+1030),6277980.134,493554.67,76.185,0.111
27/01/2026 12:16:38 PM (UTC+1030),6277980.114,493554.671,76.183,0.113
27/01/2026 12:16:39 PM (UTC+1030),6277980.125,493554.646,76.177,0.115
27/01/2026 12:16:40 PM (UTC+1030),6277980.119,493554.658,76.176,0.111
27/01/2026 12:16:41 PM (UTC+1030),6277980.146,493554.676,76.173,0.111
27/01/2026 12:16:42 PM (UTC+1030),6277980.162,493554.666,76.16,0.111
27/01/2026 12:16:43 PM (UTC+1030),6277980.145,493554.674,76.164,0.111
27/01/2026 12:16:44 PM (UTC+1030),6277980.16,493554.654,76.177,0.084
27/01/2026 12:16:45 PM (UTC+1030),6277980.166,493554.654,76.175,0.083
27/01/2026 12:16:46 PM (UTC+1030),6277980.155,493554.709,76.179,0.084
27/01/2026 12:16:47 PM (UTC+1030),6277980.162,493554.72,76.186,0.084
27/01/2026 12:16:48 PM (UTC+1030),6277980.162,493554.712,76.18,0.087
27/01/2026 12:16:49 PM (UTC+1030),6277980.153,493554.699,76.182,0.087
27/01/2026 12:16:50 PM (UTC+1030),6277980.148,493554.704,76.18,0.09
27/01/2026 12:16:51 PM (UTC+1030),6277980.141,493554.701,76.18,0.092
27/01/2026 12:16:52 PM (UTC+1030),6277980.083,493554.609,76.181,0.093
27/01/2026 12:16:53 PM (UTC+1030),6277980.039,493554.65,76.177,0.093
27/01/2026 12:16:54 PM (UTC+1030),6277980.034,493554.695,76.175,0.099
27/01/2026 12:16:55 PM (UTC+1030),6277979.857,493554.643,76.172,0.097
27/01/2026 12:16:56 PM (UTC+1030),6277979.847,493554.64,76.153,0.1
27/01/2026 12:16:57 PM (UTC+1030),6277979.829,493554.651,76.154,0.099
27/01/2026 12:16:58 PM (UTC+1030),6277979.843,493554.636,76.148,0.116
27/01/2026 12:16:59 PM (UTC+1030),6277979.811,493554.685,76.152,0.116
27/01/2026 12:17:00 PM (UTC+1030),6277979.78,493554.629,76.156,0.101
27/01/2026 12:17:01 PM (UTC+1030),6277979.785,493554.638,76.143,0.103
27/01/2026 12:17:02 PM (UTC+1030),6277979.765,493554.62,76.149,0.104
27/01/2026 12:17:03 PM (UTC+1030),6277979.758,493554.624,76.146,0.104
27/01/2026 12:17:04 PM (UTC+1030),6277979.729,493554.586,76.148,0.106
27/01/2026 12:17:05 PM (UTC+1030),6277979.737,493554.556,76.151,0.106
27/01/2026 12:17:06 PM (UTC+1030),6277979.761,493554.571,76.141,0.106
27/01/2026 12:17:07 PM (UTC+1030),6277979.766,493554.611,76.143,0.108
27/01/2026 12:17:08 PM (UTC+1030),6277979.721,493554.582,76.142,0.108
27/01/2026 12:17:09 PM (UTC+1030),6277979.751,493554.614,76.133,0.108
27/01/2026 12:17:10 PM (UTC+1030),6277979.784,493554.575,76.157,0.109
27/01/2026 12:17:11 PM (UTC+1030),6277979.904,493554.734,76.152,0.109
27/01/2026 12:17:12 PM (UTC+1030),6277979.773,493554.625,76.135,0.109
27/01/2026 12:17:13 PM (UTC+1030),6277979.746,493554.693,76.136,0.111
27/01/2026 12:17:14 PM (UTC+1030),6277979.696,493554.812,76.109,0.113
27/01/2026 12:17:15 PM (UTC+1030),6277979.643,493554.969,76.14,0.113
27/01/2026 12:17:16 PM (UTC+1030),6277979.665,493554.956,76.14,0.112
27/01/2026 12:17:17 PM (UTC+1030),6277979.696,493554.923,76.132,0.112
27/01/2026 12:17:18 PM (UTC+1030),6277979.673,493554.942,76.114,0.126
27/01/2026 12:17:19 PM (UTC+1030),6277979.67,493554.938,76.118,0.126
27/01/2026 12:17:20 PM (UTC+1030),6277979.703,493555.076,76.136,0.129
27/01/2026 12:17:21 PM (UTC+1030),6277979.42,493555.268,76.157,0.112
27/01/2026 12:17:22 PM (UTC+1030),6277979.709,493555.239,76.151,0.113
27/01/2026 12:17:23 PM (UTC+1030),6277979.596,493555.19,76.147,0.113
27/01/2026 12:17:24 PM (UTC+1030),6277979.564,493555.136,76.147,0.113
27/01/2026 12:17:25 PM (UTC+1030),6277979.586,493555.26,76.15,0.115
27/01/2026 12:17:26 PM (UTC+1030),6277979.353,493555.308,76.132,0.131
27/01/2026 12:17:27 PM (UTC+1030),6277978.897,493555.523,76.147,0.13
27/01/2026 12:17:28 PM (UTC+1030),6277978.477,493555.534,76.143,0.133
27/01/2026 12:17:29 PM (UTC+1030),6277978.318,493555.503,76.123,0.133
27/01/2026 12:17:30 PM (UTC+1030),6277978.248,493555.52,76.106,0.115
27/01/2026 12:17:31 PM (UTC+1030),6277978.253,493555.571,76.107,0.131
27/01/2026 12:17:32 PM (UTC+1030),6277978.219,493555.657,76.117,0.13
27/01/2026 12:17:33 PM (UTC+1030),6277978.304,493555.771,76.116,0.131
27/01/2026 12:17:34 PM (UTC+1030),6277978.23,493555.948,76.11,0.133
27/01/2026 12:17:35 PM (UTC+1030),6277978.24,493555.935,76.101,0.115
27/01/2026 12:17:36 PM (UTC+1030),6277978.167,493555.989,76.098,0.115
27/01/2026 12:17:37 PM (UTC+1030),6277978.223,493555.928,76.095,0.115
27/01/2026 12:17:38 PM (UTC+1030),6277978.262,493555.874,76.109,0.115
27/01/2026 12:17:39 PM (UTC+1030),6277978.203,493555.855,76.118,0.126
27/01/2026 12:17:40 PM (UTC+1030),6277978.294,493555.887,76.111,0.126
27/01/2026 12:17:41 PM (UTC+1030),6277978.385,493555.805,76.114,0.113
27/01/2026 12:17:42 PM (UTC+1030),6277978.346,493555.896,76.114,0.113
27/01/2026 12:17:43 PM (UTC+1030),6277978.413,493555.796,76.088,0.115
27/01/2026 12:17:44 PM (UTC+1030),6277978.331,493555.67,76.099,0.115
27/01/2026 12:17:45 PM (UTC+1030),6277978.321,493555.646,76.097,0.115
27/01/2026 12:17:46 PM (UTC+1030),6277978.307,493555.658,76.104,0.116
27/01/2026 12:17:47 PM (UTC+1030),6277978.3,493555.654,76.103,0.13
27/01/2026 12:17:48 PM (UTC+1030),6277978.277,493555.647,76.099,0.13
27/01/2026 12:17:49 PM (UTC+1030),6277978.305,493555.656,76.107,0.131
27/01/2026 12:17:50 PM (UTC+1030),6277978.31,493555.656,76.107,0.131
27/01/2026 12:17:51 PM (UTC+1030),6277978.3,493555.653,76.107,0.118
27/01/2026 12:17:52 PM (UTC+1030),6277978.172,493555.675,76.107,0.118
27/01/2026 12:17:53 PM (UTC+1030),6277978.021,493555.457,76.11,0.116
27/01/2026 12:17:54 PM (UTC+1030),6277977.46,493555.219,76.074,0.118
27/01/2026 12:17:55 PM (UTC+1030),6277976.761,493554.905,76.102,0.118
27/01/2026 12:17:56 PM (UTC+1030),6277976.124,493554.579,76.101,0.12
27/01/2026 12:17:57 PM (UTC+1030),6277975.338,493554.238,76.059,0.135
27/01/2026 12:17:58 PM (UTC+1030),6277974.616,493553.876,76.083,0.135
27/01/2026 12:17:59 PM (UTC+1030),6277973.855,493553.549,76.071,0.135
27/01/2026 12:18:00 PM (UTC+1030),6277973.118,493553.186,76.069,0.136
27/01/2026 12:18:01 PM (UTC+1030),6277972.422,493552.9,76.093,0.138
27/01/2026 12:18:02 PM (UTC+1030),6277971.715,493552.558,76.082,0.138
27/01/2026 12:18:03 PM (UTC+1030),6277970.964,493552.199,76.061,0.138
27/01/2026 12:18:04 PM (UTC+1030),6277970.261,493551.944,76.097,0.138
27/01/2026 12:18:05 PM (UTC+1030),6277969.564,493551.552,76.085,0.138
27/01/2026 12:18:06 PM (UTC+1030),6277968.832,493551.209,76.079,0.138
27/01/2026 12:18:07 PM (UTC+1030),6277968.12,493550.865,76.098,0.14
27/01/2026 12:18:08 PM (UTC+1030),6277967.474,493550.451,76.065,0.138
27/01/2026 12:18:09 PM (UTC+1030),6277966.78,493550.047,76.076,0.138
27/01/2026 12:18:10 PM (UTC+1030),6277966.058,493549.683,76.075,0.135
27/01/2026 12:18:11 PM (UTC+1030),6277965.396,493549.216,76.074,0.135
27/01/2026 12:18:12 PM (UTC+1030),6277964.679,493548.817,76.054,0.135
27/01/2026 12:18:13 PM (UTC+1030),6277964,493548.403,76.059,0.135
27/01/2026 12:18:14 PM (UTC+1030),6277963.281,493547.915,76.025,0.135
27/01/2026 12:18:15 PM (UTC+1030),6277962.583,493547.38,75.992,0.135
27/01/2026 12:18:16 PM (UTC+1030),6277961.969,493546.832,76.005,0.135
27/01/2026 12:18:17 PM (UTC+1030),6277961.306,493546.312,76.007,0.135
27/01/2026 12:18:18 PM (UTC+1030),6277960.641,493545.843,76.027,0.133
27/01/2026 12:18:19 PM (UTC+1030),6277959.941,493545.318,75.986,0.133
27/01/2026 12:18:20 PM (UTC+1030),6277959.254,493544.819,75.991,0.131
27/01/2026 12:18:21 PM (UTC+1030),6277958.699,493544.431,76.001,0.133
27/01/2026 12:18:22 PM (UTC+1030),6277958.193,493544.019,75.982,0.131
27/01/2026 12:18:23 PM (UTC+1030),6277957.641,493543.573,75.965,0.131
27/01/2026 12:18:24 PM (UTC+1030),6277957.055,493543.182,75.957,0.13
27/01/2026 12:18:25 PM (UTC+1030),6277956.443,493542.801,75.925,0.126
27/01/2026 12:18:26 PM (UTC+1030),6277955.853,493542.352,75.947,0.128
27/01/2026 12:18:27 PM (UTC+1030),6277955.348,493541.871,75.946,0.128
27/01/2026 12:18:28 PM (UTC+1030),6277954.757,493541.373,75.939,0.128
27/01/2026 12:18:29 PM (UTC+1030),6277954.232,493540.819,75.913,0.125
27/01/2026 12:18:30 PM (UTC+1030),6277953.688,493540.343,75.939,0.125
27/01/2026 12:18:31 PM (UTC+1030),6277953.156,493539.862,75.915,0.125
27/01/2026 12:18:32 PM (UTC+1030),6277952.572,493539.387,75.923,0.123
27/01/2026 12:18:33 PM (UTC+1030),6277952.053,493538.872,75.926,0.123
27/01/2026 12:18:34 PM (UTC+1030),6277951.519,493538.356,75.898,0.125
27/01/2026 12:18:35 PM (UTC+1030),6277951.021,493537.817,75.907,0.121
27/01/2026 12:18:36 PM (UTC+1030),6277950.503,493537.345,75.913,0.123
27/01/2026 12:18:37 PM (UTC+1030),6277949.974,493536.818,75.892,0.123
27/01/2026 12:18:38 PM (UTC+1030),6277949.495,493536.271,75.903,0.121
27/01/2026 12:18:39 PM (UTC+1030),6277949.005,493535.713,75.909,0.12
27/01/2026 12:18:40 PM (UTC+1030),6277948.487,493535.094,75.87,0.118
27/01/2026 12:18:41 PM (UTC+1030),6277947.972,493534.484,75.896,0.118
27/01/2026 12:18:42 PM (UTC+1030),6277947.431,493533.815,75.901,0.12
27/01/2026 12:18:43 PM (UTC+1030),6277946.883,493533.181,75.876,0.118
27/01/2026 12:18:44 PM (UTC+1030),6277946.384,493532.571,75.894,0.118
27/01/2026 12:18:45 PM (UTC+1030),6277945.939,493531.948,75.884,0.118
27/01/2026 12:18:46 PM (UTC+1030),6277945.421,493531.297,75.872,0.12
27/01/2026 12:18:47 PM (UTC+1030),6277944.919,493530.657,75.887,0.118
27/01/2026 12:18:48 PM (UTC+1030),6277944.496,493530.036,75.877,0.118
27/01/2026 12:18:49 PM (UTC+1030),6277944.062,493529.364,75.848,0.118
27/01/2026 12:18:50 PM (UTC+1030),6277943.535,493528.688,75.858,0.118
27/01/2026 12:18:51 PM (UTC+1030),6277943.038,493528.078,75.868,0.118
27/01/2026 12:18:52 PM (UTC+1030),6277942.623,493527.417,75.867,0.118
27/01/2026 12:18:53 PM (UTC+1030),6277942.205,493526.721,75.831,0.119
27/01/2026 12:18:54 PM (UTC+1030),6277941.783,493526.028,75.84,0.116
27/01/2026 12:18:55 PM (UTC+1030),6277941.36,493525.32,75.846,0.116
27/01/2026 12:18:56 PM (UTC+1030),6277940.9,493524.624,75.816,0.117
27/01/2026 12:18:57 PM (UTC+1030),6277940.429,493523.952,75.818,0.117
27/01/2026 12:18:58 PM (UTC+1030),6277940.03,493523.351,75.835,0.117
27/01/2026 12:18:59 PM (UTC+1030),6277939.641,493522.73,75.83,0.117
27/01/2026 12:19:00 PM (UTC+1030),6277939.311,493522.051,75.808,0.115
27/01/2026 12:19:01 PM (UTC+1030),6277938.969,493521.442,75.829,0.116
27/01/2026 12:19:02 PM (UTC+1030),6277938.594,493520.862,75.847,0.115
27/01/2026 12:19:03 PM (UTC+1030),6277938.153,493520.257,75.816,0.116
27/01/2026 12:19:04 PM (UTC+1030),6277937.76,493519.704,75.84,0.116
27/01/2026 12:19:05 PM (UTC+1030),6277937.423,493519.139,75.816,0.116
27/01/2026 12:19:06 PM (UTC+1030),6277937.05,493518.455,75.808,0.117
27/01/2026 12:19:07 PM (UTC+1030),6277936.674,493517.783,75.833,0.116
27/01/2026 12:19:08 PM (UTC+1030),6277936.29,493517.016,75.794,0.116
27/01/2026 12:19:09 PM (UTC+1030),6277935.89,493516.348,75.809,0.114
27/01/2026 12:19:10 PM (UTC+1030),6277935.565,493515.66,75.827,0.112
27/01/2026 12:19:11 PM (UTC+1030),6277935.243,493514.943,75.795,0.114
27/01/2026 12:19:12 PM (UTC+1030),6277934.901,493514.233,75.79,0.116
27/01/2026 12:19:13 PM (UTC+1030),6277934.515,493513.486,75.769,0.117
27/01/2026 12:19:14 PM (UTC+1030),6277934.104,493512.695,75.723,0.117
27/01/2026 12:19:15 PM (UTC+1030),6277933.72,493512.015,75.705,0.116
27/01/2026 12:19:16 PM (UTC+1030),6277933.333,493511.249,75.668,0.117
27/01/2026 12:19:17 PM (UTC+1030),6277933.05,493510.401,75.613,0.117
27/01/2026 12:19:18 PM (UTC+1030),6277932.721,493509.67,75.588,0.119
27/01/2026 12:19:19 PM (UTC+1030),6277932.321,493508.971,75.539,0.117
27/01/2026 12:19:20 PM (UTC+1030),6277931.963,493508.213,75.5,0.117
27/01/2026 12:19:21 PM (UTC+1030),6277931.614,493507.403,75.421,0.119
27/01/2026 12:19:22 PM (UTC+1030),6277931.271,493506.588,75.418,0.119
27/01/2026 12:19:23 PM (UTC+1030),6277930.862,493505.804,75.35,0.119
27/01/2026 12:19:24 PM (UTC+1030),6277930.517,493504.973,75.342,0.121
27/01/2026 12:19:25 PM (UTC+1030),6277930.221,493504.191,75.256,0.119
27/01/2026 12:19:26 PM (UTC+1030),6277929.877,493503.445,75.242,0.121
27/01/2026 12:19:27 PM (UTC+1030),6277929.554,493502.725,75.207,0.121
27/01/2026 12:19:28 PM (UTC+1030),6277929.205,493502,75.152,0.121
27/01/2026 12:19:29 PM (UTC+1030),6277928.82,493501.308,75.122,0.121
27/01/2026 12:19:30 PM (UTC+1030),6277928.529,493500.566,75.072,0.117
27/01/2026 12:19:31 PM (UTC+1030),6277928.214,493499.837,75.054,0.119
27/01/2026 12:19:32 PM (UTC+1030),6277927.847,493499.156,75,0.119
27/01/2026 12:19:33 PM (UTC+1030),6277927.531,493498.431,74.983,0.116
27/01/2026 12:19:34 PM (UTC+1030),6277927.215,493497.745,74.916,0.116
27/01/2026 12:19:35 PM (UTC+1030),6277926.963,493497.012,74.893,0.114
27/01/2026 12:19:36 PM (UTC+1030),6277926.651,493496.297,74.855,0.115
27/01/2026 12:19:37 PM (UTC+1030),6277926.267,493495.601,74.796,0.115
27/01/2026 12:19:38 PM (UTC+1030),6277925.88,493494.927,74.765,0.115
27/01/2026 12:19:39 PM (UTC+1030),6277925.57,493494.242,74.742,0.115
27/01/2026 12:19:40 PM (UTC+1030),6277925.306,493493.595,74.649,0.114
27/01/2026 12:19:41 PM (UTC+1030),6277925.02,493492.837,74.636,0.116
27/01/2026 12:19:42 PM (UTC+1030),6277924.765,493492.067,74.603,0.114
27/01/2026 12:19:43 PM (UTC+1030),6277924.404,493491.383,74.528,0.114
27/01/2026 12:19:44 PM (UTC+1030),6277924.051,493490.688,74.515,0.114
27/01/2026 12:19:45 PM (UTC+1030),6277923.791,493490.033,74.488,0.114
27/01/2026 12:19:46 PM (UTC+1030),6277923.476,493489.336,74.443,0.114
27/01/2026 12:19:47 PM (UTC+1030),6277923.204,493488.666,74.397,0.114
27/01/2026 12:19:48 PM (UTC+1030),6277923.039,493487.981,74.38,0.114
27/01/2026 12:19:49 PM (UTC+1030),6277922.791,493487.349,74.377,0.112
27/01/2026 12:19:50 PM (UTC+1030),6277922.481,493486.702,74.333,0.112
27/01/2026 12:19:51 PM (UTC+1030),6277922.211,493486.022,74.328,0.114
27/01/2026 12:19:52 PM (UTC+1030),6277921.989,493485.286,74.313,0.114
27/01/2026 12:19:53 PM (UTC+1030),6277921.808,493484.538,74.274,0.114
27/01/2026 12:19:54 PM (UTC+1030),6277921.527,493483.833,74.273,0.114
27/01/2026 12:19:55 PM (UTC+1030),6277921.234,493483.074,74.226,0.11
27/01/2026 12:19:56 PM (UTC+1030),6277921.029,493482.322,74.232,0.112
27/01/2026 12:19:57 PM (UTC+1030),6277920.855,493481.623,74.232,0.112
27/01/2026 12:19:58 PM (UTC+1030),6277920.713,493480.846,74.177,0.112
27/01/2026 12:19:59 PM (UTC+1030),6277920.663,493480.129,74.168,0.11
27/01/2026 12:20:00 PM (UTC+1030),6277920.536,493479.391,74.148,0.112
27/01/2026 12:20:01 PM (UTC+1030),6277920.394,493478.67,74.115,0.112
27/01/2026 12:20:02 PM (UTC+1030),6277920.281,493477.906,74.103,0.114
27/01/2026 12:20:03 PM (UTC+1030),6277920.2,493477.119,74.075,0.114
27/01/2026 12:20:04 PM (UTC+1030),6277920.241,493476.354,74.031,0.112
27/01/2026 12:20:05 PM (UTC+1030),6277920.16,493475.604,73.974,0.11
27/01/2026 12:20:06 PM (UTC+1030),6277920.076,493474.877,73.975,0.112
27/01/2026 12:20:07 PM (UTC+1030),6277920.087,493474.069,73.939,0.114
27/01/2026 12:20:08 PM (UTC+1030),6277920.116,493473.278,73.915,0.114
27/01/2026 12:20:09 PM (UTC+1030),6277920.093,493472.527,73.931,0.113
27/01/2026 12:20:10 PM (UTC+1030),6277919.959,493471.763,73.902,0.11
27/01/2026 12:20:11 PM (UTC+1030),6277919.916,493471.034,73.907,0.111
27/01/2026 12:20:12 PM (UTC+1030),6277919.907,493470.214,73.888,0.11
27/01/2026 12:20:13 PM (UTC+1030),6277919.97,493469.442,73.832,0.11
27/01/2026 12:20:14 PM (UTC+1030),6277920.086,493468.627,73.825,0.106
27/01/2026 12:20:15 PM (UTC+1030),6277920.231,493467.799,73.795,0.106
27/01/2026 12:20:16 PM (UTC+1030),6277920.328,493466.945,73.769,0.108
27/01/2026 12:20:17 PM (UTC+1030),6277920.406,493466.065,73.765,0.108
27/01/2026 12:20:18 PM (UTC+1030),6277920.502,493465.184,73.722,0.108
27/01/2026 12:20:19 PM (UTC+1030),6277920.615,493464.328,73.684,0.108
27/01/2026 12:20:20 PM (UTC+1030),6277920.669,493463.498,73.686,0.108
27/01/2026 12:20:21 PM (UTC+1030),6277920.828,493462.664,73.629,0.106
27/01/2026 12:20:22 PM (UTC+1030),6277920.911,493461.781,73.626,0.104
27/01/2026 12:20:23 PM (UTC+1030),6277921.046,493460.942,73.581,0.106
27/01/2026 12:20:24 PM (UTC+1030),6277921.125,493460.034,73.54,0.106
27/01/2026 12:20:25 PM (UTC+1030),6277921.111,493459.147,73.546,0.103
27/01/2026 12:20:26 PM (UTC+1030),6277921.176,493458.251,73.522,0.104
27/01/2026 12:20:27 PM (UTC+1030),6277921.196,493457.348,73.477,0.103
27/01/2026 12:20:28 PM (UTC+1030),6277921.141,493456.473,73.471,0.103
27/01/2026 12:20:29 PM (UTC+1030),6277921.107,493455.562,73.449,0.103
27/01/2026 12:20:30 PM (UTC+1030),6277921.217,493454.699,73.42,0.101
27/01/2026 12:20:31 PM (UTC+1030),6277921.26,493453.763,73.363,0.103
27/01/2026 12:20:32 PM (UTC+1030),6277921.266,493452.855,73.375,0.103
27/01/2026 12:20:33 PM (UTC+1030),6277921.259,493451.962,73.357,0.103
27/01/2026 12:20:34 PM (UTC+1030),6277921.2,493451.047,73.3,0.103
27/01/2026 12:20:35 PM (UTC+1030),6277921.12,493450.103,73.295,0.101
27/01/2026 12:20:36 PM (UTC+1030),6277920.904,493449.239,73.293,0.103
27/01/2026 12:20:37 PM (UTC+1030),6277920.693,493448.379,73.264,0.103
27/01/2026 12:20:38 PM (UTC+1030),6277920.613,493447.483,73.201,0.103
27/01/2026 12:20:39 PM (UTC+1030),6277920.477,493446.613,73.204,0.103
27/01/2026 12:20:40 PM (UTC+1030),6277920.316,493445.739,73.201,0.101
27/01/2026 12:20:41 PM (UTC+1030),6277920.061,493444.857,73.153,0.103
27/01/2026 12:20:42 PM (UTC+1030),6277919.621,493444.08,73.126,0.103
27/01/2026 12:20:43 PM (UTC+1030),6277919.289,493443.343,73.119,0.103
27/01/2026 12:20:44 PM (UTC+1030),6277919.076,493442.547,73.115,0.103
27/01/2026 12:20:45 PM (UTC+1030),6277918.893,493441.828,73.049,0.101
27/01/2026 12:20:46 PM (UTC+1030),6277918.622,493441.032,73.05,0.103
27/01/2026 12:20:47 PM (UTC+1030),6277918.314,493440.252,73.034,0.103
27/01/2026 12:20:48 PM (UTC+1030),6277917.961,493439.467,72.98,0.103
27/01/2026 12:20:49 PM (UTC+1030),6277917.586,493438.673,72.99,0.099
27/01/2026 12:20:50 PM (UTC+1030),6277917.251,493437.908,72.978,0.101
27/01/2026 12:20:51 PM (UTC+1030),6277916.868,493437.135,72.934,0.101
27/01/2026 12:20:52 PM (UTC+1030),6277916.526,493436.37,72.899,0.101
27/01/2026 12:20:53 PM (UTC+1030),6277916.065,493435.607,72.906,0.103
27/01/2026 12:20:54 PM (UTC+1030),6277915.493,493434.821,72.864,0.104
27/01/2026 12:20:55 PM (UTC+1030),6277914.872,493434.17,72.829,0.103
27/01/2026 12:20:56 PM (UTC+1030),6277914.256,493433.569,72.83,0.104
27/01/2026 12:20:57 PM (UTC+1030),6277913.651,493432.875,72.794,0.104
27/01/2026 12:20:58 PM (UTC+1030),6277913.003,493432.237,72.737,0.104
27/01/2026 12:20:59 PM (UTC+1030),6277912.371,493431.597,72.703,0.103
27/01/2026 12:21:00 PM (UTC+1030),6277911.721,493431.035,72.721,0.103
27/01/2026 12:21:01 PM (UTC+1030),6277910.991,493430.612,72.729,0.104
27/01/2026 12:21:02 PM (UTC+1030),6277910.351,493430.09,72.7,0.104
27/01/2026 12:21:03 PM (UTC+1030),6277909.605,493429.598,72.677,0.104
27/01/2026 12:21:04 PM (UTC+1030),6277908.825,493429.195,72.692,0.103
27/01/2026 12:21:05 PM (UTC+1030),6277908.038,493428.812,72.694,0.104
27/01/2026 12:21:06 PM (UTC+1030),6277907.291,493428.457,72.646,0.104
27/01/2026 12:21:07 PM (UTC+1030),6277906.549,493428.167,72.684,0.106
27/01/2026 12:21:08 PM (UTC+1030),6277905.847,493427.814,72.672,0.106
27/01/2026 12:21:09 PM (UTC+1030),6277905.162,493427.405,72.639,0.104
27/01/2026 12:21:10 PM (UTC+1030),6277904.5,493427.096,72.645,0.104
27/01/2026 12:21:11 PM (UTC+1030),6277903.87,493426.716,72.615,0.106
27/01/2026 12:21:12 PM (UTC+1030),6277903.264,493426.343,72.649,0.106
27/01/2026 12:21:13 PM (UTC+1030),6277902.52,493426.165,72.627,0.106
27/01/2026 12:21:14 PM (UTC+1030),6277901.795,493425.884,72.66,0.106
27/01/2026 12:21:15 PM (UTC+1030),6277901.015,493425.558,72.623,0.104
27/01/2026 12:21:16 PM (UTC+1030),6277900.349,493425.263,72.634,0.104
27/01/2026 12:21:17 PM (UTC+1030),6277899.533,493425.086,72.611,0.104
27/01/2026 12:21:18 PM (UTC+1030),6277898.757,493424.88,72.638,0.104
27/01/2026 12:21:19 PM (UTC+1030),6277898.023,493424.539,72.592,0.103
27/01/2026 12:21:20 PM (UTC+1030),6277897.219,493424.267,72.61,0.103
27/01/2026 12:21:21 PM (UTC+1030),6277896.376,493424.083,72.599,0.103
27/01/2026 12:21:22 PM (UTC+1030),6277895.557,493423.885,72.619,0.103
27/01/2026 12:21:23 PM (UTC+1030),6277894.757,493423.641,72.606,0.103
27/01/2026 12:21:24 PM (UTC+1030),6277894,493423.367,72.615,0.103
27/01/2026 12:21:25 PM (UTC+1030),6277893.179,493423.188,72.598,0.103
27/01/2026 12:21:26 PM (UTC+1030),6277892.378,493422.97,72.648,0.104
27/01/2026 12:21:27 PM (UTC+1030),6277891.567,493422.609,72.601,0.102
27/01/2026 12:21:28 PM (UTC+1030),6277890.748,493422.333,72.666,0.104
27/01/2026 12:21:29 PM (UTC+1030),6277889.906,493422.169,72.649,0.104
27/01/2026 12:21:30 PM (UTC+1030),6277889.064,493421.989,72.699,0.1
27/01/2026 12:21:31 PM (UTC+1030),6277888.236,493421.702,72.671,0.102
27/01/2026 12:21:32 PM (UTC+1030),6277887.461,493421.451,72.687,0.103
27/01/2026 12:21:33 PM (UTC+1030),6277886.751,493421.37,72.677,0.103
27/01/2026 12:21:34 PM (UTC+1030),6277886.037,493421.203,72.701,0.105
27/01/2026 12:21:35 PM (UTC+1030),6277885.292,493420.955,72.685,0.105
27/01/2026 12:21:36 PM (UTC+1030),6277884.598,493420.638,72.698,0.105
27/01/2026 12:21:37 PM (UTC+1030),6277883.868,493420.379,72.702,0.105
27/01/2026 12:21:38 PM (UTC+1030),6277883.04,493420.241,72.722,0.105
27/01/2026 12:21:39 PM (UTC+1030),6277882.228,493420.035,72.75,0.105
27/01/2026 12:21:40 PM (UTC+1030),6277881.448,493419.768,72.749,0.103
27/01/2026 12:21:41 PM (UTC+1030),6277880.683,493419.455,72.745,0.105
27/01/2026 12:21:42 PM (UTC+1030),6277879.91,493419.263,72.772,0.105
27/01/2026 12:21:43 PM (UTC+1030),6277879.077,493419.052,72.762,0.105
27/01/2026 12:21:44 PM (UTC+1030),6277878.19,493418.89,72.791,0.105
27/01/2026 12:21:45 PM (UTC+1030),6277877.46,493418.719,72.836,0.103
27/01/2026 12:21:46 PM (UTC+1030),6277876.786,493418.28,72.807,0.105
27/01/2026 12:21:47 PM (UTC+1030),6277876.03,493418.021,72.862,0.105
27/01/2026 12:21:48 PM (UTC+1030),6277875.302,493417.683,72.864,0.104
27/01/2026 12:21:49 PM (UTC+1030),6277874.534,493417.387,72.869,0.103
27/01/2026 12:21:50 PM (UTC+1030),6277873.745,493417.02,72.889,0.102
27/01/2026 12:21:51 PM (UTC+1030),6277873.057,493416.563,72.86,0.103
27/01/2026 12:21:52 PM (UTC+1030),6277872.407,493416.035,72.903,0.102
27/01/2026 12:21:53 PM (UTC+1030),6277871.755,493415.525,72.919,0.103
27/01/2026 12:21:54 PM (UTC+1030),6277871.027,493414.994,72.918,0.103
27/01/2026 12:21:55 PM (UTC+1030),6277870.384,493414.413,72.951,0.102
27/01/2026 12:21:56 PM (UTC+1030),6277869.877,493413.71,72.945,0.103
27/01/2026 12:21:57 PM (UTC+1030),6277869.392,493413.048,72.952,0.103
27/01/2026 12:21:58 PM (UTC+1030),6277868.917,493412.326,73.016,0.103
27/01/2026 12:21:59 PM (UTC+1030),6277868.463,493411.657,73.027,0.103
27/01/2026 12:22:00 PM (UTC+1030),6277868.113,493410.94,73.019,0.104
27/01/2026 12:22:01 PM (UTC+1030),6277867.784,493410.268,73.054,0.103
27/01/2026 12:22:02 PM (UTC+1030),6277867.471,493409.661,73.06,0.103
27/01/2026 12:22:03 PM (UTC+1030),6277867.307,493408.945,73.083,0.104
27/01/2026 12:22:04 PM (UTC+1030),6277867.149,493408.206,73.105,0.104
27/01/2026 12:22:05 PM (UTC+1030),6277867.082,493407.452,73.128,0.104
27/01/2026 12:22:06 PM (UTC+1030),6277866.992,493406.679,73.123,0.106
27/01/2026 12:22:07 PM (UTC+1030),6277867.007,493405.88,73.147,0.106
27/01/2026 12:22:08 PM (UTC+1030),6277867.04,493405.026,73.122,0.106
27/01/2026 12:22:09 PM (UTC+1030),6277867.118,493404.198,73.079,0.104
27/01/2026 12:22:10 PM (UTC+1030),6277867.22,493403.403,73.059,0.104
27/01/2026 12:22:11 PM (UTC+1030),6277867.307,493402.537,72.989,0.104
27/01/2026 12:22:12 PM (UTC+1030),6277867.493,493401.646,72.992,0.104
27/01/2026 12:22:13 PM (UTC+1030),6277867.801,493400.86,72.912,0.104
27/01/2026 12:22:14 PM (UTC+1030),6277868.032,493399.908,72.956,0.103
27/01/2026 12:22:15 PM (UTC+1030),6277868.239,493399.174,72.882,0.103
27/01/2026 12:22:16 PM (UTC+1030),6277868.38,493398.274,72.856,0.102
27/01/2026 12:22:17 PM (UTC+1030),6277868.518,493397.434,72.848,0.102
27/01/2026 12:22:18 PM (UTC+1030),6277868.697,493396.582,72.777,0.1
27/01/2026 12:22:19 PM (UTC+1030),6277868.998,493395.72,72.69,0.1
27/01/2026 12:22:20 PM (UTC+1030),6277869.355,493394.984,72.672,0.101
27/01/2026 12:22:21 PM (UTC+1030),6277869.544,493394.142,72.604,0.102
27/01/2026 12:22:22 PM (UTC+1030),6277869.671,493393.339,72.592,0.101
27/01/2026 12:22:23 PM (UTC+1030),6277870.015,493392.615,72.528,0.103
27/01/2026 12:22:24 PM (UTC+1030),6277870.317,493391.841,72.508,0.101
27/01/2026 12:22:25 PM (UTC+1030),6277870.467,493391.016,72.472,0.1
27/01/2026 12:22:26 PM (UTC+1030),6277870.665,493390.187,72.438,0.101
27/01/2026 12:22:27 PM (UTC+1030),6277870.951,493389.452,72.376,0.101
27/01/2026 12:22:28 PM (UTC+1030),6277871.04,493388.692,72.361,0.101
27/01/2026 12:22:29 PM (UTC+1030),6277871.236,493387.874,72.34,0.101
27/01/2026 12:22:30 PM (UTC+1030),6277871.497,493387.084,72.357,0.101
27/01/2026 12:22:31 PM (UTC+1030),6277871.808,493386.291,72.316,0.103
27/01/2026 12:22:32 PM (UTC+1030),6277872.185,493385.494,72.261,0.103
27/01/2026 12:22:33 PM (UTC+1030),6277872.546,493384.714,72.255,0.103
27/01/2026 12:22:34 PM (UTC+1030),6277872.819,493383.861,72.235,0.103
27/01/2026 12:22:35 PM (UTC+1030),6277873.014,493382.991,72.225,0.103
27/01/2026 12:22:36 PM (UTC+1030),6277873.333,493382.18,72.23,0.104
27/01/2026 12:22:37 PM (UTC+1030),6277873.708,493381.416,72.179,0.104
27/01/2026 12:22:38 PM (UTC+1030),6277874.078,493380.597,72.166,0.103
27/01/2026 12:22:39 PM (UTC+1030),6277874.372,493379.751,72.116,0.103
27/01/2026 12:22:40 PM (UTC+1030),6277874.598,493378.902,72.086,0.101
27/01/2026 12:22:41 PM (UTC+1030),6277874.922,493378.137,72.031,0.103
27/01/2026 12:22:42 PM (UTC+1030),6277875.358,493377.397,71.982,0.101
27/01/2026 12:22:43 PM (UTC+1030),6277875.646,493376.616,71.935,0.101
27/01/2026 12:22:44 PM (UTC+1030),6277875.799,493375.757,71.918,0.101
27/01/2026 12:22:45 PM (UTC+1030),6277876.04,493374.96,71.898,0.101
27/01/2026 12:22:46 PM (UTC+1030),6277876.396,493374.226,71.844,0.103
27/01/2026 12:22:47 PM (UTC+1030),6277876.583,493373.42,71.828,0.103
27/01/2026 12:22:48 PM (UTC+1030),6277876.843,493372.602,71.792,0.101
27/01/2026 12:22:49 PM (UTC+1030),6277877.194,493371.841,71.78,0.101
27/01/2026 12:22:50 PM (UTC+1030),6277877.52,493371.015,71.706,0.099
27/01/2026 12:22:51 PM (UTC+1030),6277877.973,493370.269,71.723,0.101
27/01/2026 12:22:52 PM (UTC+1030),6277878.492,493369.544,71.69,0.101
27/01/2026 12:22:53 PM (UTC+1030),6277879.04,493368.739,71.624,0.101
27/01/2026 12:22:54 PM (UTC+1030),6277879.571,493367.921,71.615,0.101
27/01/2026 12:22:55 PM (UTC+1030),6277880.06,493367.11,71.599,0.103
27/01/2026 12:22:56 PM (UTC+1030),6277880.617,493366.358,71.52,0.103
27/01/2026 12:22:57 PM (UTC+1030),6277881.187,493365.509,71.536,0.103
27/01/2026 12:22:58 PM (UTC+1030),6277881.617,493364.722,71.478,0.103
27/01/2026 12:22:59 PM (UTC+1030),6277882.01,493363.824,71.469,0.103
27/01/2026 12:23:00 PM (UTC+1030),6277882.59,493363.047,71.448,0.101
27/01/2026 12:23:01 PM (UTC+1030),6277883.245,493362.318,71.393,0.101
27/01/2026 12:23:02 PM (UTC+1030),6277883.81,493361.562,71.413,0.1
27/01/2026 12:23:03 PM (UTC+1030),6277884.424,493360.846,71.389,0.099
27/01/2026 12:23:04 PM (UTC+1030),6277884.854,493360.018,71.374,0.099
27/01/2026 12:23:05 PM (UTC+1030),6277885.291,493359.189,71.347,0.099
27/01/2026 12:23:06 PM (UTC+1030),6277885.841,493358.389,71.298,0.099
27/01/2026 12:23:07 PM (UTC+1030),6277886.413,493357.749,71.285,0.099
27/01/2026 12:23:08 PM (UTC+1030),6277886.885,493357.078,71.255,0.098
27/01/2026 12:23:09 PM (UTC+1030),6277887.062,493356.228,71.26,0.099
27/01/2026 12:23:10 PM (UTC+1030),6277887.222,493355.379,71.233,0.098
27/01/2026 12:23:11 PM (UTC+1030),6277887.567,493354.594,71.169,0.099
27/01/2026 12:23:12 PM (UTC+1030),6277887.859,493353.776,71.155,0.098
27/01/2026 12:23:13 PM (UTC+1030),6277888.101,493352.938,71.073,0.098
27/01/2026 12:23:14 PM (UTC+1030),6277888.374,493352.014,71.078,0.098
27/01/2026 12:23:15 PM (UTC+1030),6277888.582,493351.177,71.08,0.098
27/01/2026 12:23:16 PM (UTC+1030),6277888.937,493350.422,70.98,0.099
27/01/2026 12:23:17 PM (UTC+1030),6277889.276,493349.576,71.006,0.099
27/01/2026 12:23:18 PM (UTC+1030),6277889.478,493348.694,70.967,0.099
27/01/2026 12:23:19 PM (UTC+1030),6277889.627,493347.883,70.933,0.099
27/01/2026 12:23:20 PM (UTC+1030),6277889.896,493347.122,70.914,0.099
27/01/2026 12:23:21 PM (UTC+1030),6277890.269,493346.468,70.887,0.101
27/01/2026 12:23:22 PM (UTC+1030),6277890.438,493345.685,70.843,0.099
27/01/2026 12:23:23 PM (UTC+1030),6277890.636,493344.937,70.833,0.099
27/01/2026 12:23:24 PM (UTC+1030),6277891.06,493344.278,70.787,0.103
27/01/2026 12:23:25 PM (UTC+1030),6277891.403,493343.509,70.743,0.098
27/01/2026 12:23:26 PM (UTC+1030),6277891.599,493342.646,70.722,0.099
27/01/2026 12:23:27 PM (UTC+1030),6277891.788,493341.751,70.641,0.102
27/01/2026 12:23:28 PM (UTC+1030),6277891.913,493340.909,70.639,0.102
27/01/2026 12:23:29 PM (UTC+1030),6277892.14,493340.086,70.593,0.102
27/01/2026 12:23:30 PM (UTC+1030),6277892.482,493339.329,70.519,0.1
27/01/2026 12:23:31 PM (UTC+1030),6277892.772,493338.526,70.503,0.099
27/01/2026 12:23:32 PM (UTC+1030),6277892.985,493337.698,70.446,0.099
27/01/2026 12:23:33 PM (UTC+1030),6277893.028,493336.905,70.449,0.099
27/01/2026 12:23:34 PM (UTC+1030),6277893.209,493336.025,70.388,0.098
27/01/2026 12:23:35 PM (UTC+1030),6277893.487,493335.254,70.393,0.098
27/01/2026 12:23:36 PM (UTC+1030),6277893.654,493334.502,70.336,0.098
27/01/2026 12:23:37 PM (UTC+1030),6277893.871,493333.612,70.304,0.098
27/01/2026 12:23:38 PM (UTC+1030),6277894.031,493332.789,70.283,0.098
27/01/2026 12:23:39 PM (UTC+1030),6277894.187,493331.97,70.251,0.098
27/01/2026 12:23:40 PM (UTC+1030),6277894.423,493331.132,70.21,0.096
27/01/2026 12:23:41 PM (UTC+1030),6277894.623,493330.235,70.179,0.098
27/01/2026 12:23:42 PM (UTC+1030),6277894.72,493329.277,70.099,0.099
27/01/2026 12:23:43 PM (UTC+1030),6277894.745,493328.379,70.11,0.099
27/01/2026 12:23:44 PM (UTC+1030),6277894.887,493327.554,70.043,0.099
27/01/2026 12:23:45 PM (UTC+1030),6277895.173,493326.641,70.014,0.099
27/01/2026 12:23:46 PM (UTC+1030),6277895.373,493325.779,69.966,0.099
27/01/2026 12:23:47 PM (UTC+1030),6277895.384,493324.866,69.917,0.099
27/01/2026 12:23:48 PM (UTC+1030),6277895.45,493323.966,69.885,0.101
27/01/2026 12:23:49 PM (UTC+1030),6277895.674,493323.143,69.81,0.101
27/01/2026 12:23:50 PM (UTC+1030),6277895.856,493322.234,69.781,0.101
27/01/2026 12:23:51 PM (UTC+1030),6277895.979,493321.334,69.718,0.103
27/01/2026 12:23:52 PM (UTC+1030),6277896.014,493320.413,69.678,0.103
27/01/2026 12:23:53 PM (UTC+1030),6277895.981,493319.5,69.642,0.103
27/01/2026 12:23:54 PM (UTC+1030),6277896.029,493318.606,69.567,0.104
27/01/2026 12:23:55 PM (UTC+1030),6277896.098,493317.722,69.541,0.104
27/01/2026 12:23:56 PM (UTC+1030),6277896.117,493316.752,69.477,0.104
27/01/2026 12:23:57 PM (UTC+1030),6277896.147,493315.74,69.466,0.104
27/01/2026 12:23:58 PM (UTC+1030),6277896.17,493314.829,69.428,0.105
27/01/2026 12:23:59 PM (UTC+1030),6277896.202,493313.894,69.368,0.103
27/01/2026 12:24:00 PM (UTC+1030),6277896.243,493312.917,69.364,0.103
27/01/2026 12:24:01 PM (UTC+1030),6277896.285,493311.931,69.313,0.104
27/01/2026 12:24:02 PM (UTC+1030),6277896.242,493310.964,69.242,0.102
27/01/2026 12:24:03 PM (UTC+1030),6277896.159,493309.99,69.23,0.102
27/01/2026 12:24:04 PM (UTC+1030),6277896.09,493308.988,69.206,0.103
27/01/2026 12:24:05 PM (UTC+1030),6277896.035,493307.981,69.149,0.103
27/01/2026 12:24:06 PM (UTC+1030),6277896.004,493307.053,69.054,0.103
27/01/2026 12:24:07 PM (UTC+1030),6277895.932,493306.08,69.056,0.103
27/01/2026 12:24:08 PM (UTC+1030),6277895.779,493305.061,68.998,0.103
27/01/2026 12:24:09 PM (UTC+1030),6277895.54,493304.098,68.957,0.101
27/01/2026 12:24:10 PM (UTC+1030),6277895.414,493303.091,68.942,0.101
27/01/2026 12:24:11 PM (UTC+1030),6277895.375,493302.152,68.866,0.101
27/01/2026 12:24:12 PM (UTC+1030),6277895.257,493301.147,68.867,0.101
27/01/2026 12:24:13 PM (UTC+1030),6277894.976,493300.245,68.795,0.101
27/01/2026 12:24:14 PM (UTC+1030),6277894.806,493299.278,68.785,0.101
27/01/2026 12:24:15 PM (UTC+1030),6277894.655,493298.315,68.713,0.101
27/01/2026 12:24:16 PM (UTC+1030),6277894.446,493297.346,68.716,0.103
27/01/2026 12:24:17 PM (UTC+1030),6277894.169,493296.386,68.643,0.104
27/01/2026 12:24:18 PM (UTC+1030),6277893.823,493295.478,68.647,0.104
27/01/2026 12:24:19 PM (UTC+1030),6277893.546,493294.53,68.592,0.104
27/01/2026 12:24:20 PM (UTC+1030),6277893.296,493293.63,68.574,0.104
27/01/2026 12:24:21 PM (UTC+1030),6277893.03,493292.751,68.528,0.105
27/01/2026 12:24:22 PM (UTC+1030),6277892.854,493291.91,68.529,0.104
27/01/2026 12:24:23 PM (UTC+1030),6277892.772,493291.002,68.458,0.104
27/01/2026 12:24:24 PM (UTC+1030),6277892.562,493290.174,68.465,0.104
27/01/2026 12:24:25 PM (UTC+1030),6277892.102,493289.373,68.401,0.104
27/01/2026 12:24:26 PM (UTC+1030),6277891.643,493288.615,68.409,0.103
27/01/2026 12:24:27 PM (UTC+1030),6277891.36,493287.791,68.336,0.103
27/01/2026 12:24:28 PM (UTC+1030),6277891.142,493286.923,68.325,0.103
27/01/2026 12:24:29 PM (UTC+1030),6277890.837,493286.067,68.257,0.103
27/01/2026 12:24:30 PM (UTC+1030),6277890.517,493285.317,68.261,0.101
27/01/2026 12:24:31 PM (UTC+1030),6277890.266,493284.481,68.184,0.103
27/01/2026 12:24:32 PM (UTC+1030),6277890.089,493283.601,68.187,0.103
27/01/2026 12:24:33 PM (UTC+1030),6277889.754,493282.804,68.116,0.104
27/01/2026 12:24:34 PM (UTC+1030),6277889.333,493282.002,68.119,0.103
27/01/2026 12:24:35 PM (UTC+1030),6277889.068,493281.155,68.036,0.103
27/01/2026 12:24:36 PM (UTC+1030),6277888.698,493280.31,68.027,0.103
27/01/2026 12:24:37 PM (UTC+1030),6277888.396,493279.425,67.961,0.103
27/01/2026 12:24:38 PM (UTC+1030),6277888.12,493278.561,67.952,0.103
27/01/2026 12:24:39 PM (UTC+1030),6277887.889,493277.64,67.864,0.101
27/01/2026 12:24:40 PM (UTC+1030),6277887.579,493276.764,67.874,0.101
27/01/2026 12:24:41 PM (UTC+1030),6277887.291,493275.916,67.787,0.103
27/01/2026 12:24:42 PM (UTC+1030),6277887.152,493274.947,67.785,0.103
27/01/2026 12:24:43 PM (UTC+1030),6277886.91,493273.997,67.734,0.103
27/01/2026 12:24:44 PM (UTC+1030),6277886.651,493273.094,67.645,0.103
27/01/2026 12:24:45 PM (UTC+1030),6277886.509,493272.18,67.637,0.103
27/01/2026 12:24:46 PM (UTC+1030),6277886.31,493271.289,67.581,0.101
27/01/2026 12:24:47 PM (UTC+1030),6277886.039,493270.374,67.584,0.101
27/01/2026 12:24:48 PM (UTC+1030),6277885.88,493269.451,67.512,0.101
27/01/2026 12:24:49 PM (UTC+1030),6277885.793,493268.616,67.512,0.101
27/01/2026 12:24:50 PM (UTC+1030),6277885.555,493267.779,67.457,0.101
27/01/2026 12:24:51 PM (UTC+1030),6277885.375,493266.88,67.427,0.103
27/01/2026 12:24:52 PM (UTC+1030),6277885.143,493265.955,67.413,0.103
27/01/2026 12:24:53 PM (UTC+1030),6277884.944,493265.048,67.341,0.103
27/01/2026 12:24:54 PM (UTC+1030),6277884.73,493264.139,67.353,0.101
27/01/2026 12:24:55 PM (UTC+1030),6277884.506,493263.279,67.285,0.101
27/01/2026 12:24:56 PM (UTC+1030),6277884.332,493262.345,67.307,0.101
27/01/2026 12:24:57 PM (UTC+1030),6277884.201,493261.405,67.238,0.103
27/01/2026 12:24:58 PM (UTC+1030),6277884.052,493260.515,67.231,0.101
27/01/2026 12:24:59 PM (UTC+1030),6277883.753,493259.691,67.196,0.101
27/01/2026 12:25:00 PM (UTC+1030),6277883.482,493258.812,67.176,0.099
27/01/2026 12:25:01 PM (UTC+1030),6277883.427,493257.927,67.119,0.101
27/01/2026 12:25:02 PM (UTC+1030),6277883.293,493257.089,67.122,0.101
27/01/2026 12:25:03 PM (UTC+1030),6277883.003,493256.264,67.092,0.103
27/01/2026 12:25:04 PM (UTC+1030),6277882.802,493255.443,67.07,0.103
27/01/2026 12:25:05 PM (UTC+1030),6277882.678,493254.629,67.052,0.103
27/01/2026 12:25:06 PM (UTC+1030),6277882.548,493253.81,67.046,0.103
27/01/2026 12:25:07 PM (UTC+1030),6277882.351,493252.995,67.04,0.103
27/01/2026 12:25:08 PM (UTC+1030),6277882.212,493252.172,66.99,0.103
27/01/2026 12:25:09 PM (UTC+1030),6277882.168,493251.354,66.997,0.104
27/01/2026 12:25:10 PM (UTC+1030),6277882.049,493250.55,66.986,0.103
27/01/2026 12:25:11 PM (UTC+1030),6277881.825,493249.731,66.938,0.104
27/01/2026 12:25:12 PM (UTC+1030),6277881.618,493248.942,66.953,0.103
27/01/2026 12:25:13 PM (UTC+1030),6277881.508,493248.117,66.891,0.104
27/01/2026 12:25:14 PM (UTC+1030),6277881.382,493247.317,66.883,0.104
27/01/2026 12:25:15 PM (UTC+1030),6277881.208,493246.536,66.866,0.103
27/01/2026 12:25:16 PM (UTC+1030),6277881.088,493245.681,66.834,0.103
27/01/2026 12:25:17 PM (UTC+1030),6277880.972,493244.84,66.773,0.103
27/01/2026 12:25:18 PM (UTC+1030),6277880.827,493244.018,66.758,0.104
27/01/2026 12:25:19 PM (UTC+1030),6277880.553,493243.195,66.716,0.1
27/01/2026 12:25:20 PM (UTC+1030),6277880.388,493242.334,66.677,0.102
27/01/2026 12:25:21 PM (UTC+1030),6277880.265,493241.469,66.625,0.103
27/01/2026 12:25:22 PM (UTC+1030),6277880.012,493240.637,66.551,0.101
27/01/2026 12:25:23 PM (UTC+1030),6277879.778,493239.865,66.544,0.101
27/01/2026 12:25:24 PM (UTC+1030),6277879.622,493239.023,66.461,0.101
27/01/2026 12:25:25 PM (UTC+1030),6277879.323,493238.228,66.44,0.101
27/01/2026 12:25:26 PM (UTC+1030),6277879.017,493237.301,66.363,0.101
27/01/2026 12:25:27 PM (UTC+1030),6277878.832,493236.373,66.337,0.101
27/01/2026 12:25:28 PM (UTC+1030),6277878.779,493235.503,66.266,0.101
27/01/2026 12:25:29 PM (UTC+1030),6277878.665,493234.582,66.248,0.101
27/01/2026 12:25:30 PM (UTC+1030),6277878.42,493233.64,66.195,0.099
27/01/2026 12:25:31 PM (UTC+1030),6277878.119,493232.747,66.209,0.101
27/01/2026 12:25:32 PM (UTC+1030),6277878.091,493231.887,66.132,0.101
27/01/2026 12:25:33 PM (UTC+1030),6277877.976,493230.943,66.16,0.103
27/01/2026 12:25:34 PM (UTC+1030),6277877.734,493230.036,66.095,0.101
27/01/2026 12:25:35 PM (UTC+1030),6277877.432,493229.162,66.086,0.101
27/01/2026 12:25:36 PM (UTC+1030),6277877.266,493228.3,65.985,0.103
27/01/2026 12:25:37 PM (UTC+1030),6277877.054,493227.38,65.949,0.103
27/01/2026 12:25:38 PM (UTC+1030),6277876.8,493226.393,65.85,0.102
27/01/2026 12:25:39 PM (UTC+1030),6277876.606,493225.52,65.84,0.102
27/01/2026 12:25:40 PM (UTC+1030),6277876.404,493224.647,65.764,0.099
27/01/2026 12:25:41 PM (UTC+1030),6277876.174,493223.734,65.752,0.101
27/01/2026 12:25:42 PM (UTC+1030),6277875.905,493222.886,65.685,0.101
27/01/2026 12:25:43 PM (UTC+1030),6277875.572,493222.092,65.627,0.101
27/01/2026 12:25:44 PM (UTC+1030),6277875.416,493221.216,65.607,0.103
27/01/2026 12:25:45 PM (UTC+1030),6277875.294,493220.339,65.524,0.101
27/01/2026 12:25:46 PM (UTC+1030),6277875.184,493219.455,65.503,0.103
27/01/2026 12:25:47 PM (UTC+1030),6277875.021,493218.539,65.404,0.104
27/01/2026 12:25:48 PM (UTC+1030),6277874.859,493217.657,65.365,0.104
27/01/2026 12:25:49 PM (UTC+1030),6277874.781,493216.75,65.309,0.104
27/01/2026 12:25:50 PM (UTC+1030),6277874.786,493215.887,65.272,0.103
27/01/2026 12:25:51 PM (UTC+1030),6277874.812,493214.993,65.197,0.104
27/01/2026 12:25:52 PM (UTC+1030),6277874.817,493214.099,65.185,0.104
27/01/2026 12:25:53 PM (UTC+1030),6277874.803,493213.239,65.125,0.103
27/01/2026 12:25:54 PM (UTC+1030),6277874.742,493212.348,65.039,0.103
27/01/2026 12:25:55 PM (UTC+1030),6277874.843,493211.493,65.006,0.103
27/01/2026 12:25:56 PM (UTC+1030),6277874.804,493210.615,64.916,0.103
27/01/2026 12:25:57 PM (UTC+1030),6277874.637,493209.748,64.884,0.103
27/01/2026 12:25:58 PM (UTC+1030),6277874.56,493208.927,64.818,0.103
27/01/2026 12:25:59 PM (UTC+1030),6277874.514,493208.094,64.748,0.103
27/01/2026 12:26:00 PM (UTC+1030),6277874.532,493207.274,64.711,0.101
27/01/2026 12:26:01 PM (UTC+1030),6277874.668,493206.412,64.621,0.103
27/01/2026 12:26:02 PM (UTC+1030),6277874.909,493205.484,64.634,0.103
27/01/2026 12:26:03 PM (UTC+1030),6277875.192,493204.594,64.55,0.101
27/01/2026 12:26:04 PM (UTC+1030),6277875.568,493203.724,64.517,0.103
27/01/2026 12:26:05 PM (UTC+1030),6277875.834,493202.817,64.513,0.103
27/01/2026 12:26:06 PM (UTC+1030),6277876.231,493201.898,64.44,0.104
27/01/2026 12:26:07 PM (UTC+1030),6277876.701,493200.983,64.433,0.106
27/01/2026 12:26:08 PM (UTC+1030),6277877.278,493200.241,64.408,0.104
27/01/2026 12:26:09 PM (UTC+1030),6277877.879,493199.501,64.342,0.104
27/01/2026 12:26:10 PM (UTC+1030),6277878.398,493198.694,64.37,0.102
27/01/2026 12:26:11 PM (UTC+1030),6277878.933,493197.835,64.324,0.104
27/01/2026 12:26:12 PM (UTC+1030),6277879.365,493197.049,64.276,0.103
27/01/2026 12:26:13 PM (UTC+1030),6277879.82,493196.271,64.299,0.103
27/01/2026 12:26:14 PM (UTC+1030),6277880.372,493195.486,64.238,0.102
27/01/2026 12:26:15 PM (UTC+1030),6277880.834,493194.731,64.249,0.102
27/01/2026 12:26:16 PM (UTC+1030),6277881.403,493193.92,64.201,0.102
27/01/2026 12:26:17 PM (UTC+1030),6277882.014,493193.163,64.182,0.1
27/01/2026 12:26:18 PM (UTC+1030),6277882.522,493192.458,64.194,0.099
27/01/2026 12:26:19 PM (UTC+1030),6277883.007,493191.763,64.155,0.098
27/01/2026 12:26:20 PM (UTC+1030),6277883.566,493191.092,64.109,0.098
27/01/2026 12:26:21 PM (UTC+1030),6277884.113,493190.513,64.12,0.099
27/01/2026 12:26:22 PM (UTC+1030),6277884.456,493189.828,64.101,0.099
27/01/2026 12:26:23 PM (UTC+1030),6277884.759,493189.088,64.1,0.099
27/01/2026 12:26:24 PM (UTC+1030),6277885.116,493188.459,64.103,0.099
27/01/2026 12:26:25 PM (UTC+1030),6277885.588,493187.83,64.025,0.099
27/01/2026 12:26:26 PM (UTC+1030),6277886.133,493187.223,64.034,0.098
27/01/2026 12:26:27 PM (UTC+1030),6277886.662,493186.562,64.024,0.098
27/01/2026 12:26:28 PM (UTC+1030),6277887.123,493185.813,63.998,0.098
27/01/2026 12:26:29 PM (UTC+1030),6277887.634,493185.114,63.996,0.098
27/01/2026 12:26:30 PM (UTC+1030),6277888.125,493184.439,63.95,0.098
27/01/2026 12:26:31 PM (UTC+1030),6277888.645,493183.797,63.863,0.099
27/01/2026 12:26:32 PM (UTC+1030),6277889.18,493183.096,63.858,0.099
27/01/2026 12:26:33 PM (UTC+1030),6277889.678,493182.335,63.801,0.099
27/01/2026 12:26:34 PM (UTC+1030),6277890.142,493181.663,63.779,0.099
27/01/2026 12:26:35 PM (UTC+1030),6277890.676,493181.043,63.765,0.099
27/01/2026 12:26:36 PM (UTC+1030),6277891.203,493180.497,63.75,0.1
27/01/2026 12:26:37 PM (UTC+1030),6277891.716,493179.812,63.756,0.099
27/01/2026 12:26:38 PM (UTC+1030),6277892.242,493179.036,63.703,0.099
27/01/2026 12:26:39 PM (UTC+1030),6277892.71,493178.317,63.701,0.097
27/01/2026 12:26:40 PM (UTC+1030),6277893.259,493177.607,63.672,0.097
27/01/2026 12:26:41 PM (UTC+1030),6277893.896,493177.01,63.62,0.097
27/01/2026 12:26:42 PM (UTC+1030),6277894.536,493176.394,63.65,0.097
27/01/2026 12:26:43 PM (UTC+1030),6277895.124,493175.642,63.602,0.097
27/01/2026 12:26:44 PM (UTC+1030),6277895.666,493174.826,63.579,0.097
27/01/2026 12:26:45 PM (UTC+1030),6277896.235,493173.993,63.558,0.095
27/01/2026 12:26:46 PM (UTC+1030),6277896.85,493173.281,63.491,0.096
27/01/2026 12:26:47 PM (UTC+1030),6277897.491,493172.541,63.515,0.096
27/01/2026 12:26:48 PM (UTC+1030),6277898.038,493171.726,63.531,0.096
27/01/2026 12:26:49 PM (UTC+1030),6277898.56,493170.987,63.487,0.095
27/01/2026 12:26:50 PM (UTC+1030),6277899.127,493170.197,63.525,0.095
27/01/2026 12:26:51 PM (UTC+1030),6277899.77,493169.432,63.475,0.095
27/01/2026 12:26:52 PM (UTC+1030),6277900.437,493168.718,63.47,0.095
27/01/2026 12:26:53 PM (UTC+1030),6277901.074,493167.959,63.42,0.095
27/01/2026 12:26:54 PM (UTC+1030),6277901.68,493167.171,63.373,0.094
27/01/2026 12:26:55 PM (UTC+1030),6277902.276,493166.393,63.373,0.094
27/01/2026 12:26:56 PM (UTC+1030),6277902.935,493165.625,63.299,0.093
27/01/2026 12:26:57 PM (UTC+1030),6277903.5,493164.881,63.305,0.094
27/01/2026 12:26:58 PM (UTC+1030),6277904.104,493164.069,63.263,0.093
27/01/2026 12:26:59 PM (UTC+1030),6277904.693,493163.262,63.213,0.092
27/01/2026 12:27:00 PM (UTC+1030),6277905.282,493162.45,63.213,0.093
27/01/2026 12:27:01 PM (UTC+1030),6277905.944,493161.671,63.137,0.093
27/01/2026 12:27:02 PM (UTC+1030),6277906.617,493160.902,63.127,0.095
27/01/2026 12:27:03 PM (UTC+1030),6277907.309,493160.164,63.105,0.095
27/01/2026 12:27:04 PM (UTC+1030),6277907.979,493159.409,63.027,0.095
27/01/2026 12:27:05 PM (UTC+1030),6277908.643,493158.69,63.027,0.093
27/01/2026 12:27:06 PM (UTC+1030),6277909.302,493157.922,62.982,0.095
27/01/2026 12:27:07 PM (UTC+1030),6277909.958,493157.178,62.938,0.093
27/01/2026 12:27:08 PM (UTC+1030),6277910.613,493156.483,62.913,0.093
27/01/2026 12:27:09 PM (UTC+1030),6277911.253,493155.716,62.829,0.092
27/01/2026 12:27:10 PM (UTC+1030),6277911.927,493154.97,62.827,0.093
27/01/2026 12:27:11 PM (UTC+1030),6277912.544,493154.281,62.808,0.094
27/01/2026 12:27:12 PM (UTC+1030),6277913.108,493153.66,62.782,0.094
27/01/2026 12:27:13 PM (UTC+1030),6277913.626,493153.041,62.727,0.094
27/01/2026 12:27:14 PM (UTC+1030),6277914.078,493152.467,62.729,0.094
27/01/2026 12:27:15 PM (UTC+1030),6277914.684,493151.957,62.662,0.094
27/01/2026 12:27:16 PM (UTC+1030),6277915.192,493151.338,62.674,0.096
27/01/2026 12:27:17 PM (UTC+1030),6277915.625,493150.663,62.648,0.096
27/01/2026 12:27:18 PM (UTC+1030),6277916.184,493150.107,62.588,0.098
27/01/2026 12:27:19 PM (UTC+1030),6277916.773,493149.551,62.592,0.098
27/01/2026 12:27:20 PM (UTC+1030),6277917.136,493148.88,62.553,0.096
27/01/2026 12:27:21 PM (UTC+1030),6277917.41,493148.204,62.554,0.098
27/01/2026 12:27:22 PM (UTC+1030),6277917.95,493147.689,62.501,0.096
27/01/2026 12:27:23 PM (UTC+1030),6277918.304,493147.192,62.519,0.098
27/01/2026 12:27:24 PM (UTC+1030),6277918.493,493146.528,62.471,0.098
27/01/2026 12:27:25 PM (UTC+1030),6277918.838,493145.875,62.441,0.096
27/01/2026 12:27:26 PM (UTC+1030),6277919.272,493145.249,62.436,0.096
27/01/2026 12:27:27 PM (UTC+1030),6277919.495,493144.486,62.392,0.098
27/01/2026 12:27:28 PM (UTC+1030),6277919.814,493143.632,62.372,0.098
27/01/2026 12:27:29 PM (UTC+1030),6277920.148,493142.807,62.288,0.098
27/01/2026 12:27:30 PM (UTC+1030),6277920.463,493141.929,62.259,0.097
27/01/2026 12:27:31 PM (UTC+1030),6277920.745,493141.147,62.202,0.098
27/01/2026 12:27:32 PM (UTC+1030),6277920.956,493140.356,62.216,0.098
27/01/2026 12:27:33 PM (UTC+1030),6277921.183,493139.522,62.138,0.098
27/01/2026 12:27:34 PM (UTC+1030),6277921.423,493138.715,62.142,0.098
27/01/2026 12:27:35 PM (UTC+1030),6277921.568,493137.837,62.058,0.097
27/01/2026 12:27:36 PM (UTC+1030),6277921.701,493136.937,62.045,0.099
27/01/2026 12:27:37 PM (UTC+1030),6277921.793,493136.127,61.968,0.099
27/01/2026 12:27:38 PM (UTC+1030),6277921.788,493135.273,61.932,0.099
27/01/2026 12:27:39 PM (UTC+1030),6277921.68,493134.47,61.87,0.098
27/01/2026 12:27:40 PM (UTC+1030),6277921.732,493133.59,61.861,0.095
27/01/2026 12:27:41 PM (UTC+1030),6277921.986,493132.776,61.784,0.097
27/01/2026 12:27:42 PM (UTC+1030),6277922.212,493131.906,61.762,0.097
27/01/2026 12:27:43 PM (UTC+1030),6277922.317,493130.992,61.683,0.097
27/01/2026 12:27:44 PM (UTC+1030),6277922.424,493130.088,61.644,0.098
27/01/2026 12:27:45 PM (UTC+1030),6277922.625,493129.251,61.543,0.099
27/01/2026 12:27:46 PM (UTC+1030),6277922.757,493128.322,61.526,0.097
27/01/2026 12:27:47 PM (UTC+1030),6277922.83,493127.384,61.435,0.097
27/01/2026 12:27:48 PM (UTC+1030),6277922.869,493126.432,61.411,0.097
27/01/2026 12:27:49 PM (UTC+1030),6277922.971,493125.491,61.353,0.098
27/01/2026 12:27:50 PM (UTC+1030),6277923.122,493124.531,61.281,0.095
27/01/2026 12:27:51 PM (UTC+1030),6277923.346,493123.621,61.259,0.097
27/01/2026 12:27:52 PM (UTC+1030),6277923.444,493122.637,61.206,0.097
27/01/2026 12:27:53 PM (UTC+1030),6277923.466,493121.683,61.123,0.097
27/01/2026 12:27:54 PM (UTC+1030),6277923.561,493120.72,61.113,0.097
27/01/2026 12:27:55 PM (UTC+1030),6277923.707,493119.826,61.041,0.097
27/01/2026 12:27:56 PM (UTC+1030),6277924.042,493118.975,61.017,0.097
27/01/2026 12:27:57 PM (UTC+1030),6277924.274,493118.053,61,0.099
27/01/2026 12:27:58 PM (UTC+1030),6277924.411,493117.141,60.944,0.097
27/01/2026 12:27:59 PM (UTC+1030),6277924.349,493116.268,60.868,0.097
27/01/2026 12:28:00 PM (UTC+1030),6277924.335,493115.343,60.845,0.097
27/01/2026 12:28:01 PM (UTC+1030),6277924.514,493114.551,60.781,0.099
27/01/2026 12:28:02 PM (UTC+1030),6277924.608,493113.655,60.771,0.099
27/01/2026 12:28:03 PM (UTC+1030),6277924.551,493112.719,60.683,0.099
27/01/2026 12:28:04 PM (UTC+1030),6277924.589,493111.852,60.657,0.099
27/01/2026 12:28:05 PM (UTC+1030),6277924.622,493111.002,60.598,0.1
27/01/2026 12:28:06 PM (UTC+1030),6277924.679,493110.216,60.575,0.099
27/01/2026 12:28:07 PM (UTC+1030),6277924.713,493109.428,60.514,0.099
27/01/2026 12:28:08 PM (UTC+1030),6277924.668,493108.61,60.497,0.1
27/01/2026 12:28:09 PM (UTC+1030),6277924.701,493107.855,60.414,0.1
27/01/2026 12:28:10 PM (UTC+1030),6277924.642,493107.008,60.432,0.097
27/01/2026 12:28:11 PM (UTC+1030),6277924.441,493106.253,60.345,0.099
27/01/2026 12:28:12 PM (UTC+1030),6277924.119,493105.472,60.349,0.099
27/01/2026 12:28:13 PM (UTC+1030),6277923.946,493104.719,60.276,0.099
27/01/2026 12:28:14 PM (UTC+1030),6277923.924,493103.905,60.258,0.098
27/01/2026 12:28:15 PM (UTC+1030),6277923.885,493103.049,60.213,0.098
27/01/2026 12:28:16 PM (UTC+1030),6277923.704,493102.204,60.186,0.099
27/01/2026 12:28:17 PM (UTC+1030),6277923.562,493101.362,60.152,0.099
27/01/2026 12:28:18 PM (UTC+1030),6277923.465,493100.585,60.085,0.099
27/01/2026 12:28:19 PM (UTC+1030),6277923.335,493099.683,59.996,0.099
27/01/2026 12:28:20 PM (UTC+1030),6277923.243,493098.729,59.969,0.098
27/01/2026 12:28:21 PM (UTC+1030),6277923.19,493097.857,59.921,0.099
27/01/2026 12:28:22 PM (UTC+1030),6277923.083,493096.995,59.872,0.1
27/01/2026 12:28:23 PM (UTC+1030),6277922.81,493096.187,59.796,0.1
27/01/2026 12:28:24 PM (UTC+1030),6277922.473,493095.431,59.768,0.1
27/01/2026 12:28:25 PM (UTC+1030),6277922.296,493094.598,59.679,0.1
27/01/2026 12:28:26 PM (UTC+1030),6277922.13,493093.847,59.659,0.099
27/01/2026 12:28:27 PM (UTC+1030),6277922.118,493093.505,59.628,0.101
27/01/2026 12:28:28 PM (UTC+1030),6277922.207,493093.378,59.63,0.101
27/01/2026 12:28:29 PM (UTC+1030),6277922.149,493093.467,59.635,0.101
27/01/2026 12:28:30 PM (UTC+1030),6277922.083,493093.446,59.652,0.099
27/01/2026 12:28:31 PM (UTC+1030),6277922.005,493093.391,59.661,0.1
27/01/2026 12:28:32 PM (UTC+1030),6277922.169,493093.24,59.634,0.1
27/01/2026 12:28:33 PM (UTC+1030),6277922.074,493093.202,59.622,0.099
27/01/2026 12:28:34 PM (UTC+1030),6277922.087,493093.153,59.614,0.099
27/01/2026 12:28:35 PM (UTC+1030),6277922.052,493093.153,59.611,0.099
27/01/2026 12:28:36 PM (UTC+1030),6277921.982,493093.106,59.602,0.072
27/01/2026 12:28:37 PM (UTC+1030),6277921.958,493093.082,59.602,0.072
27/01/2026 12:28:38 PM (UTC+1030),6277921.979,493093.063,59.603,0.092
27/01/2026 12:28:39 PM (UTC+1030),6277921.991,493093.053,59.592,0.092
27/01/2026 12:28:40 PM (UTC+1030),6277922.013,493093.081,59.592,0.074
27/01/2026 12:28:41 PM (UTC+1030),6277922.014,493093.117,59.598,0.074
27/01/2026 12:28:42 PM (UTC+1030),6277921.938,493093.144,59.608,0.076
27/01/2026 12:28:43 PM (UTC+1030),6277921.925,493093.151,59.613,0.076
27/01/2026 12:28:44 PM (UTC+1030),6277921.931,493093.137,59.612,0.077
27/01/2026 12:28:45 PM (UTC+1030),6277921.912,493093.133,59.605,0.079
27/01/2026 12:28:46 PM (UTC+1030),6277921.93,493093.113,59.596,0.081
27/01/2026 12:28:47 PM (UTC+1030),6277921.935,493093.085,59.59,0.081
27/01/2026 12:28:48 PM (UTC+1030),6277921.953,493093.075,59.589,0.083
27/01/2026 12:28:49 PM (UTC+1030),6277921.943,493093.08,59.586,0.083
27/01/2026 12:28:50 PM (UTC+1030),6277921.933,493093.052,59.589,0.083
27/01/2026 12:28:51 PM (UTC+1030),6277921.958,493093.065,59.589,0.083
27/01/2026 12:28:52 PM (UTC+1030),6277921.946,493093.063,59.593,0.085
27/01/2026 12:28:53 PM (UTC+1030),6277921.937,493093.051,59.586,0.085
27/01/2026 12:28:54 PM (UTC+1030),6277921.932,493093.102,59.595,0.087
27/01/2026 12:28:55 PM (UTC+1030),6277921.955,493093.148,59.614,0.087
27/01/2026 12:28:56 PM (UTC+1030),6277921.937,493093.131,59.627,0.088
27/01/2026 12:28:57 PM (UTC+1030),6277922.053,493093.311,59.657,0.088
27/01/2026 12:28:58 PM (UTC+1030),6277922.038,493093.35,59.644,0.088
27/01/2026 12:28:59 PM (UTC+1030),6277922.138,493093.352,59.644,0.09
27/01/2026 12:29:00 PM (UTC+1030),6277922.123,493093.37,59.64,0.09
27/01/2026 12:29:01 PM (UTC+1030),6277922.087,493093.375,59.635,0.09
27/01/2026 12:29:02 PM (UTC+1030),6277922.08,493093.385,59.634,0.092
27/01/2026 12:29:03 PM (UTC+1030),6277922.078,493093.385,59.631,0.092
27/01/2026 12:29:04 PM (UTC+1030),6277922.061,493093.418,59.622,0.093
27/01/2026 12:29:05 PM (UTC+1030),6277922.063,493093.519,59.633,0.093
27/01/2026 12:29:06 PM (UTC+1030),6277921.75,493093.809,59.681,0.093
27/01/2026 12:29:07 PM (UTC+1030),6277921.73,493094.581,59.664,0.095
27/01/2026 12:29:08 PM (UTC+1030),6277921.799,493095.482,59.75,0.095
27/01/2026 12:29:09 PM (UTC+1030),6277921.712,493096.426,59.851,0.097
27/01/2026 12:29:10 PM (UTC+1030),6277921.509,493097.395,59.901,0.097
27/01/2026 12:29:11 PM (UTC+1030),6277921.33,493098.38,59.896,0.109
27/01/2026 12:29:12 PM (UTC+1030),6277921.181,493099.378,59.984,0.109
27/01/2026 12:29:13 PM (UTC+1030),6277921.05,493100.268,60.039,0.111
27/01/2026 12:29:14 PM (UTC+1030),6277921.084,493101.082,60.063,0.113
27/01/2026 12:29:15 PM (UTC+1030),6277920.952,493101.824,60.105,0.112
27/01/2026 12:29:16 PM (UTC+1030),6277920.813,493102.556,60.111,0.113
27/01/2026 12:29:17 PM (UTC+1030),6277920.802,493102.797,60.159,0.113
27/01/2026 12:29:18 PM (UTC+1030),6277920.774,493102.775,60.151,0.112
27/01/2026 12:29:19 PM (UTC+1030),6277920.77,493102.773,60.153,0.114
27/01/2026 12:29:20 PM (UTC+1030),6277920.873,493102.784,60.173,0.112
27/01/2026 12:29:21 PM (UTC+1030),6277921.368,493102.67,60.155,0.112
27/01/2026 12:29:22 PM (UTC+1030),6277921.646,493102.593,60.161,0.111
27/01/2026 12:29:23 PM (UTC+1030),6277921.625,493102.615,60.168,0.111
27/01/2026 12:29:24 PM (UTC+1030),6277921.669,493102.533,60.163,0.093
27/01/2026 12:29:25 PM (UTC+1030),6277921.675,493102.558,60.158,0.092
27/01/2026 12:29:26 PM (UTC+1030),6277921.654,493102.607,60.154,0.093
27/01/2026 12:29:27 PM (UTC+1030),6277921.633,493102.568,60.163,0.093
27/01/2026 12:29:28 PM (UTC+1030),6277921.638,493102.596,60.156,0.106
27/01/2026 12:29:29 PM (UTC+1030),6277921.494,493102.926,60.156,0.092
27/01/2026 12:29:30 PM (UTC+1030),6277921.023,493103.463,60.205,0.093
27/01/2026 12:29:31 PM (UTC+1030),6277920.406,493104.213,60.229,0.093
27/01/2026 12:29:32 PM (UTC+1030),6277919.858,493105.087,60.238,0.095
27/01/2026 12:29:33 PM (UTC+1030),6277919.256,493105.943,60.242,0.096
27/01/2026 12:29:34 PM (UTC+1030),6277918.744,493106.76,60.295,0.108
27/01/2026 12:29:35 PM (UTC+1030),6277918.264,493107.625,60.342,0.107
27/01/2026 12:29:36 PM (UTC+1030),6277917.833,493108.585,60.362,0.109
27/01/2026 12:29:37 PM (UTC+1030),6277917.528,493109.549,60.369,0.112
27/01/2026 12:29:38 PM (UTC+1030),6277917.304,493110.508,60.403,0.112
27/01/2026 12:29:39 PM (UTC+1030),6277917.023,493111.339,60.484,0.114
27/01/2026 12:29:40 PM (UTC+1030),6277916.721,493112.195,60.535,0.112
27/01/2026 12:29:41 PM (UTC+1030),6277916.424,493113.022,60.524,0.112
27/01/2026 12:29:42 PM (UTC+1030),6277916.185,493113.824,60.597,0.112
27/01/2026 12:29:43 PM (UTC+1030),6277915.817,493114.611,60.652,0.112
27/01/2026 12:29:44 PM (UTC+1030),6277915.374,493115.33,60.688,0.111
27/01/2026 12:29:45 PM (UTC+1030),6277914.922,493116.116,60.712,0.111
27/01/2026 12:29:46 PM (UTC+1030),6277914.369,493116.857,60.756,0.112
27/01/2026 12:29:47 PM (UTC+1030),6277913.833,493117.669,60.784,0.112
27/01/2026 12:29:48 PM (UTC+1030),6277913.404,493118.535,60.799,0.111
27/01/2026 12:29:49 PM (UTC+1030),6277912.922,493119.294,60.816,0.111
27/01/2026 12:29:50 PM (UTC+1030),6277912.474,493119.991,60.877,0.109
27/01/2026 12:29:51 PM (UTC+1030),6277912.094,493120.852,60.924,0.109
27/01/2026 12:29:52 PM (UTC+1030),6277911.652,493121.602,60.917,0.109
27/01/2026 12:29:53 PM (UTC+1030),6277911.141,493122.369,60.996,0.109
27/01/2026 12:29:54 PM (UTC+1030),6277910.631,493123.112,61.006,0.109
27/01/2026 12:29:55 PM (UTC+1030),6277910.169,493123.959,61.019,0.107
27/01/2026 12:29:56 PM (UTC+1030),6277909.72,493124.8,61.035,0.107
27/01/2026 12:29:57 PM (UTC+1030),6277909.41,493125.652,61.105,0.106
27/01/2026 12:29:58 PM (UTC+1030),6277909.062,493126.447,61.146,0.106
27/01/2026 12:29:59 PM (UTC+1030),6277908.714,493127.309,61.156,0.107
27/01/2026 12:30:00 PM (UTC+1030),6277908.266,493128.14,61.232,0.104
27/01/2026 12:30:01 PM (UTC+1030),6277907.756,493128.854,61.283,0.104
27/01/2026 12:30:02 PM (UTC+1030),6277907.51,493129.467,61.298,0.104
27/01/2026 12:30:03 PM (UTC+1030),6277907.468,493130.017,61.295,0.103
27/01/2026 12:30:04 PM (UTC+1030),6277907.647,493130.272,61.36,0.104
27/01/2026 12:30:05 PM (UTC+1030),6277907.513,493130.776,61.343,0.104
27/01/2026 12:30:06 PM (UTC+1030),6277907.151,493131.475,61.399,0.103
27/01/2026 12:30:07 PM (UTC+1030),6277906.817,493132.01,61.453,0.103
27/01/2026 12:30:08 PM (UTC+1030),6277906.662,493132.284,61.467,0.103
27/01/2026 12:30:09 PM (UTC+1030),6277906.662,493132.238,61.457,0.104
27/01/2026 12:30:10 PM (UTC+1030),6277906.731,493132.418,61.468,0.102
27/01/2026 12:30:11 PM (UTC+1030),6277906.614,493132.193,61.474,0.103
27/01/2026 12:30:12 PM (UTC+1030),6277905.904,493132.481,61.448,0.103
27/01/2026 12:30:13 PM (UTC+1030),6277905.356,493133.267,61.496,0.103
27/01/2026 12:30:14 PM (UTC+1030),6277904.687,493134.136,61.539,0.103
27/01/2026 12:30:15 PM (UTC+1030),6277904.052,493134.898,61.566,0.105
27/01/2026 12:30:16 PM (UTC+1030),6277903.565,493135.703,61.576,0.103
27/01/2026 12:30:17 PM (UTC+1030),6277903.137,493136.627,61.591,0.103
27/01/2026 12:30:18 PM (UTC+1030),6277902.907,493137.589,61.674,0.103
27/01/2026 12:30:19 PM (UTC+1030),6277902.707,493138.498,61.724,0.103
27/01/2026 12:30:20 PM (UTC+1030),6277902.363,493139.515,61.766,0.101
27/01/2026 12:30:21 PM (UTC+1030),6277901.935,493140.404,61.771,0.103
27/01/2026 12:30:22 PM (UTC+1030),6277901.432,493141.218,61.809,0.103
27/01/2026 12:30:23 PM (UTC+1030),6277900.849,493142.006,61.873,0.103
27/01/2026 12:30:24 PM (UTC+1030),6277900.247,493142.751,61.887,0.103
27/01/2026 12:30:25 PM (UTC+1030),6277899.596,493143.456,61.867,0.103
27/01/2026 12:30:26 PM (UTC+1030),6277899.086,493144.222,61.922,0.101
27/01/2026 12:30:27 PM (UTC+1030),6277898.649,493145.021,61.978,0.101
27/01/2026 12:30:28 PM (UTC+1030),6277898.262,493145.882,61.986,0.101
27/01/2026 12:30:29 PM (UTC+1030),6277897.865,493146.756,62.044,0.101
27/01/2026 12:30:30 PM (UTC+1030),6277897.503,493147.667,62.116,0.099
27/01/2026 12:30:31 PM (UTC+1030),6277897.132,493148.508,62.151,0.099
27/01/2026 12:30:32 PM (UTC+1030),6277896.843,493149.458,62.147,0.099
27/01/2026 12:30:33 PM (UTC+1030),6277896.592,493150.436,62.229,0.099
27/01/2026 12:30:34 PM (UTC+1030),6277896.396,493151.369,62.298,0.099
27/01/2026 12:30:35 PM (UTC+1030),6277896.048,493152.229,62.319,0.099
27/01/2026 12:30:36 PM (UTC+1030),6277895.705,493153.134,62.358,0.099
27/01/2026 12:30:37 PM (UTC+1030),6277895.338,493154.048,62.429,0.099
27/01/2026 12:30:38 PM (UTC+1030),6277894.971,493154.961,62.494,0.098
27/01/2026 12:30:39 PM (UTC+1030),6277894.491,493155.901,62.502,0.098
27/01/2026 12:30:40 PM (UTC+1030),6277893.987,493156.791,62.488,0.097
27/01/2026 12:30:41 PM (UTC+1030),6277893.578,493157.669,62.56,0.098
27/01/2026 12:30:42 PM (UTC+1030),6277893.282,493158.63,62.603,0.098
27/01/2026 12:30:43 PM (UTC+1030),6277892.999,493159.612,62.635,0.098
27/01/2026 12:30:44 PM (UTC+1030),6277892.895,493160.501,62.7,0.099
27/01/2026 12:30:45 PM (UTC+1030),6277892.587,493161.47,62.778,0.099
27/01/2026 12:30:46 PM (UTC+1030),6277892.41,493162.473,62.826,0.099
27/01/2026 12:30:47 PM (UTC+1030),6277892.283,493163.492,62.818,0.099
27/01/2026 12:30:48 PM (UTC+1030),6277892.311,493164.572,62.895,0.098
27/01/2026 12:30:49 PM (UTC+1030),6277892.389,493165.596,62.973,0.098
27/01/2026 12:30:50 PM (UTC+1030),6277892.61,493166.584,63.081,0.095
27/01/2026 12:30:51 PM (UTC+1030),6277892.964,493167.579,63.149,0.098
27/01/2026 12:30:52 PM (UTC+1030),6277893.248,493168.571,63.193,0.096
27/01/2026 12:30:53 PM (UTC+1030),6277893.448,493169.66,63.275,0.096
27/01/2026 12:30:54 PM (UTC+1030),6277893.546,493170.565,63.33,0.096
27/01/2026 12:30:55 PM (UTC+1030),6277893.424,493171.038,63.307,0.096
27/01/2026 12:30:56 PM (UTC+1030),6277893.383,493171.275,63.339,0.096
27/01/2026 12:30:57 PM (UTC+1030),6277893.096,493171.306,63.344,0.097
27/01/2026 12:30:58 PM (UTC+1030),6277893.239,493171.361,63.33,0.097
27/01/2026 12:30:59 PM (UTC+1030),6277893.249,493171.331,63.329,0.097
27/01/2026 12:31:00 PM (UTC+1030),6277893.209,493171.323,63.34,0.095
27/01/2026 12:31:01 PM (UTC+1030),6277893.323,493171.311,63.335,0.097
27/01/2026 12:31:02 PM (UTC+1030),6277893.257,493171.296,63.356,0.097
27/01/2026 12:31:03 PM (UTC+1030),6277893.104,493171.351,63.347,0.097
27/01/2026 12:31:04 PM (UTC+1030),6277892.958,493171.288,63.342,0.099
27/01/2026 12:31:05 PM (UTC+1030),6277893.165,493170.939,63.315,0.099
27/01/2026 12:31:06 PM (UTC+1030),6277893.132,493170.835,63.317,0.077
27/01/2026 12:31:07 PM (UTC+1030),6277893.246,493170.848,63.281,0.077
27/01/2026 12:31:08 PM (UTC+1030),6277893.238,493170.845,63.285,0.077
27/01/2026 12:31:09 PM (UTC+1030),6277893.239,493170.869,63.286,0.094
27/01/2026 12:31:10 PM (UTC+1030),6277893.248,493170.886,63.278,0.094
27/01/2026 12:31:11 PM (UTC+1030),6277893.189,493170.891,63.304,0.099
27/01/2026 12:31:12 PM (UTC+1030),6277893.171,493170.921,63.305,0.08
27/01/2026 12:31:13 PM (UTC+1030),6277893.138,493171.11,63.301,0.08
27/01/2026 12:31:14 PM (UTC+1030),6277893.137,493171.128,63.295,0.08
27/01/2026 12:31:15 PM (UTC+1030),6277893.099,493171.157,63.293,0.082
27/01/2026 12:31:16 PM (UTC+1030),6277893.105,493171.181,63.294,0.083
27/01/2026 12:31:17 PM (UTC+1030),6277893.134,493171.158,63.291,0.083
27/01/2026 12:31:18 PM (UTC+1030),6277893.12,493171.15,63.301,0.086
27/01/2026 12:31:19 PM (UTC+1030),6277893.116,493171.145,63.299,0.086
27/01/2026 12:31:20 PM (UTC+1030),6277893.115,493171.156,63.3,0.087
27/01/2026 12:31:21 PM (UTC+1030),6277893.114,493171.164,63.312,0.088
27/01/2026 12:31:22 PM (UTC+1030),6277893.136,493171.156,63.311,0.09
27/01/2026 12:31:23 PM (UTC+1030),6277893.132,493171.124,63.31,0.09
27/01/2026 12:31:24 PM (UTC+1030),6277893.124,493171.14,63.307,0.09
27/01/2026 12:31:25 PM (UTC+1030),6277893.07,493171.125,63.314,0.09
27/01/2026 12:31:26 PM (UTC+1030),6277893.169,493171.159,63.306,0.092
27/01/2026 12:31:27 PM (UTC+1030),6277893.174,493171.148,63.301,0.092
27/01/2026 12:31:28 PM (UTC+1030),6277893.127,493171.145,63.313,0.093
27/01/2026 12:31:29 PM (UTC+1030),6277893.11,493171.15,63.306,0.093
27/01/2026 12:31:30 PM (UTC+1030),6277893.136,493171.154,63.311,0.095
27/01/2026 12:31:31 PM (UTC+1030),6277893.11,493171.156,63.305,0.11
27/01/2026 12:31:32 PM (UTC+1030),6277893.14,493171.147,63.311,0.11
27/01/2026 12:31:33 PM (UTC+1030),6277893.167,493171.136,63.297,0.097
27/01/2026 12:31:34 PM (UTC+1030),6277893.139,493171.154,63.296,0.097
27/01/2026 12:31:35 PM (UTC+1030),6277893.155,493171.165,63.297,0.097
27/01/2026 12:31:36 PM (UTC+1030),6277893.115,493171.171,63.297,0.097
27/01/2026 12:31:37 PM (UTC+1030),6277893.095,493171.166,63.32,0.099
27/01/2026 12:31:38 PM (UTC+1030),6277893.112,493171.153,63.319,0.1
27/01/2026 12:31:39 PM (UTC+1030),6277893.11,493171.133,63.32,0.1
27/01/2026 12:31:40 PM (UTC+1030),6277893.107,493171.133,63.32,0.1
27/01/2026 12:31:41 PM (UTC+1030),6277893.102,493171.139,63.323,0.1
27/01/2026 12:31:42 PM (UTC+1030),6277893.082,493171.156,63.327,0.102
27/01/2026 12:31:43 PM (UTC+1030),6277893.062,493171.156,63.325,0.102
27/01/2026 12:31:44 PM (UTC+1030),6277893.097,493171.106,63.324,0.102
27/01/2026 12:31:45 PM (UTC+1030),6277893.034,493170.961,63.331,0.102
27/01/2026 12:31:46 PM (UTC+1030),6277893.161,493170.504,63.295,0.104
27/01/2026 12:31:47 PM (UTC+1030),6277893.218,493169.773,63.292,0.105
27/01/2026 12:31:48 PM (UTC+1030),6277893.311,493168.925,63.236,0.105
27/01/2026 12:31:49 PM (UTC+1030),6277893.249,493167.998,63.206,0.105
27/01/2026 12:31:50 PM (UTC+1030),6277893.222,493167.097,63.144,0.107
27/01/2026 12:31:51 PM (UTC+1030),6277893.351,493166.087,63.07,0.109
27/01/2026 12:31:52 PM (UTC+1030),6277893.544,493165.18,62.996,0.121
27/01/2026 12:31:53 PM (UTC+1030),6277893.663,493164.244,62.953,0.125
27/01/2026 12:31:54 PM (UTC+1030),6277893.699,493163.254,62.893,0.125
27/01/2026 12:31:55 PM (UTC+1030),6277893.72,493162.271,62.79,0.126
27/01/2026 12:31:56 PM (UTC+1030),6277893.854,493161.27,62.78,0.127
27/01/2026 12:31:57 PM (UTC+1030),6277894.075,493160.222,62.706,0.126
27/01/2026 12:31:58 PM (UTC+1030),6277894.318,493159.196,62.65,0.127
27/01/2026 12:31:59 PM (UTC+1030),6277894.491,493158.225,62.585,0.127
27/01/2026 12:32:00 PM (UTC+1030),6277894.643,493157.257,62.55,0.124
27/01/2026 12:32:01 PM (UTC+1030),6277894.802,493156.269,62.529,0.126
27/01/2026 12:32:02 PM (UTC+1030),6277894.984,493155.28,62.511,0.124
27/01/2026 12:32:03 PM (UTC+1030),6277895.206,493154.34,62.462,0.124
27/01/2026 12:32:04 PM (UTC+1030),6277895.222,493153.334,62.359,0.122
27/01/2026 12:32:05 PM (UTC+1030),6277895.241,493152.368,62.317,0.122
27/01/2026 12:32:06 PM (UTC+1030),6277895.357,493151.357,62.273,0.122
27/01/2026 12:32:07 PM (UTC+1030),6277895.474,493150.432,62.203,0.122
27/01/2026 12:32:08 PM (UTC+1030),6277895.622,493149.402,62.131,0.122
27/01/2026 12:32:09 PM (UTC+1030),6277895.835,493148.451,62.088,0.122
27/01/2026 12:32:10 PM (UTC+1030),6277896.102,493147.491,62.058,0.119
27/01/2026 12:32:11 PM (UTC+1030),6277896.274,493146.549,61.973,0.12
27/01/2026 12:32:12 PM (UTC+1030),6277896.388,493145.602,61.915,0.12
27/01/2026 12:32:13 PM (UTC+1030),6277896.454,493144.67,61.896,0.118
27/01/2026 12:32:14 PM (UTC+1030),6277896.666,493143.746,61.861,0.118
27/01/2026 12:32:15 PM (UTC+1030),6277896.842,493142.836,61.822,0.12
27/01/2026 12:32:16 PM (UTC+1030),6277897,493141.901,61.709,0.119
27/01/2026 12:32:17 PM (UTC+1030),6277897.301,493141.054,61.702,0.119
27/01/2026 12:32:18 PM (UTC+1030),6277897.528,493140.14,61.679,0.119
27/01/2026 12:32:19 PM (UTC+1030),6277897.608,493139.209,61.616,0.119
27/01/2026 12:32:20 PM (UTC+1030),6277897.605,493138.295,61.551,0.117
27/01/2026 12:32:21 PM (UTC+1030),6277897.777,493137.337,61.528,0.116
27/01/2026 12:32:22 PM (UTC+1030),6277897.894,493136.418,61.489,0.116
27/01/2026 12:32:23 PM (UTC+1030),6277897.976,493135.522,61.42,0.116
27/01/2026 12:32:24 PM (UTC+1030),6277898.141,493134.587,61.35,0.116
27/01/2026 12:32:25 PM (UTC+1030),6277898.306,493133.709,61.291,0.116
27/01/2026 12:32:26 PM (UTC+1030),6277898.508,493132.826,61.258,0.115
27/01/2026 12:32:27 PM (UTC+1030),6277898.573,493131.886,61.221,0.115
27/01/2026 12:32:28 PM (UTC+1030),6277898.7,493130.964,61.133,0.115
27/01/2026 12:32:29 PM (UTC+1030),6277898.816,493130.069,61.123,0.115
27/01/2026 12:32:30 PM (UTC+1030),6277898.942,493129.164,61.08,0.114
27/01/2026 12:32:31 PM (UTC+1030),6277899.182,493128.289,60.99,0.116
27/01/2026 12:32:32 PM (UTC+1030),6277899.361,493127.371,60.981,0.116
27/01/2026 12:32:33 PM (UTC+1030),6277899.481,493126.473,60.928,0.116
27/01/2026 12:32:34 PM (UTC+1030),6277899.553,493125.554,60.884,0.116
27/01/2026 12:32:35 PM (UTC+1030),6277899.775,493124.654,60.851,0.114
27/01/2026 12:32:36 PM (UTC+1030),6277900.072,493123.722,60.809,0.116
27/01/2026 12:32:37 PM (UTC+1030),6277900.277,493122.779,60.782,0.116
27/01/2026 12:32:38 PM (UTC+1030),6277900.508,493121.88,60.689,0.116
27/01/2026 12:32:39 PM (UTC+1030),6277900.698,493120.927,60.669,0.112
27/01/2026 12:32:40 PM (UTC+1030),6277900.825,493120.01,60.645,0.109
27/01/2026 12:32:41 PM (UTC+1030),6277900.951,493119.121,60.586,0.111
27/01/2026 12:32:42 PM (UTC+1030),6277900.975,493118.299,60.561,0.111
27/01/2026 12:32:43 PM (UTC+1030),6277901.01,493117.48,60.557,0.111
27/01/2026 12:32:44 PM (UTC+1030),6277901.173,493116.691,60.474,0.109
27/01/2026 12:32:45 PM (UTC+1030),6277901.273,493115.853,60.517,0.107
27/01/2026 12:32:46 PM (UTC+1030),6277901.266,493114.998,60.428,0.108
27/01/2026 12:32:47 PM (UTC+1030),6277901.321,493114.13,60.426,0.108
27/01/2026 12:32:48 PM (UTC+1030),6277901.477,493113.204,60.331,0.108
27/01/2026 12:32:49 PM (UTC+1030),6277901.642,493112.351,60.317,0.109
27/01/2026 12:32:50 PM (UTC+1030),6277901.712,493111.492,60.267,0.107
27/01/2026 12:32:51 PM (UTC+1030),6277901.699,493110.56,60.216,0.106
27/01/2026 12:32:52 PM (UTC+1030),6277901.726,493109.679,60.203,0.108
27/01/2026 12:32:53 PM (UTC+1030),6277901.804,493108.707,60.111,0.108
27/01/2026 12:32:54 PM (UTC+1030),6277901.943,493107.698,60.095,0.109
27/01/2026 12:32:55 PM (UTC+1030),6277902.113,493106.71,60.048,0.109
27/01/2026 12:32:56 PM (UTC+1030),6277902.224,493105.791,59.972,0.109
27/01/2026 12:32:57 PM (UTC+1030),6277902.298,493104.852,59.954,0.109
27/01/2026 12:32:58 PM (UTC+1030),6277902.414,493103.894,59.914,0.109
27/01/2026 12:32:59 PM (UTC+1030),6277902.518,493103.011,59.832,0.109
27/01/2026 12:33:00 PM (UTC+1030),6277902.659,493102.096,59.822,0.107
27/01/2026 12:33:01 PM (UTC+1030),6277902.71,493101.164,59.736,0.109
27/01/2026 12:33:02 PM (UTC+1030),6277902.712,493100.227,59.731,0.109
27/01/2026 12:33:03 PM (UTC+1030),6277902.889,493099.357,59.664,0.109
27/01/2026 12:33:04 PM (UTC+1030),6277903.056,493098.433,59.601,0.107
27/01/2026 12:33:05 PM (UTC+1030),6277903.002,493097.534,59.575,0.109
27/01/2026 12:33:06 PM (UTC+1030),6277902.979,493096.618,59.501,0.109
27/01/2026 12:33:07 PM (UTC+1030),6277903.132,493095.749,59.482,0.109
27/01/2026 12:33:08 PM (UTC+1030),6277903.191,493094.858,59.398,0.107
27/01/2026 12:33:09 PM (UTC+1030),6277903.141,493093.95,59.39,0.105
27/01/2026 12:33:10 PM (UTC+1030),6277903.104,493093.004,59.346,0.105
27/01/2026 12:33:11 PM (UTC+1030),6277903.098,493091.952,59.266,0.106
27/01/2026 12:33:12 PM (UTC+1030),6277903.149,493090.974,59.26,0.106
27/01/2026 12:33:13 PM (UTC+1030),6277903.328,493089.95,59.216,0.105
27/01/2026 12:33:14 PM (UTC+1030),6277903.402,493089.007,59.142,0.107
27/01/2026 12:33:15 PM (UTC+1030),6277903.49,493088.09,59.156,0.104
27/01/2026 12:33:16 PM (UTC+1030),6277903.618,493087.13,59.104,0.105
27/01/2026 12:33:17 PM (UTC+1030),6277903.578,493086.116,59.053,0.105
27/01/2026 12:33:18 PM (UTC+1030),6277903.662,493085.151,59.046,0.105
27/01/2026 12:33:19 PM (UTC+1030),6277903.645,493084.219,58.958,0.104
27/01/2026 12:33:20 PM (UTC+1030),6277903.573,493083.35,58.951,0.104
27/01/2026 12:33:21 PM (UTC+1030),6277903.453,493082.456,58.877,0.104
27/01/2026 12:33:22 PM (UTC+1030),6277903.331,493081.473,58.862,0.104
27/01/2026 12:33:23 PM (UTC+1030),6277903.334,493080.512,58.785,0.105
27/01/2026 12:33:24 PM (UTC+1030),6277903.356,493079.557,58.758,0.105
27/01/2026 12:33:25 PM (UTC+1030),6277903.251,493078.641,58.718,0.105
27/01/2026 12:33:26 PM (UTC+1030),6277903.155,493077.696,58.643,0.105
27/01/2026 12:33:27 PM (UTC+1030),6277903.031,493076.76,58.631,0.105
27/01/2026 12:33:28 PM (UTC+1030),6277903.054,493075.81,58.535,0.107
27/01/2026 12:33:29 PM (UTC+1030),6277903.087,493074.861,58.534,0.107
27/01/2026 12:33:30 PM (UTC+1030),6277902.961,493073.92,58.46,0.105
27/01/2026 12:33:31 PM (UTC+1030),6277902.853,493072.936,58.446,0.107
27/01/2026 12:33:32 PM (UTC+1030),6277902.879,493071.986,58.395,0.107
27/01/2026 12:33:33 PM (UTC+1030),6277902.889,493070.978,58.326,0.107
27/01/2026 12:33:34 PM (UTC+1030),6277902.871,493070.089,58.319,0.104
27/01/2026 12:33:35 PM (UTC+1030),6277902.845,493069.167,58.309,0.105
27/01/2026 12:33:36 PM (UTC+1030),6277902.784,493068.205,58.252,0.104
27/01/2026 12:33:37 PM (UTC+1030),6277902.685,493067.242,58.224,0.104
27/01/2026 12:33:38 PM (UTC+1030),6277902.594,493066.285,58.146,0.104
27/01/2026 12:33:39 PM (UTC+1030),6277902.568,493065.308,58.122,0.104
27/01/2026 12:33:40 PM (UTC+1030),6277902.526,493064.331,58.108,0.104
27/01/2026 12:33:41 PM (UTC+1030),6277902.476,493063.367,58.025,0.104
27/01/2026 12:33:42 PM (UTC+1030),6277902.286,493062.396,58.035,0.104
27/01/2026 12:33:43 PM (UTC+1030),6277902.211,493061.479,57.972,0.104
27/01/2026 12:33:44 PM (UTC+1030),6277902.099,493060.521,57.934,0.104
27/01/2026 12:33:45 PM (UTC+1030),6277901.969,493059.572,57.909,0.102
27/01/2026 12:33:46 PM (UTC+1030),6277901.847,493058.627,57.86,0.104
27/01/2026 12:33:47 PM (UTC+1030),6277901.796,493057.636,57.832,0.104
27/01/2026 12:33:48 PM (UTC+1030),6277901.739,493056.716,57.734,0.104
27/01/2026 12:33:49 PM (UTC+1030),6277901.695,493055.715,57.722,0.104
27/01/2026 12:33:50 PM (UTC+1030),6277901.586,493054.805,57.663,0.102
27/01/2026 12:33:51 PM (UTC+1030),6277901.615,493053.861,57.648,0.104
27/01/2026 12:33:52 PM (UTC+1030),6277901.527,493052.864,57.625,0.102
27/01/2026 12:33:53 PM (UTC+1030),6277901.51,493052.034,57.547,0.102
27/01/2026 12:33:54 PM (UTC+1030),6277901.36,493051.154,57.546,0.104
27/01/2026 12:33:55 PM (UTC+1030),6277901.362,493050.244,57.486,0.104
27/01/2026 12:33:56 PM (UTC+1030),6277901.327,493049.294,57.473,0.105
27/01/2026 12:33:57 PM (UTC+1030),6277901.274,493048.311,57.385,0.105
27/01/2026 12:33:58 PM (UTC+1030),6277901.284,493047.387,57.329,0.105
27/01/2026 12:33:59 PM (UTC+1030),6277901.285,493046.463,57.331,0.105
27/01/2026 12:34:00 PM (UTC+1030),6277901.187,493045.597,57.273,0.104
27/01/2026 12:34:01 PM (UTC+1030),6277901.094,493044.72,57.276,0.105
27/01/2026 12:34:02 PM (UTC+1030),6277901.091,493043.82,57.231,0.105
27/01/2026 12:34:03 PM (UTC+1030),6277901.122,493042.845,57.152,0.105
27/01/2026 12:34:04 PM (UTC+1030),6277901.157,493041.976,57.191,0.104
27/01/2026 12:34:05 PM (UTC+1030),6277901.23,493041.071,57.106,0.104
27/01/2026 12:34:06 PM (UTC+1030),6277901.288,493040.117,57.113,0.103
27/01/2026 12:34:07 PM (UTC+1030),6277901.265,493039.115,57.069,0.103
27/01/2026 12:34:08 PM (UTC+1030),6277901.304,493038.129,56.991,0.104
27/01/2026 12:34:09 PM (UTC+1030),6277901.362,493037.173,56.992,0.104
27/01/2026 12:34:10 PM (UTC+1030),6277901.374,493036.199,56.912,0.102
27/01/2026 12:34:11 PM (UTC+1030),6277901.388,493035.197,56.922,0.104
27/01/2026 12:34:12 PM (UTC+1030),6277901.399,493034.309,56.838,0.102
27/01/2026 12:34:13 PM (UTC+1030),6277901.446,493033.345,56.829,0.102
27/01/2026 12:34:14 PM (UTC+1030),6277901.414,493032.342,56.788,0.102
27/01/2026 12:34:15 PM (UTC+1030),6277901.224,493031.405,56.732,0.102
27/01/2026 12:34:16 PM (UTC+1030),6277901.081,493030.461,56.73,0.102
27/01/2026 12:34:17 PM (UTC+1030),6277901.022,493029.459,56.613,0.102
27/01/2026 12:34:18 PM (UTC+1030),6277901.009,493028.518,56.599,0.104
27/01/2026 12:34:19 PM (UTC+1030),6277901.045,493027.506,56.559,0.104
27/01/2026 12:34:20 PM (UTC+1030),6277901.055,493026.488,56.496,0.104
27/01/2026 12:34:21 PM (UTC+1030),6277900.99,493025.511,56.453,0.105
27/01/2026 12:34:22 PM (UTC+1030),6277900.93,493024.526,56.426,0.105
27/01/2026 12:34:23 PM (UTC+1030),6277901.029,493023.597,56.325,0.104
27/01/2026 12:34:24 PM (UTC+1030),6277901.017,493022.608,56.334,0.104
27/01/2026 12:34:25 PM (UTC+1030),6277900.868,493021.593,56.268,0.105
27/01/2026 12:34:26 PM (UTC+1030),6277900.624,493020.638,56.248,0.104
27/01/2026 12:34:27 PM (UTC+1030),6277900.516,493019.634,56.228,0.104
27/01/2026 12:34:28 PM (UTC+1030),6277900.524,493018.664,56.114,0.102
27/01/2026 12:34:29 PM (UTC+1030),6277900.441,493017.725,56.123,0.104
27/01/2026 12:34:30 PM (UTC+1030),6277900.323,493016.711,56.014,0.102
27/01/2026 12:34:31 PM (UTC+1030),6277900.24,493015.65,56.077,0.104
27/01/2026 12:34:32 PM (UTC+1030),6277900.145,493014.696,56.036,0.102
27/01/2026 12:34:33 PM (UTC+1030),6277899.974,493013.776,55.944,0.104
27/01/2026 12:34:34 PM (UTC+1030),6277899.952,493012.748,55.891,0.104
27/01/2026 12:34:35 PM (UTC+1030),6277900.045,493011.748,55.802,0.104
27/01/2026 12:34:36 PM (UTC+1030),6277900.029,493010.68,55.819,0.104
27/01/2026 12:34:37 PM (UTC+1030),6277900.035,493009.611,55.781,0.104
27/01/2026 12:34:38 PM (UTC+1030),6277900.118,493008.576,55.734,0.102
27/01/2026 12:34:39 PM (UTC+1030),6277900.227,493007.601,55.716,0.104
27/01/2026 12:34:40 PM (UTC+1030),6277900.216,493006.617,55.695,0.102
27/01/2026 12:34:41 PM (UTC+1030),6277900.263,493005.647,55.616,0.104
27/01/2026 12:34:42 PM (UTC+1030),6277900.201,493004.636,55.594,0.104
27/01/2026 12:34:43 PM (UTC+1030),6277900.304,493003.599,55.546,0.104
27/01/2026 12:34:44 PM (UTC+1030),6277900.506,493002.717,55.474,0.103
27/01/2026 12:34:45 PM (UTC+1030),6277900.7,493001.768,55.472,0.103
27/01/2026 12:34:46 PM (UTC+1030),6277900.668,493000.773,55.389,0.104
27/01/2026 12:34:47 PM (UTC+1030),6277900.604,492999.803,55.382,0.104
27/01/2026 12:34:48 PM (UTC+1030),6277900.657,492998.841,55.347,0.104
27/01/2026 12:34:49 PM (UTC+1030),6277900.723,492997.917,55.308,0.103
27/01/2026 12:34:50 PM (UTC+1030),6277900.824,492997.01,55.287,0.102
27/01/2026 12:34:51 PM (UTC+1030),6277900.846,492996.06,55.252,0.104
27/01/2026 12:34:52 PM (UTC+1030),6277900.79,492995.175,55.23,0.104
27/01/2026 12:34:53 PM (UTC+1030),6277900.757,492994.274,55.134,0.105
27/01/2026 12:34:54 PM (UTC+1030),6277900.779,492993.345,55.139,0.104
27/01/2026 12:34:55 PM (UTC+1030),6277900.837,492992.431,55.085,0.103
27/01/2026 12:34:56 PM (UTC+1030),6277900.84,492991.546,55.089,0.103
27/01/2026 12:34:57 PM (UTC+1030),6277900.922,492990.614,55.015,0.102
27/01/2026 12:34:58 PM (UTC+1030),6277900.942,492989.735,55.004,0.102
27/01/2026 12:34:59 PM (UTC+1030),6277900.874,492988.887,54.94,0.104
27/01/2026 12:35:00 PM (UTC+1030),6277900.757,492987.926,54.975,0.1
27/01/2026 12:35:01 PM (UTC+1030),6277900.703,492986.974,54.882,0.102
27/01/2026 12:35:02 PM (UTC+1030),6277900.68,492985.968,54.882,0.1
27/01/2026 12:35:03 PM (UTC+1030),6277900.668,492985,54.851,0.102
27/01/2026 12:35:04 PM (UTC+1030),6277900.553,492984.064,54.801,0.102
27/01/2026 12:35:05 PM (UTC+1030),6277900.403,492983.101,54.798,0.102
27/01/2026 12:35:06 PM (UTC+1030),6277900.419,492982.169,54.687,0.102
27/01/2026 12:35:07 PM (UTC+1030),6277900.409,492981.238,54.68,0.102
27/01/2026 12:35:08 PM (UTC+1030),6277900.283,492980.384,54.624,0.104
27/01/2026 12:35:09 PM (UTC+1030),6277900.149,492979.466,54.594,0.104
27/01/2026 12:35:10 PM (UTC+1030),6277900,492978.569,54.571,0.102
27/01/2026 12:35:11 PM (UTC+1030),6277899.916,492977.709,54.501,0.104
27/01/2026 12:35:12 PM (UTC+1030),6277899.815,492976.784,54.461,0.104
27/01/2026 12:35:13 PM (UTC+1030),6277899.701,492975.875,54.422,0.104
27/01/2026 12:35:14 PM (UTC+1030),6277899.706,492974.989,54.386,0.104
27/01/2026 12:35:15 PM (UTC+1030),6277899.778,492974.195,54.354,0.104
27/01/2026 12:35:16 PM (UTC+1030),6277899.769,492973.338,54.288,0.104
27/01/2026 12:35:17 PM (UTC+1030),6277899.796,492972.468,54.282,0.102
27/01/2026 12:35:18 PM (UTC+1030),6277899.751,492971.557,54.231,0.104
27/01/2026 12:35:19 PM (UTC+1030),6277899.815,492970.613,54.197,0.104
27/01/2026 12:35:20 PM (UTC+1030),6277899.721,492969.701,54.143,0.103
27/01/2026 12:35:21 PM (UTC+1030),6277899.625,492968.739,54.121,0.105
27/01/2026 12:35:22 PM (UTC+1030),6277899.619,492967.806,54.086,0.102
27/01/2026 12:35:23 PM (UTC+1030),6277899.638,492966.867,54.042,0.104
27/01/2026 12:35:24 PM (UTC+1030),6277899.529,492965.991,54.005,0.104
27/01/2026 12:35:25 PM (UTC+1030),6277899.444,492965.061,53.947,0.104
27/01/2026 12:35:26 PM (UTC+1030),6277899.346,492964.064,53.925,0.104
27/01/2026 12:35:27 PM (UTC+1030),6277899.378,492963.13,53.817,0.104
27/01/2026 12:35:28 PM (UTC+1030),6277899.443,492962.186,53.816,0.104
27/01/2026 12:35:29 PM (UTC+1030),6277899.258,492961.275,53.753,0.102
27/01/2026 12:35:30 PM (UTC+1030),6277899.194,492960.256,53.736,0.102
27/01/2026 12:35:31 PM (UTC+1030),6277899.161,492959.227,53.65,0.104
27/01/2026 12:35:32 PM (UTC+1030),6277899.171,492958.289,53.599,0.104
27/01/2026 12:35:33 PM (UTC+1030),6277899.068,492957.231,53.586,0.102
27/01/2026 12:35:34 PM (UTC+1030),6277898.868,492956.215,53.508,0.104
27/01/2026 12:35:35 PM (UTC+1030),6277898.742,492955.181,53.48,0.104
27/01/2026 12:35:36 PM (UTC+1030),6277898.688,492954.145,53.462,0.102
27/01/2026 12:35:37 PM (UTC+1030),6277898.492,492953.111,53.43,0.102
27/01/2026 12:35:38 PM (UTC+1030),6277898.387,492952.125,53.357,0.102
27/01/2026 12:35:39 PM (UTC+1030),6277898.252,492951.157,53.341,0.102
27/01/2026 12:35:40 PM (UTC+1030),6277898.02,492950.096,53.261,0.1
27/01/2026 12:35:41 PM (UTC+1030),6277897.864,492949.108,53.221,0.102
27/01/2026 12:35:42 PM (UTC+1030),6277897.8,492948.069,53.202,0.104
27/01/2026 12:35:43 PM (UTC+1030),6277897.712,492947.042,53.103,0.105
27/01/2026 12:35:44 PM (UTC+1030),6277897.584,492946.01,53.089,0.105
27/01/2026 12:35:45 PM (UTC+1030),6277897.457,492945.042,53.086,0.102
27/01/2026 12:35:46 PM (UTC+1030),6277897.26,492944.042,52.994,0.104
27/01/2026 12:35:47 PM (UTC+1030),6277896.95,492943.097,52.985,0.104
27/01/2026 12:35:48 PM (UTC+1030),6277896.661,492942.147,52.904,0.104
27/01/2026 12:35:49 PM (UTC+1030),6277896.425,492941.209,52.908,0.102
27/01/2026 12:35:50 PM (UTC+1030),6277896.197,492940.245,52.865,0.104
27/01/2026 12:35:51 PM (UTC+1030),6277896.003,492939.199,52.771,0.105
27/01/2026 12:35:52 PM (UTC+1030),6277895.859,492938.227,52.772,0.105
27/01/2026 12:35:53 PM (UTC+1030),6277895.871,492937.178,52.669,0.105
27/01/2026 12:35:54 PM (UTC+1030),6277895.893,492936.096,52.672,0.102
27/01/2026 12:35:55 PM (UTC+1030),6277895.899,492935.086,52.644,0.102
27/01/2026 12:35:56 PM (UTC+1030),6277895.753,492934.113,52.583,0.104
27/01/2026 12:35:57 PM (UTC+1030),6277895.523,492933.119,52.557,0.104
27/01/2026 12:35:58 PM (UTC+1030),6277895.385,492932.099,52.474,0.104
27/01/2026 12:35:59 PM (UTC+1030),6277895.281,492931.122,52.468,0.104
27/01/2026 12:36:00 PM (UTC+1030),6277895.169,492930.089,52.406,0.104
27/01/2026 12:36:01 PM (UTC+1030),6277894.973,492929.048,52.39,0.104
27/01/2026 12:36:02 PM (UTC+1030),6277894.788,492928.06,52.354,0.104
27/01/2026 12:36:03 PM (UTC+1030),6277894.842,492927.031,52.287,0.102
27/01/2026 12:36:04 PM (UTC+1030),6277894.843,492926.004,52.293,0.102
27/01/2026 12:36:05 PM (UTC+1030),6277894.833,492924.918,52.205,0.1
27/01/2026 12:36:06 PM (UTC+1030),6277894.815,492923.813,52.191,0.102
27/01/2026 12:36:07 PM (UTC+1030),6277894.782,492922.826,52.178,0.102
27/01/2026 12:36:08 PM (UTC+1030),6277894.977,492921.898,52.124,0.102
27/01/2026 12:36:09 PM (UTC+1030),6277895.129,492920.931,52.123,0.1
27/01/2026 12:36:10 PM (UTC+1030),6277895.1,492919.827,52.117,0.102
27/01/2026 12:36:11 PM (UTC+1030),6277895.027,492918.78,52.062,0.105
27/01/2026 12:36:12 PM (UTC+1030),6277895.107,492917.751,52.068,0.104
27/01/2026 12:36:13 PM (UTC+1030),6277895.223,492916.717,52.034,0.106
27/01/2026 12:36:14 PM (UTC+1030),6277895.393,492915.771,51.969,0.106
27/01/2026 12:36:15 PM (UTC+1030),6277895.531,492914.788,51.996,0.106
27/01/2026 12:36:16 PM (UTC+1030),6277895.586,492913.772,51.93,0.105
27/01/2026 12:36:17 PM (UTC+1030),6277895.649,492912.843,51.904,0.106
27/01/2026 12:36:18 PM (UTC+1030),6277895.797,492911.855,51.878,0.106
27/01/2026 12:36:19 PM (UTC+1030),6277896.017,492910.909,51.806,0.105
27/01/2026 12:36:20 PM (UTC+1030),6277896.228,492909.888,51.809,0.105
27/01/2026 12:36:21 PM (UTC+1030),6277896.335,492908.913,51.763,0.105
27/01/2026 12:36:22 PM (UTC+1030),6277896.327,492907.938,51.76,0.106
27/01/2026 12:36:23 PM (UTC+1030),6277896.397,492906.925,51.695,0.106
27/01/2026 12:36:24 PM (UTC+1030),6277896.634,492905.983,51.665,0.104
27/01/2026 12:36:25 PM (UTC+1030),6277896.76,492905.002,51.65,0.104
27/01/2026 12:36:26 PM (UTC+1030),6277896.561,492903.971,51.588,0.104
27/01/2026 12:36:27 PM (UTC+1030),6277896.454,492902.927,51.587,0.104
27/01/2026 12:36:28 PM (UTC+1030),6277896.504,492901.89,51.571,0.104
27/01/2026 12:36:29 PM (UTC+1030),6277896.529,492900.894,51.473,0.103
27/01/2026 12:36:30 PM (UTC+1030),6277896.449,492899.817,51.444,0.102
27/01/2026 12:36:31 PM (UTC+1030),6277896.363,492898.83,51.449,0.105
27/01/2026 12:36:32 PM (UTC+1030),6277896.106,492897.805,51.364,0.105
27/01/2026 12:36:33 PM (UTC+1030),6277895.828,492896.77,51.373,0.104
27/01/2026 12:36:34 PM (UTC+1030),6277895.81,492895.705,51.341,0.104
27/01/2026 12:36:35 PM (UTC+1030),6277895.705,492894.621,51.239,0.105
27/01/2026 12:36:36 PM (UTC+1030),6277895.732,492893.558,51.262,0.105
27/01/2026 12:36:37 PM (UTC+1030),6277895.656,492892.477,51.253,0.105
27/01/2026 12:36:38 PM (UTC+1030),6277895.478,492891.381,51.179,0.104
27/01/2026 12:36:39 PM (UTC+1030),6277895.302,492890.322,51.173,0.103
27/01/2026 12:36:40 PM (UTC+1030),6277895.146,492889.243,51.13,0.103
27/01/2026 12:36:41 PM (UTC+1030),6277895.146,492888.188,51.061,0.106
27/01/2026 12:36:42 PM (UTC+1030),6277895.183,492887.159,51.099,0.106
27/01/2026 12:36:43 PM (UTC+1030),6277895.058,492886.063,51.047,0.105
27/01/2026 12:36:44 PM (UTC+1030),6277895.015,492885.029,51.07,0.102
27/01/2026 12:36:45 PM (UTC+1030),6277894.946,492883.943,51.066,0.102
27/01/2026 12:36:46 PM (UTC+1030),6277894.884,492882.988,51.003,0.104
27/01/2026 12:36:47 PM (UTC+1030),6277894.973,492882.002,51.05,0.104
27/01/2026 12:36:48 PM (UTC+1030),6277894.935,492880.949,51.015,0.104
27/01/2026 12:36:49 PM (UTC+1030),6277894.819,492879.892,51.026,0.104
27/01/2026 12:36:50 PM (UTC+1030),6277894.897,492878.812,51.036,0.102
27/01/2026 12:36:51 PM (UTC+1030),6277894.944,492877.708,51.007,0.102
27/01/2026 12:36:52 PM (UTC+1030),6277894.874,492876.756,51.075,0.104
27/01/2026 12:36:53 PM (UTC+1030),6277894.77,492875.74,51.07,0.102
27/01/2026 12:36:54 PM (UTC+1030),6277894.689,492874.768,51.078,0.1
27/01/2026 12:36:55 PM (UTC+1030),6277894.689,492873.84,51.074,0.1
27/01/2026 12:36:56 PM (UTC+1030),6277894.573,492872.833,50.993,0.104
27/01/2026 12:36:57 PM (UTC+1030),6277894.392,492871.837,50.976,0.105
27/01/2026 12:36:58 PM (UTC+1030),6277894.233,492870.861,50.906,0.105
27/01/2026 12:36:59 PM (UTC+1030),6277894.03,492869.915,50.889,0.102
27/01/2026 12:37:00 PM (UTC+1030),6277894.036,492868.897,50.853,0.102
27/01/2026 12:37:01 PM (UTC+1030),6277894.033,492867.884,50.783,0.105
27/01/2026 12:37:02 PM (UTC+1030),6277894.021,492866.904,50.797,0.105
27/01/2026 12:37:03 PM (UTC+1030),6277893.981,492865.905,50.748,0.105
27/01/2026 12:37:04 PM (UTC+1030),6277893.822,492864.857,50.73,0.104
27/01/2026 12:37:05 PM (UTC+1030),6277893.776,492863.843,50.727,0.103
27/01/2026 12:37:06 PM (UTC+1030),6277893.77,492862.841,50.648,0.105
27/01/2026 12:37:07 PM (UTC+1030),6277893.667,492861.836,50.675,0.104
27/01/2026 12:37:08 PM (UTC+1030),6277893.386,492860.837,50.659,0.105
27/01/2026 12:37:09 PM (UTC+1030),6277893.15,492859.828,50.616,0.105
27/01/2026 12:37:10 PM (UTC+1030),6277893.008,492858.858,50.658,0.102
27/01/2026 12:37:11 PM (UTC+1030),6277892.884,492857.832,50.636,0.106
27/01/2026 12:37:12 PM (UTC+1030),6277892.861,492856.786,50.584,0.106
27/01/2026 12:37:13 PM (UTC+1030),6277892.714,492855.787,50.624,0.105
27/01/2026 12:37:14 PM (UTC+1030),6277892.59,492854.855,50.605,0.105
27/01/2026 12:37:15 PM (UTC+1030),6277892.292,492853.921,50.585,0.105
27/01/2026 12:37:16 PM (UTC+1030),6277892.07,492853.008,50.623,0.105
27/01/2026 12:37:17 PM (UTC+1030),6277891.89,492852.061,50.576,0.104
27/01/2026 12:37:18 PM (UTC+1030),6277891.688,492851.15,50.604,0.104
27/01/2026 12:37:19 PM (UTC+1030),6277891.515,492850.198,50.612,0.105
27/01/2026 12:37:20 PM (UTC+1030),6277891.36,492849.258,50.589,0.104
27/01/2026 12:37:21 PM (UTC+1030),6277891.416,492848.242,50.671,0.104
27/01/2026 12:37:22 PM (UTC+1030),6277891.504,492847.22,50.658,0.104
27/01/2026 12:37:23 PM (UTC+1030),6277891.457,492846.232,50.651,0.104
27/01/2026 12:37:24 PM (UTC+1030),6277891.306,492845.224,50.712,0.104
27/01/2026 12:37:25 PM (UTC+1030),6277891.192,492844.219,50.71,0.1
27/01/2026 12:37:26 PM (UTC+1030),6277891.196,492843.282,50.753,0.102
27/01/2026 12:37:27 PM (UTC+1030),6277891.136,492842.314,50.763,0.104
27/01/2026 12:37:28 PM (UTC+1030),6277890.973,492841.281,50.729,0.102
27/01/2026 12:37:29 PM (UTC+1030),6277890.872,492840.324,50.778,0.104
27/01/2026 12:37:30 PM (UTC+1030),6277890.754,492839.308,50.78,0.104
27/01/2026 12:37:31 PM (UTC+1030),6277890.582,492838.29,50.769,0.105
27/01/2026 12:37:32 PM (UTC+1030),6277890.452,492837.26,50.814,0.106
27/01/2026 12:37:33 PM (UTC+1030),6277890.395,492836.196,50.772,0.108
27/01/2026 12:37:34 PM (UTC+1030),6277890.527,492835.184,50.791,0.107
27/01/2026 12:37:35 PM (UTC+1030),6277890.439,492834.072,50.805,0.107
27/01/2026 12:37:36 PM (UTC+1030),6277890.314,492833.003,50.741,0.11
27/01/2026 12:37:37 PM (UTC+1030),6277890.275,492831.885,50.771,0.109
27/01/2026 12:37:38 PM (UTC+1030),6277890.448,492830.8,50.77,0.109
27/01/2026 12:37:39 PM (UTC+1030),6277890.595,492829.73,50.688,0.109
27/01/2026 12:37:40 PM (UTC+1030),6277890.684,492828.694,50.688,0.106
27/01/2026 12:37:41 PM (UTC+1030),6277890.771,492827.596,50.655,0.11
27/01/2026 12:37:42 PM (UTC+1030),6277890.893,492826.556,50.559,0.107
27/01/2026 12:37:43 PM (UTC+1030),6277890.799,492825.473,50.562,0.107
27/01/2026 12:37:44 PM (UTC+1030),6277890.767,492824.393,50.494,0.105
27/01/2026 12:37:45 PM (UTC+1030),6277890.661,492823.345,50.442,0.105
27/01/2026 12:37:46 PM (UTC+1030),6277890.654,492822.266,50.388,0.105
27/01/2026 12:37:47 PM (UTC+1030),6277890.629,492821.165,50.259,0.107
27/01/2026 12:37:48 PM (UTC+1030),6277890.58,492820.132,50.186,0.104
27/01/2026 12:37:49 PM (UTC+1030),6277890.593,492819.032,50.15,0.104
27/01/2026 12:37:50 PM (UTC+1030),6277890.608,492817.952,50.012,0.104
27/01/2026 12:37:51 PM (UTC+1030),6277890.472,492816.865,49.961,0.105
27/01/2026 12:37:52 PM (UTC+1030),6277890.383,492815.877,49.918,0.104
27/01/2026 12:37:53 PM (UTC+1030),6277890.187,492814.876,49.809,0.104
27/01/2026 12:37:54 PM (UTC+1030),6277889.913,492813.894,49.757,0.104
27/01/2026 12:37:55 PM (UTC+1030),6277889.802,492812.851,49.708,0.105
27/01/2026 12:37:56 PM (UTC+1030),6277889.797,492811.851,49.597,0.104
27/01/2026 12:37:57 PM (UTC+1030),6277889.677,492810.842,49.601,0.104
27/01/2026 12:37:58 PM (UTC+1030),6277889.507,492809.837,49.504,0.105
27/01/2026 12:37:59 PM (UTC+1030),6277889.436,492808.761,49.416,0.105
27/01/2026 12:38:00 PM (UTC+1030),6277889.487,492807.735,49.394,0.105
27/01/2026 12:38:01 PM (UTC+1030),6277889.499,492806.683,49.294,0.107
27/01/2026 12:38:02 PM (UTC+1030),6277889.542,492805.608,49.208,0.108
27/01/2026 12:38:03 PM (UTC+1030),6277889.647,492804.547,49.205,0.11
27/01/2026 12:38:04 PM (UTC+1030),6277889.688,492803.499,49.079,0.108
27/01/2026 12:38:05 PM (UTC+1030),6277889.753,492802.497,49.067,0.106
27/01/2026 12:38:06 PM (UTC+1030),6277889.727,492801.404,49.005,0.108
27/01/2026 12:38:07 PM (UTC+1030),6277889.69,492800.409,48.91,0.108
27/01/2026 12:38:08 PM (UTC+1030),6277889.585,492799.325,48.878,0.107
27/01/2026 12:38:09 PM (UTC+1030),6277889.644,492798.309,48.775,0.105
27/01/2026 12:38:10 PM (UTC+1030),6277889.748,492797.24,48.734,0.106
27/01/2026 12:38:11 PM (UTC+1030),6277889.808,492796.235,48.687,0.107
27/01/2026 12:38:12 PM (UTC+1030),6277889.781,492795.18,48.576,0.107
27/01/2026 12:38:13 PM (UTC+1030),6277889.788,492794.14,48.568,0.107
27/01/2026 12:38:14 PM (UTC+1030),6277889.725,492793.153,48.493,0.107
27/01/2026 12:38:15 PM (UTC+1030),6277889.71,492792.124,48.434,0.105
27/01/2026 12:38:16 PM (UTC+1030),6277889.651,492791.059,48.419,0.107
27/01/2026 12:38:17 PM (UTC+1030),6277889.592,492789.978,48.334,0.105
27/01/2026 12:38:18 PM (UTC+1030),6277889.67,492788.87,48.261,0.105
27/01/2026 12:38:19 PM (UTC+1030),6277889.721,492787.797,48.223,0.104
27/01/2026 12:38:20 PM (UTC+1030),6277889.806,492786.782,48.128,0.104
27/01/2026 12:38:21 PM (UTC+1030),6277889.758,492785.846,48.116,0.107
27/01/2026 12:38:22 PM (UTC+1030),6277889.797,492784.786,48.027,0.107
27/01/2026 12:38:23 PM (UTC+1030),6277889.864,492783.777,47.958,0.107
27/01/2026 12:38:24 PM (UTC+1030),6277889.862,492782.76,47.939,0.107
27/01/2026 12:38:25 PM (UTC+1030),6277889.768,492781.732,47.841,0.106
27/01/2026 12:38:26 PM (UTC+1030),6277889.813,492780.723,47.822,0.108
27/01/2026 12:38:27 PM (UTC+1030),6277889.764,492779.73,47.737,0.108
27/01/2026 12:38:28 PM (UTC+1030),6277889.675,492778.673,47.701,0.108
27/01/2026 12:38:29 PM (UTC+1030),6277889.607,492777.66,47.689,0.106
27/01/2026 12:38:30 PM (UTC+1030),6277889.517,492776.653,47.601,0.106
27/01/2026 12:38:31 PM (UTC+1030),6277889.643,492775.647,47.579,0.108
27/01/2026 12:38:32 PM (UTC+1030),6277889.621,492774.636,47.507,0.108
27/01/2026 12:38:33 PM (UTC+1030),6277889.55,492773.586,47.452,0.108
27/01/2026 12:38:34 PM (UTC+1030),6277889.355,492772.578,47.41,0.11
27/01/2026 12:38:35 PM (UTC+1030),6277889.065,492771.495,47.301,0.106
27/01/2026 12:38:36 PM (UTC+1030),6277888.8,492770.499,47.253,0.108
27/01/2026 12:38:37 PM (UTC+1030),6277888.78,492769.416,47.228,0.109
27/01/2026 12:38:38 PM (UTC+1030),6277888.791,492768.374,47.123,0.109
27/01/2026 12:38:39 PM (UTC+1030),6277888.849,492767.321,47.049,0.109
27/01/2026 12:38:40 PM (UTC+1030),6277888.715,492766.315,47.008,0.107
27/01/2026 12:38:41 PM (UTC+1030),6277888.56,492765.223,46.911,0.109
27/01/2026 12:38:42 PM (UTC+1030),6277888.435,492764.08,46.88,0.109
27/01/2026 12:38:43 PM (UTC+1030),6277888.384,492763.004,46.86,0.109
27/01/2026 12:38:44 PM (UTC+1030),6277888.339,492761.942,46.737,0.107
27/01/2026 12:38:45 PM (UTC+1030),6277888.363,492760.793,46.699,0.107
27/01/2026 12:38:46 PM (UTC+1030),6277888.356,492759.72,46.685,0.109
27/01/2026 12:38:47 PM (UTC+1030),6277888.308,492758.644,46.582,0.11
27/01/2026 12:38:48 PM (UTC+1030),6277888.205,492757.562,46.581,0.11
27/01/2026 12:38:49 PM (UTC+1030),6277888.13,492756.481,46.564,0.109
27/01/2026 12:38:50 PM (UTC+1030),6277888.181,492755.417,46.462,0.108
27/01/2026 12:38:51 PM (UTC+1030),6277888.291,492754.34,46.469,0.11
27/01/2026 12:38:52 PM (UTC+1030),6277888.197,492753.293,46.412,0.11
27/01/2026 12:38:53 PM (UTC+1030),6277888.022,492752.295,46.362,0.109
27/01/2026 12:38:54 PM (UTC+1030),6277887.954,492751.293,46.333,0.109
27/01/2026 12:38:55 PM (UTC+1030),6277887.962,492750.319,46.265,0.11
27/01/2026 12:38:56 PM (UTC+1030),6277887.789,492749.397,46.234,0.111
27/01/2026 12:38:57 PM (UTC+1030),6277887.675,492748.422,46.185,0.111
27/01/2026 12:38:58 PM (UTC+1030),6277887.818,492747.45,46.145,0.11
27/01/2026 12:38:59 PM (UTC+1030),6277887.956,492746.482,46.077,0.11
27/01/2026 12:39:00 PM (UTC+1030),6277888.033,492745.542,46.064,0.109
27/01/2026 12:39:01 PM (UTC+1030),6277888.033,492744.55,45.976,0.11
27/01/2026 12:39:02 PM (UTC+1030),6277887.844,492743.593,45.974,0.11
27/01/2026 12:39:03 PM (UTC+1030),6277887.772,492742.633,45.87,0.11
27/01/2026 12:39:04 PM (UTC+1030),6277887.595,492741.629,45.888,0.11
27/01/2026 12:39:05 PM (UTC+1030),6277887.406,492740.704,45.844,0.11
27/01/2026 12:39:06 PM (UTC+1030),6277887.266,492739.746,45.809,0.11
27/01/2026 12:39:07 PM (UTC+1030),6277887.063,492738.707,45.72,0.11
27/01/2026 12:39:08 PM (UTC+1030),6277886.742,492737.715,45.716,0.11
27/01/2026 12:39:09 PM (UTC+1030),6277886.541,492736.711,45.671,0.11
27/01/2026 12:39:10 PM (UTC+1030),6277886.494,492735.625,45.577,0.109
27/01/2026 12:39:11 PM (UTC+1030),6277886.488,492734.6,45.566,0.109
27/01/2026 12:39:12 PM (UTC+1030),6277886.556,492733.61,45.488,0.109
27/01/2026 12:39:13 PM (UTC+1030),6277886.438,492732.626,45.476,0.11
27/01/2026 12:39:14 PM (UTC+1030),6277886.249,492731.61,45.451,0.11
27/01/2026 12:39:15 PM (UTC+1030),6277886.167,492730.621,45.367,0.11
27/01/2026 12:39:16 PM (UTC+1030),6277886.085,492729.604,45.356,0.11
27/01/2026 12:39:17 PM (UTC+1030),6277885.923,492728.664,45.277,0.11
27/01/2026 12:39:18 PM (UTC+1030),6277885.774,492727.674,45.293,0.113
27/01/2026 12:39:19 PM (UTC+1030),6277885.601,492726.657,45.2,0.113
27/01/2026 12:39:20 PM (UTC+1030),6277885.418,492725.627,45.13,0.11
27/01/2026 12:39:21 PM (UTC+1030),6277885.206,492724.629,45.128,0.112
27/01/2026 12:39:22 PM (UTC+1030),6277884.981,492723.637,45.047,0.111
27/01/2026 12:39:23 PM (UTC+1030),6277884.768,492722.639,45.093,0.113
27/01/2026 12:39:24 PM (UTC+1030),6277884.803,492721.729,44.992,0.112
27/01/2026 12:39:25 PM (UTC+1030),6277884.711,492720.825,44.993,0.112
27/01/2026 12:39:26 PM (UTC+1030),6277884.649,492719.823,44.937,0.113
27/01/2026 12:39:27 PM (UTC+1030),6277884.493,492718.864,44.91,0.113
27/01/2026 12:39:28 PM (UTC+1030),6277884.347,492717.828,44.895,0.113
27/01/2026 12:39:29 PM (UTC+1030),6277884.263,492716.784,44.812,0.113
27/01/2026 12:39:30 PM (UTC+1030),6277884.123,492715.823,44.808,0.111
27/01/2026 12:39:31 PM (UTC+1030),6277884.062,492714.871,44.731,0.113
27/01/2026 12:39:32 PM (UTC+1030),6277884.026,492713.947,44.732,0.111
27/01/2026 12:39:33 PM (UTC+1030),6277883.878,492712.942,44.713,0.111
27/01/2026 12:39:34 PM (UTC+1030),6277883.741,492711.934,44.632,0.11
27/01/2026 12:39:35 PM (UTC+1030),6277883.66,492710.968,44.646,0.111
27/01/2026 12:39:36 PM (UTC+1030),6277883.503,492709.937,44.617,0.11
27/01/2026 12:39:37 PM (UTC+1030),6277883.283,492708.928,44.58,0.11
27/01/2026 12:39:38 PM (UTC+1030),6277883.234,492707.944,44.568,0.112
27/01/2026 12:39:39 PM (UTC+1030),6277883.12,492706.93,44.504,0.112
27/01/2026 12:39:40 PM (UTC+1030),6277883.048,492705.991,44.511,0.11
27/01/2026 12:39:41 PM (UTC+1030),6277882.905,492705.017,44.453,0.112
27/01/2026 12:39:42 PM (UTC+1030),6277882.733,492704.072,44.471,0.11
27/01/2026 12:39:43 PM (UTC+1030),6277882.683,492703.05,44.384,0.11
27/01/2026 12:39:44 PM (UTC+1030),6277882.695,492702.033,44.407,0.11
27/01/2026 12:39:45 PM (UTC+1030),6277882.652,492700.985,44.343,0.11
27/01/2026 12:39:46 PM (UTC+1030),6277882.422,492700.011,44.35,0.109
27/01/2026 12:39:47 PM (UTC+1030),6277882.357,492698.988,44.301,0.109
27/01/2026 12:39:48 PM (UTC+1030),6277882.3,492697.932,44.288,0.109
27/01/2026 12:39:49 PM (UTC+1030),6277882.075,492696.957,44.295,0.109
27/01/2026 12:39:50 PM (UTC+1030),6277881.851,492696.033,44.236,0.11
27/01/2026 12:39:51 PM (UTC+1030),6277881.623,492694.998,44.252,0.111
27/01/2026 12:39:52 PM (UTC+1030),6277881.522,492693.963,44.227,0.11
27/01/2026 12:39:53 PM (UTC+1030),6277881.531,492692.985,44.197,0.11
27/01/2026 12:39:54 PM (UTC+1030),6277881.431,492691.979,44.181,0.111
27/01/2026 12:39:55 PM (UTC+1030),6277881.275,492691.006,44.153,0.111
27/01/2026 12:39:56 PM (UTC+1030),6277881.166,492690.013,44.176,0.11
27/01/2026 12:39:57 PM (UTC+1030),6277881.127,492689.078,44.107,0.11
27/01/2026 12:39:58 PM (UTC+1030),6277881.063,492688.079,44.122,0.109
27/01/2026 12:39:59 PM (UTC+1030),6277880.864,492687.06,44.053,0.109
27/01/2026 12:40:00 PM (UTC+1030),6277880.652,492686.062,44.068,0.107
27/01/2026 12:40:01 PM (UTC+1030),6277880.564,492685.107,44.025,0.109
27/01/2026 12:40:02 PM (UTC+1030),6277880.69,492684.13,44.011,0.11
27/01/2026 12:40:03 PM (UTC+1030),6277880.61,492683.173,44.017,0.109
27/01/2026 12:40:04 PM (UTC+1030),6277880.414,492682.177,43.957,0.109
27/01/2026 12:40:05 PM (UTC+1030),6277880.065,492681.303,43.989,0.11
27/01/2026 12:40:06 PM (UTC+1030),6277879.841,492680.52,43.95,0.109
27/01/2026 12:40:07 PM (UTC+1030),6277879.598,492679.698,43.937,0.109
27/01/2026 12:40:08 PM (UTC+1030),6277879.267,492678.829,43.889,0.109
27/01/2026 12:40:09 PM (UTC+1030),6277879.107,492677.847,43.899,0.109
27/01/2026 12:40:10 PM (UTC+1030),6277879.012,492676.843,43.9,0.109
27/01/2026 12:40:11 PM (UTC+1030),6277878.924,492675.84,43.824,0.11
27/01/2026 12:40:12 PM (UTC+1030),6277878.912,492674.818,43.824,0.11
27/01/2026 12:40:13 PM (UTC+1030),6277878.785,492673.804,43.847,0.11
27/01/2026 12:40:14 PM (UTC+1030),6277878.62,492672.762,43.776,0.11
27/01/2026 12:40:15 PM (UTC+1030),6277878.395,492671.768,43.826,0.11
27/01/2026 12:40:16 PM (UTC+1030),6277878.242,492670.74,43.742,0.112
27/01/2026 12:40:17 PM (UTC+1030),6277878.216,492669.717,43.753,0.112
27/01/2026 12:40:18 PM (UTC+1030),6277878.113,492668.809,43.757,0.112
27/01/2026 12:40:19 PM (UTC+1030),6277877.969,492667.785,43.667,0.112
27/01/2026 12:40:20 PM (UTC+1030),6277877.858,492666.755,43.673,0.11
27/01/2026 12:40:21 PM (UTC+1030),6277877.899,492665.776,43.613,0.112
27/01/2026 12:40:22 PM (UTC+1030),6277877.908,492664.787,43.549,0.112
27/01/2026 12:40:23 PM (UTC+1030),6277877.811,492663.717,43.552,0.112
27/01/2026 12:40:24 PM (UTC+1030),6277877.678,492662.735,43.435,0.114
27/01/2026 12:40:25 PM (UTC+1030),6277877.637,492661.801,43.427,0.114
27/01/2026 12:40:26 PM (UTC+1030),6277877.696,492660.808,43.35,0.112
27/01/2026 12:40:27 PM (UTC+1030),6277877.771,492659.823,43.294,0.112
27/01/2026 12:40:28 PM (UTC+1030),6277877.631,492658.794,43.228,0.112
27/01/2026 12:40:29 PM (UTC+1030),6277877.392,492657.77,43.165,0.112
27/01/2026 12:40:30 PM (UTC+1030),6277877.268,492656.81,43.15,0.109
27/01/2026 12:40:31 PM (UTC+1030),6277877.209,492655.764,43.051,0.11
27/01/2026 12:40:32 PM (UTC+1030),6277877.091,492654.698,43.017,0.11
27/01/2026 12:40:33 PM (UTC+1030),6277876.825,492653.715,42.983,0.11
27/01/2026 12:40:34 PM (UTC+1030),6277876.624,492652.757,42.906,0.11
27/01/2026 12:40:35 PM (UTC+1030),6277876.348,492651.902,42.912,0.109
27/01/2026 12:40:36 PM (UTC+1030),6277876.086,492650.993,42.838,0.11
27/01/2026 12:40:37 PM (UTC+1030),6277875.778,492650.168,42.789,0.11
27/01/2026 12:40:38 PM (UTC+1030),6277875.532,492649.331,42.694,0.11
27/01/2026 12:40:39 PM (UTC+1030),6277875.183,492648.575,42.697,0.11
27/01/2026 12:40:40 PM (UTC+1030),6277874.986,492647.779,42.621,0.11
27/01/2026 12:40:41 PM (UTC+1030),6277874.705,492646.955,42.609,0.112
27/01/2026 12:40:42 PM (UTC+1030),6277874.274,492646.2,42.498,0.112
27/01/2026 12:40:43 PM (UTC+1030),6277873.767,492645.294,42.465,0.112
27/01/2026 12:40:44 PM (UTC+1030),6277873.525,492644.319,42.427,0.113
27/01/2026 12:40:45 PM (UTC+1030),6277873.226,492643.395,42.379,0.113
27/01/2026 12:40:46 PM (UTC+1030),6277872.993,492642.423,42.316,0.113
27/01/2026 12:40:47 PM (UTC+1030),6277872.77,492641.442,42.297,0.115
27/01/2026 12:40:48 PM (UTC+1030),6277872.424,492640.516,42.224,0.115
27/01/2026 12:40:49 PM (UTC+1030),6277872.04,492639.622,42.189,0.115
27/01/2026 12:40:50 PM (UTC+1030),6277871.822,492638.615,42.12,0.113
27/01/2026 12:40:51 PM (UTC+1030),6277871.359,492637.741,42.044,0.115
27/01/2026 12:40:52 PM (UTC+1030),6277870.951,492636.9,41.957,0.114
27/01/2026 12:40:53 PM (UTC+1030),6277870.543,492635.99,41.905,0.114
27/01/2026 12:40:54 PM (UTC+1030),6277870.16,492635.076,41.821,0.112
27/01/2026 12:40:55 PM (UTC+1030),6277869.591,492634.175,41.793,0.114
27/01/2026 12:40:56 PM (UTC+1030),6277868.857,492633.373,41.735,0.112
27/01/2026 12:40:57 PM (UTC+1030),6277868.145,492632.603,41.643,0.112
27/01/2026 12:40:58 PM (UTC+1030),6277867.543,492631.837,41.624,0.112
27/01/2026 12:40:59 PM (UTC+1030),6277867.021,492630.944,41.59,0.112
27/01/2026 12:41:00 PM (UTC+1030),6277866.421,492630.109,41.517,0.11
27/01/2026 12:41:01 PM (UTC+1030),6277865.72,492629.297,41.489,0.11
27/01/2026 12:41:02 PM (UTC+1030),6277865.076,492628.484,41.438,0.112
27/01/2026 12:41:03 PM (UTC+1030),6277864.479,492627.671,41.364,0.112
27/01/2026 12:41:04 PM (UTC+1030),6277863.881,492626.808,41.345,0.112
27/01/2026 12:41:05 PM (UTC+1030),6277863.203,492625.936,41.276,0.112
27/01/2026 12:41:06 PM (UTC+1030),6277862.517,492625.073,41.206,0.112
27/01/2026 12:41:07 PM (UTC+1030),6277861.871,492624.189,41.18,0.112
27/01/2026 12:41:08 PM (UTC+1030),6277861.224,492623.344,41.108,0.112
27/01/2026 12:41:09 PM (UTC+1030),6277860.608,492622.466,41.019,0.112
27/01/2026 12:41:10 PM (UTC+1030),6277860.011,492621.565,40.995,0.11
27/01/2026 12:41:11 PM (UTC+1030),6277859.411,492620.736,40.955,0.112
27/01/2026 12:41:12 PM (UTC+1030),6277858.843,492619.798,40.841,0.11
27/01/2026 12:41:13 PM (UTC+1030),6277858.199,492618.912,40.81,0.11
27/01/2026 12:41:14 PM (UTC+1030),6277857.578,492618.075,40.789,0.11
27/01/2026 12:41:15 PM (UTC+1030),6277856.971,492617.278,40.699,0.11
27/01/2026 12:41:16 PM (UTC+1030),6277856.343,492616.392,40.668,0.112
27/01/2026 12:41:17 PM (UTC+1030),6277855.736,492615.6,40.64,0.11
27/01/2026 12:41:18 PM (UTC+1030),6277855.044,492614.814,40.545,0.11
27/01/2026 12:41:19 PM (UTC+1030),6277854.327,492613.972,40.513,0.109
27/01/2026 12:41:20 PM (UTC+1030),6277853.684,492613.122,40.481,0.109
27/01/2026 12:41:21 PM (UTC+1030),6277853.025,492612.322,40.376,0.11
27/01/2026 12:41:22 PM (UTC+1030),6277852.395,492611.462,40.348,0.11
27/01/2026 12:41:23 PM (UTC+1030),6277851.736,492610.609,40.324,0.108
27/01/2026 12:41:24 PM (UTC+1030),6277851.083,492609.83,40.243,0.108
27/01/2026 12:41:25 PM (UTC+1030),6277850.338,492609.118,40.251,0.108
27/01/2026 12:41:26 PM (UTC+1030),6277849.7,492608.345,40.21,0.109
27/01/2026 12:41:27 PM (UTC+1030),6277849.119,492607.576,40.123,0.109
27/01/2026 12:41:28 PM (UTC+1030),6277848.414,492606.913,40.12,0.109
27/01/2026 12:41:29 PM (UTC+1030),6277847.792,492606.223,40.082,0.109
27/01/2026 12:41:30 PM (UTC+1030),6277847.092,492605.602,40.008,0.109
27/01/2026 12:41:31 PM (UTC+1030),6277846.296,492605.046,40.049,0.109
27/01/2026 12:41:32 PM (UTC+1030),6277845.497,492604.455,40.013,0.109
27/01/2026 12:41:33 PM (UTC+1030),6277844.965,492603.79,39.965,0.109
27/01/2026 12:41:34 PM (UTC+1030),6277844.458,492603.183,39.977,0.111
27/01/2026 12:41:35 PM (UTC+1030),6277843.727,492602.609,39.89,0.111
27/01/2026 12:41:36 PM (UTC+1030),6277842.962,492602.033,39.884,0.111
27/01/2026 12:41:37 PM (UTC+1030),6277842.391,492601.638,39.82,0.111
27/01/2026 12:41:38 PM (UTC+1030),6277841.925,492601.167,39.713,0.109
27/01/2026 12:41:39 PM (UTC+1030),6277841.594,492601.061,39.713,0.106
27/01/2026 12:41:40 PM (UTC+1030),6277841.594,492601.015,39.71,0.106
27/01/2026 12:41:41 PM (UTC+1030),6277841.598,492600.923,39.704,0.108
27/01/2026 12:41:42 PM (UTC+1030),6277841.072,492600.782,39.707,0.104
27/01/2026 12:41:43 PM (UTC+1030),6277840.717,492600.569,39.664,0.106
27/01/2026 12:41:44 PM (UTC+1030),6277840.405,492600.798,39.687,0.108
27/01/2026 12:41:45 PM (UTC+1030),6277840.179,492600.823,39.695,0.108
27/01/2026 12:41:46 PM (UTC+1030),6277840.275,492600.88,39.696,0.078
27/01/2026 12:41:47 PM (UTC+1030),6277840.42,492600.639,39.694,0.078
27/01/2026 12:41:48 PM (UTC+1030),6277840.258,492600.532,39.689,0.104
27/01/2026 12:41:49 PM (UTC+1030),6277840.266,492600.528,39.689,0.104
27/01/2026 12:41:50 PM (UTC+1030),6277840.332,492600.658,39.672,0.107
27/01/2026 12:41:51 PM (UTC+1030),6277840.272,492600.784,39.668,0.108
27/01/2026 12:41:52 PM (UTC+1030),6277840.325,492600.74,39.668,0.104
27/01/2026 12:41:53 PM (UTC+1030),6277840.314,492600.786,39.666,0.104
27/01/2026 12:41:54 PM (UTC+1030),6277840.313,492600.769,39.669,0.108
27/01/2026 12:41:55 PM (UTC+1030),6277840.343,492600.747,39.671,0.108
27/01/2026 12:41:56 PM (UTC+1030),6277840.321,492600.766,39.673,0.106
27/01/2026 12:41:57 PM (UTC+1030),6277840.299,492600.92,39.662,0.106
27/01/2026 12:41:58 PM (UTC+1030),6277840.629,492600.93,39.667,0.078
27/01/2026 12:41:59 PM (UTC+1030),6277840.651,492600.731,39.646,0.078
27/01/2026 12:42:00 PM (UTC+1030),6277840.76,492600.881,39.663,0.08
27/01/2026 12:42:01 PM (UTC+1030),6277840.956,492601.315,39.71,0.082
27/01/2026 12:42:02 PM (UTC+1030),6277841.12,492601.508,39.726,0.083
27/01/2026 12:42:03 PM (UTC+1030),6277841.032,492601.74,39.754,0.083
27/01/2026 12:42:04 PM (UTC+1030),6277840.598,492602.067,39.807,0.106
27/01/2026 12:42:05 PM (UTC+1030),6277840.05,492602.705,39.791,0.11
27/01/2026 12:42:06 PM (UTC+1030),6277839.665,492603.505,39.867,0.112
27/01/2026 12:42:07 PM (UTC+1030),6277839.28,492604.486,39.907,0.112
27/01/2026 12:42:08 PM (UTC+1030),6277838.925,492605.45,40.029,0.112
27/01/2026 12:42:09 PM (UTC+1030),6277838.643,492606.405,40.136,0.112
27/01/2026 12:42:10 PM (UTC+1030),6277838.22,492607.265,40.148,0.109
27/01/2026 12:42:11 PM (UTC+1030),6277837.774,492608.125,40.274,0.111
27/01/2026 12:42:12 PM (UTC+1030),6277837.141,492609.024,40.316,0.11
27/01/2026 12:42:13 PM (UTC+1030),6277836.345,492609.794,40.277,0.11
27/01/2026 12:42:14 PM (UTC+1030),6277835.482,492610.49,40.345,0.11
27/01/2026 12:42:15 PM (UTC+1030),6277834.795,492610.909,40.44,0.11
27/01/2026 12:42:16 PM (UTC+1030),6277834.617,492610.912,40.478,0.11
27/01/2026 12:42:17 PM (UTC+1030),6277834.439,492611.08,40.475,0.11
27/01/2026 12:42:18 PM (UTC+1030),6277834.498,492611.335,40.48,0.108
27/01/2026 12:42:19 PM (UTC+1030),6277834.819,492611.33,40.423,0.108
27/01/2026 12:42:20 PM (UTC+1030),6277834.416,492611.514,40.502,0.106
27/01/2026 12:42:21 PM (UTC+1030),6277834.305,492611.349,40.463,0.107
27/01/2026 12:42:22 PM (UTC+1030),6277834.429,492611.452,40.498,0.107
27/01/2026 12:42:23 PM (UTC+1030),6277834.448,492611.615,40.495,0.106
27/01/2026 12:42:24 PM (UTC+1030),6277834.27,492611.5,40.448,0.104
27/01/2026 12:42:25 PM (UTC+1030),6277834.499,492611.688,40.457,0.106
27/01/2026 12:42:26 PM (UTC+1030),6277834.403,492611.607,40.453,0.111
27/01/2026 12:42:27 PM (UTC+1030),6277834.581,492611.738,40.439,0.111
27/01/2026 12:42:28 PM (UTC+1030),6277834.597,492611.682,40.41,0.11
27/01/2026 12:42:29 PM (UTC+1030),6277834.295,492611.902,40.472,0.11
27/01/2026 12:42:30 PM (UTC+1030),6277834.561,492611.655,40.45,0.115
27/01/2026 12:42:31 PM (UTC+1030),6277834.525,492611.766,40.442,0.115
27/01/2026 12:42:32 PM (UTC+1030),6277834.453,492611.894,40.455,0.115
27/01/2026 12:42:33 PM (UTC+1030),6277834.517,492611.732,40.451,0.115
27/01/2026 12:42:34 PM (UTC+1030),6277834.575,492611.485,40.441,0.084
27/01/2026 12:42:35 PM (UTC+1030),6277834.277,492611.533,40.444,0.086
27/01/2026 12:42:36 PM (UTC+1030),6277834.145,492611.452,40.386,0.11
27/01/2026 12:42:37 PM (UTC+1030),6277834.095,492611.343,40.336,0.112
27/01/2026 12:42:38 PM (UTC+1030),6277834.107,492611.323,40.353,0.114
27/01/2026 12:42:39 PM (UTC+1030),6277834.096,492611.361,40.355,0.113
27/01/2026 12:42:40 PM (UTC+1030),6277834.112,492611.381,40.359,0.116
27/01/2026 12:42:41 PM (UTC+1030),6277834.138,492611.42,40.388,0.114
27/01/2026 12:42:42 PM (UTC+1030),6277834.355,492611.46,40.422,0.114
27/01/2026 12:42:43 PM (UTC+1030),6277834.509,492611.663,40.429,0.114
27/01/2026 12:42:44 PM (UTC+1030),6277834.59,492611.53,40.422,0.092
27/01/2026 12:42:45 PM (UTC+1030),6277834.286,492611.459,40.507,0.092
27/01/2026 12:42:46 PM (UTC+1030),6277834.177,492611.127,40.493,0.09
27/01/2026 12:42:47 PM (UTC+1030),6277834.036,492611.272,40.491,0.092
27/01/2026 12:42:48 PM (UTC+1030),6277834.053,492611.343,40.501,0.111
27/01/2026 12:42:49 PM (UTC+1030),6277833.962,492611.501,40.49,0.111
27/01/2026 12:42:50 PM (UTC+1030),6277833.955,492611.743,40.417,0.118
27/01/2026 12:42:51 PM (UTC+1030),6277834.104,492611.662,40.445,0.119
27/01/2026 12:42:52 PM (UTC+1030),6277833.9,492611.371,40.473,0.117
27/01/2026 12:42:53 PM (UTC+1030),6277833.768,492611.286,40.448,0.117
27/01/2026 12:42:54 PM (UTC+1030),6277833.75,492611.271,40.457,0.092
27/01/2026 12:42:55 PM (UTC+1030),6277833.723,492611.292,40.454,0.092
27/01/2026 12:42:56 PM (UTC+1030),6277833.725,492611.27,40.444,0.113
27/01/2026 12:42:57 PM (UTC+1030),6277833.738,492611.181,40.449,0.115
27/01/2026 12:42:58 PM (UTC+1030),6277833.731,492611.162,40.475,0.12
27/01/2026 12:42:59 PM (UTC+1030),6277833.793,492611.087,40.492,0.12
27/01/2026 12:43:00 PM (UTC+1030),6277833.868,492611.14,40.504,0.092
27/01/2026 12:43:01 PM (UTC+1030),6277833.704,492611.082,40.467,0.093
27/01/2026 12:43:02 PM (UTC+1030),6277833.698,492611.191,40.463,0.093
27/01/2026 12:43:03 PM (UTC+1030),6277833.771,492611.178,40.478,0.094
27/01/2026 12:43:04 PM (UTC+1030),6277833.767,492611.195,40.497,0.094
27/01/2026 12:43:05 PM (UTC+1030),6277833.896,492611.379,40.501,0.094
27/01/2026 12:43:06 PM (UTC+1030),6277833.462,492611.141,40.42,0.097
27/01/2026 12:43:07 PM (UTC+1030),6277833.29,492611.286,40.334,0.098
27/01/2026 12:43:08 PM (UTC+1030),6277833.412,492611.474,40.331,0.099
27/01/2026 12:43:09 PM (UTC+1030),6277833.634,492611.281,40.458,0.101
27/01/2026 12:43:10 PM (UTC+1030),6277833.473,492611.257,40.494,0.101
27/01/2026 12:43:11 PM (UTC+1030),6277833.638,492611.337,40.475,0.121
27/01/2026 12:43:12 PM (UTC+1030),6277833.67,492611.356,40.484,0.121
27/01/2026 12:43:13 PM (UTC+1030),6277833.534,492611.109,40.479,0.121
27/01/2026 12:43:14 PM (UTC+1030),6277833.566,492611.159,40.466,0.129
27/01/2026 12:43:15 PM (UTC+1030),6277833.503,492611.128,40.478,0.129
27/01/2026 12:43:16 PM (UTC+1030),6277833.46,492611.08,40.482,0.127
27/01/2026 12:43:17 PM (UTC+1030),6277833.446,492611.02,40.488,0.127
27/01/2026 12:43:18 PM (UTC+1030),6277833.753,492611.123,40.501,0.1
27/01/2026 12:43:19 PM (UTC+1030),6277833.429,492611.018,40.51,0.1
27/01/2026 12:43:20 PM (UTC+1030),6277833.529,492611.113,40.488,0.099
27/01/2026 12:43:21 PM (UTC+1030),6277833.285,492610.86,40.491,0.101
27/01/2026 12:43:22 PM (UTC+1030),6277833.131,492610.827,40.491,0.102
27/01/2026 12:43:23 PM (UTC+1030),6277833.247,492611.026,40.476,0.103
27/01/2026 12:43:24 PM (UTC+1030),6277833.453,492611.053,40.465,0.117
27/01/2026 12:43:25 PM (UTC+1030),6277833.226,492610.699,40.492,0.117
27/01/2026 12:43:26 PM (UTC+1030),6277833.434,492610.702,40.465,0.12
27/01/2026 12:43:27 PM (UTC+1030),6277833.283,492610.786,40.462,0.12
27/01/2026 12:43:28 PM (UTC+1030),6277833.32,492610.717,40.464,0.12
27/01/2026 12:43:29 PM (UTC+1030),6277833.335,492610.702,40.466,0.125
27/01/2026 12:43:30 PM (UTC+1030),6277833.403,492610.704,40.463,0.125
27/01/2026 12:43:31 PM (UTC+1030),6277833.228,492610.678,40.471,0.125
27/01/2026 12:43:32 PM (UTC+1030),6277833.29,492610.696,40.468,0.125
27/01/2026 12:43:33 PM (UTC+1030),6277833.35,492610.72,40.459,0.125
27/01/2026 12:43:34 PM (UTC+1030),6277833.485,492610.787,40.439,0.099
27/01/2026 12:43:35 PM (UTC+1030),6277833.432,492610.866,40.459,0.099
27/01/2026 12:43:36 PM (UTC+1030),6277833.437,492610.919,40.467,0.099
27/01/2026 12:43:37 PM (UTC+1030),6277833.43,492610.903,40.466,0.099
27/01/2026 12:43:38 PM (UTC+1030),6277833.429,492610.915,40.472,0.099
27/01/2026 12:43:39 PM (UTC+1030),6277833.42,492610.935,40.461,0.12
27/01/2026 12:43:40 PM (UTC+1030),6277833.418,492610.935,40.47,0.12
27/01/2026 12:43:41 PM (UTC+1030),6277833.297,492610.967,40.474,0.12
27/01/2026 12:43:42 PM (UTC+1030),6277833.015,492610.951,40.476,0.104
27/01/2026 12:43:43 PM (UTC+1030),6277832.84,492610.762,40.48,0.104
27/01/2026 12:43:44 PM (UTC+1030),6277832.702,492611.001,40.477,0.105
27/01/2026 12:43:45 PM (UTC+1030),6277832.742,492610.959,40.483,0.105
27/01/2026 12:43:46 PM (UTC+1030),6277832.719,492610.958,40.479,0.107
27/01/2026 12:43:47 PM (UTC+1030),6277832.709,492610.996,40.475,0.107
27/01/2026 12:43:48 PM (UTC+1030),6277832.679,492611.005,40.485,0.125
27/01/2026 12:43:49 PM (UTC+1030),6277832.684,492610.987,40.475,0.125
27/01/2026 12:43:50 PM (UTC+1030),6277832.665,492610.928,40.485,0.128
27/01/2026 12:43:51 PM (UTC+1030),6277832.381,492610.521,40.457,0.128
27/01/2026 12:43:52 PM (UTC+1030),6277832.104,492610.957,40.498,0.104
27/01/2026 12:43:53 PM (UTC+1030),6277831.674,492611.426,40.533,0.106
27/01/2026 12:43:54 PM (UTC+1030),6277831.477,492611.886,40.577,0.105
27/01/2026 12:43:55 PM (UTC+1030),6277831.415,492611.703,40.565,0.105
27/01/2026 12:43:56 PM (UTC+1030),6277830.942,492612.04,40.582,0.107
27/01/2026 12:43:57 PM (UTC+1030),6277830.903,492612.378,40.571,0.107
27/01/2026 12:43:58 PM (UTC+1030),6277830.795,492612.326,40.581,0.109
27/01/2026 12:43:59 PM (UTC+1030),6277830.726,492612.359,40.585,0.125
27/01/2026 12:44:00 PM (UTC+1030),6277830.678,492612.43,40.579,0.125
27/01/2026 12:44:01 PM (UTC+1030),6277830.591,492612.406,40.566,0.128
27/01/2026 12:44:02 PM (UTC+1030),6277830.621,492612.32,40.585,0.128
27/01/2026 12:44:03 PM (UTC+1030),6277830.821,492612.292,40.586,0.128
27/01/2026 12:44:04 PM (UTC+1030),6277830.379,492611.929,40.601,0.129
27/01/2026 12:44:05 PM (UTC+1030),6277829.682,492611.232,40.551,0.129
27/01/2026 12:44:06 PM (UTC+1030),6277829.002,492610.541,40.559,0.102
27/01/2026 12:44:07 PM (UTC+1030),6277828.218,492609.797,40.581,0.102
27/01/2026 12:44:08 PM (UTC+1030),6277827.489,492609.128,40.585,0.102
27/01/2026 12:44:09 PM (UTC+1030),6277826.688,492608.527,40.539,0.121
27/01/2026 12:44:10 PM (UTC+1030),6277825.885,492608.008,40.506,0.121
27/01/2026 12:44:11 PM (UTC+1030),6277825.222,492607.541,40.53,0.123
27/01/2026 12:44:12 PM (UTC+1030),6277824.862,492606.992,40.435,0.126
27/01/2026 12:44:13 PM (UTC+1030),6277824.371,492606.17,40.433,0.126
27/01/2026 12:44:14 PM (UTC+1030),6277823.813,492605.471,40.384,0.125
27/01/2026 12:44:15 PM (UTC+1030),6277823.275,492605.087,40.367,0.125
27/01/2026 12:44:16 PM (UTC+1030),6277822.88,492604.699,40.357,0.121
27/01/2026 12:44:17 PM (UTC+1030),6277822.723,492604.529,40.366,0.121
27/01/2026 12:44:18 PM (UTC+1030),6277822.563,492603.912,40.311,0.121
27/01/2026 12:44:19 PM (UTC+1030),6277822.436,492603.905,40.321,0.121
27/01/2026 12:44:20 PM (UTC+1030),6277822.554,492604.18,40.328,0.122
27/01/2026 12:44:21 PM (UTC+1030),6277822.48,492604.152,40.334,0.126
27/01/2026 12:44:22 PM (UTC+1030),6277822.488,492604.172,40.34,0.126
27/01/2026 12:44:23 PM (UTC+1030),6277822.658,492604.208,40.313,0.126
27/01/2026 12:44:24 PM (UTC+1030),6277822.707,492604.166,40.303,0.122
27/01/2026 12:44:25 PM (UTC+1030),6277822.689,492604.199,40.301,0.122
27/01/2026 12:44:26 PM (UTC+1030),6277822.692,492604.231,40.317,0.119
27/01/2026 12:44:27 PM (UTC+1030),6277822.71,492604.25,40.311,0.119
27/01/2026 12:44:28 PM (UTC+1030),6277822.709,492604.205,40.317,0.091
27/01/2026 12:44:29 PM (UTC+1030),6277822.713,492604.208,40.297,0.094
27/01/2026 12:44:30 PM (UTC+1030),6277822.72,492604.201,40.298,0.094
27/01/2026 12:44:31 PM (UTC+1030),6277822.708,492604.207,40.303,0.096
27/01/2026 12:44:32 PM (UTC+1030),6277822.706,492604.211,40.299,0.097
27/01/2026 12:44:33 PM (UTC+1030),6277822.688,492604.211,40.299,0.097
27/01/2026 12:44:34 PM (UTC+1030),6277822.7,492604.191,40.302,0.099
27/01/2026 12:44:35 PM (UTC+1030),6277822.709,492604.195,40.3,0.099
27/01/2026 12:44:36 PM (UTC+1030),6277822.687,492604.213,40.305,0.101
27/01/2026 12:44:37 PM (UTC+1030),6277822.68,492604.204,40.311,0.1
27/01/2026 12:44:38 PM (UTC+1030),6277822.645,492604.083,40.305,0.103
27/01/2026 12:44:39 PM (UTC+1030),6277822.518,492603.66,40.288,0.103
27/01/2026 12:44:40 PM (UTC+1030),6277822.134,492603.499,40.294,0.105
27/01/2026 12:44:41 PM (UTC+1030),6277821.816,492603.077,40.277,0.106
27/01/2026 12:44:42 PM (UTC+1030),6277821.179,492602.75,40.237,0.108
27/01/2026 12:44:43 PM (UTC+1030),6277820.559,492602.281,40.276,0.108
27/01/2026 12:44:44 PM (UTC+1030),6277820.073,492601.69,40.225,0.129
27/01/2026 12:44:45 PM (UTC+1030),6277819.687,492601.22,40.223,0.129
27/01/2026 12:44:46 PM (UTC+1030),6277819.08,492600.822,40.192,0.133
27/01/2026 12:44:47 PM (UTC+1030),6277818.471,492600.394,40.244,0.134
27/01/2026 12:44:48 PM (UTC+1030),6277817.974,492599.936,40.255,0.134
27/01/2026 12:44:49 PM (UTC+1030),6277817.424,492599.398,40.215,0.134
27/01/2026 12:44:50 PM (UTC+1030),6277816.899,492598.901,40.243,0.134
27/01/2026 12:44:51 PM (UTC+1030),6277816.211,492598.451,40.237,0.134
27/01/2026 12:44:52 PM (UTC+1030),6277815.573,492598.044,40.244,0.134
27/01/2026 12:44:53 PM (UTC+1030),6277815.114,492597.522,40.175,0.134
27/01/2026 12:44:54 PM (UTC+1030),6277814.506,492597.054,40.175,0.133
27/01/2026 12:44:55 PM (UTC+1030),6277813.772,492596.668,40.134,0.133
27/01/2026 12:44:56 PM (UTC+1030),6277813.3,492596.208,40.061,0.131
27/01/2026 12:44:57 PM (UTC+1030),6277812.755,492595.744,40.075,0.129
27/01/2026 12:44:58 PM (UTC+1030),6277812.039,492595.388,40.04,0.129
27/01/2026 12:44:59 PM (UTC+1030),6277811.475,492594.949,40.023,0.128
27/01/2026 12:45:00 PM (UTC+1030),6277810.975,492594.531,39.977,0.126
27/01/2026 12:45:01 PM (UTC+1030),6277810.383,492594.137,39.984,0.126
27/01/2026 12:45:02 PM (UTC+1030),6277809.769,492593.798,39.946,0.126
27/01/2026 12:45:03 PM (UTC+1030),6277809.107,492593.486,39.98,0.126
27/01/2026 12:45:04 PM (UTC+1030),6277808.598,492593.033,39.935,0.121
27/01/2026 12:45:05 PM (UTC+1030),6277808.051,492592.662,39.954,0.118
27/01/2026 12:45:06 PM (UTC+1030),6277807.405,492592.269,39.9,0.12
27/01/2026 12:45:07 PM (UTC+1030),6277806.816,492591.85,39.902,0.12
27/01/2026 12:45:08 PM (UTC+1030),6277806.366,492591.331,39.848,0.12
27/01/2026 12:45:09 PM (UTC+1030),6277805.932,492590.834,39.816,0.117
27/01/2026 12:45:10 PM (UTC+1030),6277805.352,492590.406,39.786,0.117
27/01/2026 12:45:11 PM (UTC+1030),6277804.79,492589.987,39.8,0.116
27/01/2026 12:45:12 PM (UTC+1030),6277804.274,492589.488,39.743,0.116
27/01/2026 12:45:13 PM (UTC+1030),6277803.728,492589.022,39.741,0.117
27/01/2026 12:45:14 PM (UTC+1030),6277803.109,492588.642,39.711,0.117
27/01/2026 12:45:15 PM (UTC+1030),6277802.443,492588.236,39.71,0.115
27/01/2026 12:45:16 PM (UTC+1030),6277801.856,492587.763,39.684,0.116
27/01/2026 12:45:17 PM (UTC+1030),6277801.334,492587.12,39.611,0.118
27/01/2026 12:45:18 PM (UTC+1030),6277800.788,492586.46,39.574,0.119
27/01/2026 12:45:19 PM (UTC+1030),6277800.187,492585.937,39.514,0.117
27/01/2026 12:45:20 PM (UTC+1030),6277799.645,492585.466,39.501,0.117
27/01/2026 12:45:21 PM (UTC+1030),6277799.113,492584.853,39.409,0.119
27/01/2026 12:45:22 PM (UTC+1030),6277798.47,492584.406,39.419,0.119
27/01/2026 12:45:23 PM (UTC+1030),6277797.726,492584.051,39.381,0.121
27/01/2026 12:45:24 PM (UTC+1030),6277797.048,492583.768,39.427,0.121
27/01/2026 12:45:25 PM (UTC+1030),6277796.405,492583.392,39.39,0.119
27/01/2026 12:45:26 PM (UTC+1030),6277795.79,492583.062,39.41,0.12
27/01/2026 12:45:27 PM (UTC+1030),6277795.139,492582.761,39.401,0.121
27/01/2026 12:45:28 PM (UTC+1030),6277794.372,492582.426,39.357,0.118
27/01/2026 12:45:29 PM (UTC+1030),6277793.576,492582.075,39.386,0.113
27/01/2026 12:45:30 PM (UTC+1030),6277792.849,492581.612,39.347,0.111
27/01/2026 12:45:31 PM (UTC+1030),6277792.208,492581.156,39.279,0.113
27/01/2026 12:45:32 PM (UTC+1030),6277791.438,492580.834,39.289,0.115
27/01/2026 12:45:33 PM (UTC+1030),6277790.706,492580.426,39.235,0.113
27/01/2026 12:45:34 PM (UTC+1030),6277790.037,492579.951,39.23,0.111
27/01/2026 12:45:35 PM (UTC+1030),6277789.3,492579.361,39.157,0.113
27/01/2026 12:45:36 PM (UTC+1030),6277788.613,492578.834,39.116,0.11
27/01/2026 12:45:37 PM (UTC+1030),6277787.954,492578.358,39.073,0.113
27/01/2026 12:45:38 PM (UTC+1030),6277787.251,492577.883,39.024,0.108
27/01/2026 12:45:39 PM (UTC+1030),6277786.544,492577.498,38.992,0.11
27/01/2026 12:45:40 PM (UTC+1030),6277785.833,492577.017,38.96,0.108
27/01/2026 12:45:41 PM (UTC+1030),6277785.257,492576.511,38.878,0.115
27/01/2026 12:45:42 PM (UTC+1030),6277784.587,492576.032,38.848,0.115
27/01/2026 12:45:43 PM (UTC+1030),6277783.907,492575.598,38.805,0.116
27/01/2026 12:45:44 PM (UTC+1030),6277783.229,492575.234,38.792,0.116
27/01/2026 12:45:45 PM (UTC+1030),6277782.54,492574.808,38.708,0.114
27/01/2026 12:45:46 PM (UTC+1030),6277781.957,492574.349,38.67,0.115
27/01/2026 12:45:47 PM (UTC+1030),6277781.349,492573.939,38.628,0.115
27/01/2026 12:45:48 PM (UTC+1030),6277780.688,492573.452,38.604,0.115
27/01/2026 12:45:49 PM (UTC+1030),6277780,492572.996,38.577,0.115
27/01/2026 12:45:50 PM (UTC+1030),6277779.391,492572.503,38.513,0.111
27/01/2026 12:45:51 PM (UTC+1030),6277778.732,492572.009,38.505,0.115
27/01/2026 12:45:52 PM (UTC+1030),6277778.104,492571.597,38.429,0.114
27/01/2026 12:45:53 PM (UTC+1030),6277777.44,492571.168,38.427,0.114
27/01/2026 12:45:54 PM (UTC+1030),6277776.674,492570.757,38.357,0.115
27/01/2026 12:45:55 PM (UTC+1030),6277775.923,492570.344,38.348,0.115
27/01/2026 12:45:56 PM (UTC+1030),6277775.223,492569.85,38.304,0.114
27/01/2026 12:45:57 PM (UTC+1030),6277774.416,492569.388,38.25,0.114
27/01/2026 12:45:58 PM (UTC+1030),6277773.725,492568.855,38.229,0.113
27/01/2026 12:45:59 PM (UTC+1030),6277773.094,492568.375,38.183,0.113
27/01/2026 12:46:00 PM (UTC+1030),6277772.457,492567.918,38.164,0.109
27/01/2026 12:46:01 PM (UTC+1030),6277771.75,492567.438,38.094,0.11
27/01/2026 12:46:02 PM (UTC+1030),6277770.95,492566.999,38.107,0.113
27/01/2026 12:46:03 PM (UTC+1030),6277770.168,492566.555,38.079,0.113
27/01/2026 12:46:04 PM (UTC+1030),6277769.42,492565.995,37.991,0.113
27/01/2026 12:46:05 PM (UTC+1030),6277768.664,492565.463,37.966,0.115
27/01/2026 12:46:06 PM (UTC+1030),6277767.855,492565.068,37.947,0.116
27/01/2026 12:46:07 PM (UTC+1030),6277767.012,492564.645,37.885,0.112
27/01/2026 12:46:08 PM (UTC+1030),6277766.154,492564.291,37.888,0.109
27/01/2026 12:46:09 PM (UTC+1030),6277765.281,492563.917,37.864,0.109
27/01/2026 12:46:10 PM (UTC+1030),6277764.526,492563.53,37.808,0.11
27/01/2026 12:46:11 PM (UTC+1030),6277763.674,492563.165,37.801,0.111
27/01/2026 12:46:12 PM (UTC+1030),6277762.841,492562.901,37.746,0.111
27/01/2026 12:46:13 PM (UTC+1030),6277762.005,492562.601,37.753,0.111
27/01/2026 12:46:14 PM (UTC+1030),6277761.196,492562.243,37.674,0.108
27/01/2026 12:46:15 PM (UTC+1030),6277760.474,492561.813,37.67,0.109
27/01/2026 12:46:16 PM (UTC+1030),6277759.745,492561.504,37.63,0.111
27/01/2026 12:46:17 PM (UTC+1030),6277758.88,492561.069,37.62,0.111
27/01/2026 12:46:18 PM (UTC+1030),6277758.09,492560.533,37.562,0.108
27/01/2026 12:46:19 PM (UTC+1030),6277757.371,492560.137,37.506,0.108
27/01/2026 12:46:20 PM (UTC+1030),6277756.731,492559.697,37.475,0.106
27/01/2026 12:46:21 PM (UTC+1030),6277755.904,492559.307,37.434,0.108
27/01/2026 12:46:22 PM (UTC+1030),6277755.072,492559.077,37.403,0.111
27/01/2026 12:46:23 PM (UTC+1030),6277754.28,492558.712,37.407,0.111
27/01/2026 12:46:24 PM (UTC+1030),6277753.558,492558.343,37.295,0.111
27/01/2026 12:46:25 PM (UTC+1030),6277752.896,492557.965,37.309,0.111
27/01/2026 12:46:26 PM (UTC+1030),6277752.082,492557.696,37.25,0.113
27/01/2026 12:46:27 PM (UTC+1030),6277751.187,492557.393,37.246,0.113
27/01/2026 12:46:28 PM (UTC+1030),6277750.323,492557.102,37.155,0.111
27/01/2026 12:46:29 PM (UTC+1030),6277749.569,492556.849,37.171,0.113
27/01/2026 12:46:30 PM (UTC+1030),6277748.797,492556.625,37.111,0.111
27/01/2026 12:46:31 PM (UTC+1030),6277747.949,492556.413,37.089,0.109
27/01/2026 12:46:32 PM (UTC+1030),6277747.187,492556.097,37.071,0.109
27/01/2026 12:46:33 PM (UTC+1030),6277746.469,492555.814,37.022,0.109
27/01/2026 12:46:34 PM (UTC+1030),6277745.733,492555.478,36.954,0.111
27/01/2026 12:46:35 PM (UTC+1030),6277745.023,492555.157,36.931,0.111
27/01/2026 12:46:36 PM (UTC+1030),6277744.19,492554.917,36.889,0.109
27/01/2026 12:46:37 PM (UTC+1030),6277743.392,492554.576,36.871,0.109
27/01/2026 12:46:38 PM (UTC+1030),6277742.743,492554.127,36.796,0.109
27/01/2026 12:46:39 PM (UTC+1030),6277741.979,492553.691,36.774,0.109
27/01/2026 12:46:40 PM (UTC+1030),6277741.194,492553.391,36.739,0.109
27/01/2026 12:46:41 PM (UTC+1030),6277740.387,492553.013,36.732,0.11
27/01/2026 12:46:42 PM (UTC+1030),6277739.66,492552.669,36.677,0.11
27/01/2026 12:46:43 PM (UTC+1030),6277738.915,492552.228,36.62,0.11
27/01/2026 12:46:44 PM (UTC+1030),6277738.265,492551.833,36.61,0.11
27/01/2026 12:46:45 PM (UTC+1030),6277737.515,492551.485,36.556,0.109
27/01/2026 12:46:46 PM (UTC+1030),6277736.638,492551.114,36.55,0.11
27/01/2026 12:46:47 PM (UTC+1030),6277735.799,492550.684,36.49,0.11
27/01/2026 12:46:48 PM (UTC+1030),6277734.985,492550.253,36.405,0.11
27/01/2026 12:46:49 PM (UTC+1030),6277734.219,492549.871,36.414,0.109
27/01/2026 12:46:50 PM (UTC+1030),6277733.407,492549.565,36.406,0.109
27/01/2026 12:46:51 PM (UTC+1030),6277732.627,492549.363,36.367,0.11
27/01/2026 12:46:52 PM (UTC+1030),6277731.898,492549.089,36.383,0.108
27/01/2026 12:46:53 PM (UTC+1030),6277731.146,492548.706,36.315,0.108
27/01/2026 12:46:54 PM (UTC+1030),6277730.446,492548.259,36.276,0.109
27/01/2026 12:46:55 PM (UTC+1030),6277729.783,492547.77,36.27,0.109
27/01/2026 12:46:56 PM (UTC+1030),6277729.206,492547.18,36.23,0.107
27/01/2026 12:46:57 PM (UTC+1030),6277728.604,492546.503,36.126,0.109
27/01/2026 12:46:58 PM (UTC+1030),6277728.128,492545.834,36.183,0.108
27/01/2026 12:46:59 PM (UTC+1030),6277727.853,492545.022,36.081,0.108
27/01/2026 12:47:00 PM (UTC+1030),6277727.548,492544.213,36.07,0.108
27/01/2026 12:47:01 PM (UTC+1030),6277726.92,492543.539,36.008,0.109
27/01/2026 12:47:02 PM (UTC+1030),6277726.33,492543.034,36.014,0.111
27/01/2026 12:47:03 PM (UTC+1030),6277725.895,492542.342,35.974,0.111
27/01/2026 12:47:04 PM (UTC+1030),6277725.537,492541.572,35.902,0.114
27/01/2026 12:47:05 PM (UTC+1030),6277725.153,492540.841,35.867,0.116
27/01/2026 12:47:06 PM (UTC+1030),6277724.634,492540.126,35.786,0.117
27/01/2026 12:47:07 PM (UTC+1030),6277724.252,492539.32,35.778,0.117
27/01/2026 12:47:08 PM (UTC+1030),6277723.912,492538.457,35.728,0.117
27/01/2026 12:47:09 PM (UTC+1030),6277723.555,492537.539,35.665,0.117
27/01/2026 12:47:10 PM (UTC+1030),6277723.336,492536.656,35.643,0.116
27/01/2026 12:47:11 PM (UTC+1030),6277723.026,492535.787,35.568,0.12
27/01/2026 12:47:12 PM (UTC+1030),6277722.641,492534.873,35.573,0.119
27/01/2026 12:47:13 PM (UTC+1030),6277722.258,492533.896,35.491,0.119
27/01/2026 12:47:14 PM (UTC+1030),6277721.975,492532.91,35.412,0.12
27/01/2026 12:47:15 PM (UTC+1030),6277721.692,492531.976,35.412,0.12
27/01/2026 12:47:16 PM (UTC+1030),6277721.35,492531.007,35.325,0.119
27/01/2026 12:47:17 PM (UTC+1030),6277721.087,492529.994,35.244,0.119
27/01/2026 12:47:18 PM (UTC+1030),6277720.83,492529.038,35.234,0.119
27/01/2026 12:47:19 PM (UTC+1030),6277720.606,492528.078,35.174,0.117
27/01/2026 12:47:20 PM (UTC+1030),6277720.344,492527.176,35.138,0.117
27/01/2026 12:47:21 PM (UTC+1030),6277720.008,492526.265,35.1,0.117
27/01/2026 12:47:22 PM (UTC+1030),6277719.602,492525.302,35.031,0.117
27/01/2026 12:47:23 PM (UTC+1030),6277719.244,492524.327,34.998,0.118
27/01/2026 12:47:24 PM (UTC+1030),6277719.22,492523.289,35.008,0.114
27/01/2026 12:47:25 PM (UTC+1030),6277719.218,492522.315,34.946,0.115
27/01/2026 12:47:26 PM (UTC+1030),6277719.147,492521.319,34.894,0.117
27/01/2026 12:47:27 PM (UTC+1030),6277718.858,492520.268,34.855,0.118
27/01/2026 12:47:28 PM (UTC+1030),6277718.536,492519.296,34.816,0.118
27/01/2026 12:47:29 PM (UTC+1030),6277718.371,492518.356,34.797,0.118
27/01/2026 12:47:30 PM (UTC+1030),6277718.273,492517.479,34.714,0.117
27/01/2026 12:47:31 PM (UTC+1030),6277718.111,492516.466,34.66,0.118
27/01/2026 12:47:32 PM (UTC+1030),6277717.9,492515.483,34.649,0.118
27/01/2026 12:47:33 PM (UTC+1030),6277717.68,492514.517,34.63,0.117
27/01/2026 12:47:34 PM (UTC+1030),6277717.323,492513.671,34.605,0.117
27/01/2026 12:47:35 PM (UTC+1030),6277716.955,492512.72,34.571,0.117
27/01/2026 12:47:36 PM (UTC+1030),6277716.696,492511.736,34.498,0.118
27/01/2026 12:47:37 PM (UTC+1030),6277716.505,492510.811,34.498,0.12
27/01/2026 12:47:38 PM (UTC+1030),6277716.258,492509.909,34.476,0.12
27/01/2026 12:47:39 PM (UTC+1030),6277715.95,492509.007,34.415,0.12
27/01/2026 12:47:40 PM (UTC+1030),6277715.641,492508.147,34.398,0.117
27/01/2026 12:47:41 PM (UTC+1030),6277715.476,492507.3,34.336,0.118
27/01/2026 12:47:42 PM (UTC+1030),6277715.345,492506.514,34.325,0.118
27/01/2026 12:47:43 PM (UTC+1030),6277715.045,492505.664,34.266,0.118
27/01/2026 12:47:44 PM (UTC+1030),6277714.743,492504.888,34.261,0.117
27/01/2026 12:47:45 PM (UTC+1030),6277714.531,492504.056,34.211,0.117
27/01/2026 12:47:46 PM (UTC+1030),6277714.227,492503.333,34.198,0.118
27/01/2026 12:47:47 PM (UTC+1030),6277713.802,492502.644,34.208,0.117
27/01/2026 12:47:48 PM (UTC+1030),6277713.602,492501.901,34.167,0.117
27/01/2026 12:47:49 PM (UTC+1030),6277713.425,492501.16,34.147,0.115
27/01/2026 12:47:50 PM (UTC+1030),6277713.075,492500.433,34.09,0.117
27/01/2026 12:47:51 PM (UTC+1030),6277712.735,492499.672,34.105,0.117
27/01/2026 12:47:52 PM (UTC+1030),6277712.505,492498.896,34.059,0.117
27/01/2026 12:47:53 PM (UTC+1030),6277712.255,492498.053,34.052,0.117
27/01/2026 12:47:54 PM (UTC+1030),6277711.951,492497.23,34.015,0.117
27/01/2026 12:47:55 PM (UTC+1030),6277711.58,492496.345,33.982,0.114
27/01/2026 12:47:56 PM (UTC+1030),6277711.225,492495.499,34.003,0.116
27/01/2026 12:47:57 PM (UTC+1030),6277711.002,492494.616,33.929,0.118
27/01/2026 12:47:58 PM (UTC+1030),6277710.673,492493.753,33.927,0.118
27/01/2026 12:47:59 PM (UTC+1030),6277710.288,492492.845,33.883,0.115
27/01/2026 12:48:00 PM (UTC+1030),6277709.896,492492.009,33.886,0.115
27/01/2026 12:48:01 PM (UTC+1030),6277709.525,492491.187,33.877,0.117
27/01/2026 12:48:02 PM (UTC+1030),6277709.297,492490.354,33.823,0.117
27/01/2026 12:48:03 PM (UTC+1030),6277709.056,492489.541,33.801,0.117
27/01/2026 12:48:04 PM (UTC+1030),6277708.758,492488.743,33.772,0.115
27/01/2026 12:48:05 PM (UTC+1030),6277708.499,492487.912,33.778,0.115
27/01/2026 12:48:06 PM (UTC+1030),6277708.31,492487.072,33.722,0.118
27/01/2026 12:48:07 PM (UTC+1030),6277708.061,492486.252,33.746,0.117
27/01/2026 12:48:08 PM (UTC+1030),6277707.755,492485.413,33.694,0.118
27/01/2026 12:48:09 PM (UTC+1030),6277707.371,492484.658,33.696,0.115
27/01/2026 12:48:10 PM (UTC+1030),6277706.996,492483.903,33.697,0.115
27/01/2026 12:48:11 PM (UTC+1030),6277706.777,492483.13,33.649,0.117
27/01/2026 12:48:12 PM (UTC+1030),6277706.463,492482.286,33.606,0.117
27/01/2026 12:48:13 PM (UTC+1030),6277706.114,492481.529,33.61,0.117
27/01/2026 12:48:14 PM (UTC+1030),6277705.954,492480.644,33.553,0.117
27/01/2026 12:48:15 PM (UTC+1030),6277705.842,492479.777,33.532,0.116
27/01/2026 12:48:16 PM (UTC+1030),6277705.863,492478.875,33.494,0.117
27/01/2026 12:48:17 PM (UTC+1030),6277705.918,492477.947,33.445,0.114
27/01/2026 12:48:18 PM (UTC+1030),6277705.953,492476.939,33.416,0.114
27/01/2026 12:48:19 PM (UTC+1030),6277705.893,492475.974,33.333,0.114
27/01/2026 12:48:20 PM (UTC+1030),6277705.919,492475.109,33.335,0.115
27/01/2026 12:48:21 PM (UTC+1030),6277706.005,492474.116,33.323,0.112
27/01/2026 12:48:22 PM (UTC+1030),6277705.917,492473.265,33.296,0.112
27/01/2026 12:48:23 PM (UTC+1030),6277705.919,492472.403,33.232,0.114
27/01/2026 12:48:24 PM (UTC+1030),6277705.955,492471.475,33.266,0.114
27/01/2026 12:48:25 PM (UTC+1030),6277705.852,492470.606,33.211,0.112
27/01/2026 12:48:26 PM (UTC+1030),6277705.758,492469.678,33.197,0.114
27/01/2026 12:48:27 PM (UTC+1030),6277705.777,492468.706,33.183,0.113
27/01/2026 12:48:28 PM (UTC+1030),6277706.006,492467.784,33.146,0.113
27/01/2026 12:48:29 PM (UTC+1030),6277706.104,492466.796,33.139,0.113
27/01/2026 12:48:30 PM (UTC+1030),6277706.202,492465.766,33.101,0.113
27/01/2026 12:48:31 PM (UTC+1030),6277706.375,492464.762,33.115,0.113
27/01/2026 12:48:32 PM (UTC+1030),6277706.604,492463.766,33.046,0.113
27/01/2026 12:48:33 PM (UTC+1030),6277706.799,492462.815,32.986,0.113
27/01/2026 12:48:34 PM (UTC+1030),6277707.014,492461.825,33.021,0.111
27/01/2026 12:48:35 PM (UTC+1030),6277707.235,492460.89,32.96,0.113
27/01/2026 12:48:36 PM (UTC+1030),6277707.417,492459.902,33.005,0.111
27/01/2026 12:48:37 PM (UTC+1030),6277707.698,492458.887,32.945,0.111
27/01/2026 12:48:38 PM (UTC+1030),6277707.929,492457.928,32.977,0.111
27/01/2026 12:48:39 PM (UTC+1030),6277708.075,492456.95,33.014,0.11
27/01/2026 12:48:40 PM (UTC+1030),6277708.186,492455.995,32.971,0.11
27/01/2026 12:48:41 PM (UTC+1030),6277708.261,492455.051,32.985,0.111
27/01/2026 12:48:42 PM (UTC+1030),6277708.445,492454.096,32.957,0.11
27/01/2026 12:48:43 PM (UTC+1030),6277708.559,492453.148,32.87,0.11
27/01/2026 12:48:44 PM (UTC+1030),6277708.795,492452.315,32.857,0.11
27/01/2026 12:48:45 PM (UTC+1030),6277708.879,492451.412,32.795,0.111
27/01/2026 12:48:46 PM (UTC+1030),6277708.99,492450.46,32.812,0.11
27/01/2026 12:48:47 PM (UTC+1030),6277709.115,492449.554,32.726,0.11
27/01/2026 12:48:48 PM (UTC+1030),6277709.143,492448.721,32.749,0.11
27/01/2026 12:48:49 PM (UTC+1030),6277709.083,492447.871,32.673,0.11
27/01/2026 12:48:50 PM (UTC+1030),6277709.16,492446.953,32.691,0.107
27/01/2026 12:48:51 PM (UTC+1030),6277709.236,492446.134,32.65,0.109
27/01/2026 12:48:52 PM (UTC+1030),6277709.39,492445.388,32.609,0.109
27/01/2026 12:48:53 PM (UTC+1030),6277709.399,492444.564,32.59,0.109
27/01/2026 12:48:54 PM (UTC+1030),6277709.329,492443.704,32.59,0.109
27/01/2026 12:48:55 PM (UTC+1030),6277709.439,492442.844,32.543,0.11
27/01/2026 12:48:56 PM (UTC+1030),6277709.409,492441.933,32.493,0.111
27/01/2026 12:48:57 PM (UTC+1030),6277709.32,492441.031,32.478,0.11
27/01/2026 12:48:58 PM (UTC+1030),6277709.308,492440.028,32.484,0.113
27/01/2026 12:48:59 PM (UTC+1030),6277709.398,492439.097,32.406,0.113
27/01/2026 12:49:00 PM (UTC+1030),6277709.535,492438.226,32.413,0.111
27/01/2026 12:49:01 PM (UTC+1030),6277709.506,492437.253,32.361,0.113
27/01/2026 12:49:02 PM (UTC+1030),6277709.692,492436.364,32.382,0.115
27/01/2026 12:49:03 PM (UTC+1030),6277709.988,492435.485,32.327,0.115
27/01/2026 12:49:04 PM (UTC+1030),6277710.205,492434.532,32.339,0.113
27/01/2026 12:49:05 PM (UTC+1030),6277710.144,492433.592,32.315,0.115
27/01/2026 12:49:06 PM (UTC+1030),6277710.188,492432.68,32.304,0.111
27/01/2026 12:49:07 PM (UTC+1030),6277710.442,492431.741,32.251,0.113
27/01/2026 12:49:08 PM (UTC+1030),6277710.67,492430.871,32.242,0.113
27/01/2026 12:49:09 PM (UTC+1030),6277711,492430.004,32.215,0.113
27/01/2026 12:49:10 PM (UTC+1030),6277711.369,492428.972,32.262,0.108
27/01/2026 12:49:11 PM (UTC+1030),6277711.667,492428,32.164,0.108
27/01/2026 12:49:12 PM (UTC+1030),6277711.989,492427.145,32.178,0.111
27/01/2026 12:49:13 PM (UTC+1030),6277712.229,492426.128,32.117,0.11
27/01/2026 12:49:14 PM (UTC+1030),6277712.527,492425.214,32.151,0.11
27/01/2026 12:49:15 PM (UTC+1030),6277712.981,492424.332,32.114,0.11
27/01/2026 12:49:16 PM (UTC+1030),6277713.344,492423.419,32.071,0.113
27/01/2026 12:49:17 PM (UTC+1030),6277713.611,492422.509,32.069,0.113
27/01/2026 12:49:18 PM (UTC+1030),6277713.832,492421.618,32.044,0.113
27/01/2026 12:49:19 PM (UTC+1030),6277714.035,492420.674,32.05,0.11
27/01/2026 12:49:20 PM (UTC+1030),6277714.319,492419.753,31.979,0.106
27/01/2026 12:49:21 PM (UTC+1030),6277714.581,492418.845,32.004,0.108
27/01/2026 12:49:22 PM (UTC+1030),6277714.781,492417.923,31.953,0.11
27/01/2026 12:49:23 PM (UTC+1030),6277714.874,492417.015,31.964,0.11
27/01/2026 12:49:24 PM (UTC+1030),6277715.143,492416.031,31.93,0.108
27/01/2026 12:49:25 PM (UTC+1030),6277715.384,492415.082,31.887,0.11
27/01/2026 12:49:26 PM (UTC+1030),6277715.585,492414.181,31.878,0.108
27/01/2026 12:49:27 PM (UTC+1030),6277715.945,492413.281,31.846,0.11
27/01/2026 12:49:28 PM (UTC+1030),6277716.165,492412.332,31.781,0.11
27/01/2026 12:49:29 PM (UTC+1030),6277716.346,492411.369,31.81,0.11
27/01/2026 12:49:30 PM (UTC+1030),6277716.688,492410.442,31.729,0.11
27/01/2026 12:49:31 PM (UTC+1030),6277717.012,492409.6,31.728,0.111
27/01/2026 12:49:32 PM (UTC+1030),6277717.259,492408.707,31.687,0.111
27/01/2026 12:49:33 PM (UTC+1030),6277717.565,492407.836,31.691,0.111
27/01/2026 12:49:34 PM (UTC+1030),6277717.81,492406.95,31.658,0.11
27/01/2026 12:49:35 PM (UTC+1030),6277718.06,492406.051,31.601,0.11
27/01/2026 12:49:36 PM (UTC+1030),6277718.27,492405.136,31.61,0.107
27/01/2026 12:49:37 PM (UTC+1030),6277718.427,492404.188,31.564,0.107
27/01/2026 12:49:38 PM (UTC+1030),6277718.578,492403.232,31.534,0.108
27/01/2026 12:49:39 PM (UTC+1030),6277718.819,492402.32,31.55,0.106
27/01/2026 12:49:40 PM (UTC+1030),6277719.164,492401.43,31.497,0.106
27/01/2026 12:49:41 PM (UTC+1030),6277719.452,492400.556,31.491,0.106
27/01/2026 12:49:42 PM (UTC+1030),6277719.644,492399.626,31.435,0.106
27/01/2026 12:49:43 PM (UTC+1030),6277719.887,492398.702,31.459,0.106
27/01/2026 12:49:44 PM (UTC+1030),6277720.157,492397.702,31.414,0.106
27/01/2026 12:49:45 PM (UTC+1030),6277720.418,492396.794,31.42,0.106
27/01/2026 12:49:46 PM (UTC+1030),6277720.765,492395.889,31.379,0.108
27/01/2026 12:49:47 PM (UTC+1030),6277721.045,492394.965,31.347,0.108
27/01/2026 12:49:48 PM (UTC+1030),6277721.279,492394.046,31.336,0.109
27/01/2026 12:49:49 PM (UTC+1030),6277721.552,492393.086,31.255,0.108
27/01/2026 12:49:50 PM (UTC+1030),6277721.822,492392.178,31.264,0.11
27/01/2026 12:49:51 PM (UTC+1030),6277722.073,492391.189,31.243,0.111
27/01/2026 12:49:52 PM (UTC+1030),6277722.308,492390.231,31.201,0.111
27/01/2026 12:49:53 PM (UTC+1030),6277722.58,492389.268,31.226,0.111
27/01/2026 12:49:54 PM (UTC+1030),6277722.816,492388.293,31.161,0.111
27/01/2026 12:49:55 PM (UTC+1030),6277723.157,492387.392,31.15,0.111
27/01/2026 12:49:56 PM (UTC+1030),6277723.424,492386.462,31.126,0.111
27/01/2026 12:49:57 PM (UTC+1030),6277723.513,492385.442,31.123,0.111
27/01/2026 12:49:58 PM (UTC+1030),6277723.749,492384.506,31.103,0.11
27/01/2026 12:49:59 PM (UTC+1030),6277724.158,492383.613,31.055,0.11
27/01/2026 12:50:00 PM (UTC+1030),6277724.485,492382.685,31.104,0.11
27/01/2026 12:50:01 PM (UTC+1030),6277724.79,492381.708,31.054,0.108
27/01/2026 12:50:02 PM (UTC+1030),6277725.075,492380.776,30.998,0.108
27/01/2026 12:50:03 PM (UTC+1030),6277725.301,492379.8,31.027,0.11
27/01/2026 12:50:04 PM (UTC+1030),6277725.587,492378.925,30.957,0.11
27/01/2026 12:50:05 PM (UTC+1030),6277725.93,492377.996,30.98,0.11
27/01/2026 12:50:06 PM (UTC+1030),6277726.284,492377.055,30.947,0.108
27/01/2026 12:50:07 PM (UTC+1030),6277726.593,492376.192,30.979,0.108
27/01/2026 12:50:08 PM (UTC+1030),6277726.986,492375.286,30.926,0.107
27/01/2026 12:50:09 PM (UTC+1030),6277727.375,492374.356,30.948,0.107
27/01/2026 12:50:10 PM (UTC+1030),6277727.696,492373.416,30.919,0.108
27/01/2026 12:50:11 PM (UTC+1030),6277727.846,492372.419,30.883,0.109
27/01/2026 12:50:12 PM (UTC+1030),6277728.063,492371.428,30.91,0.109
27/01/2026 12:50:13 PM (UTC+1030),6277728.288,492370.53,30.856,0.111
27/01/2026 12:50:14 PM (UTC+1030),6277728.525,492369.653,30.863,0.11
27/01/2026 12:50:15 PM (UTC+1030),6277728.791,492368.808,30.845,0.11
27/01/2026 12:50:16 PM (UTC+1030),6277728.888,492367.915,30.844,0.11
27/01/2026 12:50:17 PM (UTC+1030),6277729.14,492367.028,30.828,0.11
27/01/2026 12:50:18 PM (UTC+1030),6277729.34,492366.201,30.813,0.11
27/01/2026 12:50:19 PM (UTC+1030),6277729.493,492365.348,30.807,0.11
27/01/2026 12:50:20 PM (UTC+1030),6277729.498,492364.411,30.751,0.108
27/01/2026 12:50:21 PM (UTC+1030),6277729.519,492363.511,30.784,0.11
27/01/2026 12:50:22 PM (UTC+1030),6277729.624,492362.628,30.792,0.11
27/01/2026 12:50:23 PM (UTC+1030),6277729.919,492361.736,30.722,0.111
27/01/2026 12:50:24 PM (UTC+1030),6277730.195,492360.824,30.736,0.111
27/01/2026 12:50:25 PM (UTC+1030),6277730.433,492359.97,30.731,0.111
27/01/2026 12:50:26 PM (UTC+1030),6277730.612,492359.015,30.67,0.113
27/01/2026 12:50:27 PM (UTC+1030),6277730.613,492358.118,30.7,0.113
27/01/2026 12:50:28 PM (UTC+1030),6277730.662,492357.185,30.648,0.111
27/01/2026 12:50:29 PM (UTC+1030),6277730.695,492356.292,30.65,0.113
27/01/2026 12:50:30 PM (UTC+1030),6277730.636,492355.305,30.647,0.11
27/01/2026 12:50:31 PM (UTC+1030),6277730.496,492354.32,30.613,0.111
27/01/2026 12:50:32 PM (UTC+1030),6277730.428,492353.335,30.639,0.111
27/01/2026 12:50:33 PM (UTC+1030),6277730.377,492352.305,30.608,0.111
27/01/2026 12:50:34 PM (UTC+1030),6277730.395,492351.369,30.551,0.115
27/01/2026 12:50:35 PM (UTC+1030),6277730.331,492350.466,30.59,0.117
27/01/2026 12:50:36 PM (UTC+1030),6277730.181,492349.505,30.535,0.126
27/01/2026 12:50:37 PM (UTC+1030),6277730.067,492348.496,30.564,0.126
27/01/2026 12:50:38 PM (UTC+1030),6277730.071,492347.594,30.572,0.126
27/01/2026 12:50:39 PM (UTC+1030),6277730.056,492346.556,30.538,0.126
27/01/2026 12:50:40 PM (UTC+1030),6277730.016,492345.673,30.592,0.123
27/01/2026 12:50:41 PM (UTC+1030),6277729.98,492344.721,30.606,0.125
27/01/2026 12:50:42 PM (UTC+1030),6277729.912,492343.785,30.557,0.118
27/01/2026 12:50:43 PM (UTC+1030),6277729.747,492342.818,30.582,0.117
27/01/2026 12:50:44 PM (UTC+1030),6277729.679,492341.964,30.546,0.117
27/01/2026 12:50:45 PM (UTC+1030),6277729.558,492341.11,30.607,0.118
27/01/2026 12:50:46 PM (UTC+1030),6277729.391,492340.257,30.575,0.117
27/01/2026 12:50:47 PM (UTC+1030),6277729.15,492339.439,30.599,0.118
27/01/2026 12:50:48 PM (UTC+1030),6277729.038,492338.465,30.582,0.118
27/01/2026 12:50:49 PM (UTC+1030),6277728.984,492337.565,30.611,0.118
27/01/2026 12:50:50 PM (UTC+1030),6277728.874,492336.712,30.621,0.117
27/01/2026 12:50:51 PM (UTC+1030),6277728.777,492335.868,30.671,0.118
27/01/2026 12:50:52 PM (UTC+1030),6277728.547,492334.919,30.711,0.117
27/01/2026 12:50:53 PM (UTC+1030),6277728.477,492334.067,30.71,0.117
27/01/2026 12:50:54 PM (UTC+1030),6277728.338,492333.279,30.712,0.117
27/01/2026 12:50:55 PM (UTC+1030),6277728.252,492332.408,30.808,0.117
27/01/2026 12:50:56 PM (UTC+1030),6277728.299,492331.515,30.774,0.115
27/01/2026 12:50:57 PM (UTC+1030),6277728.264,492330.671,30.868,0.117
27/01/2026 12:50:58 PM (UTC+1030),6277728.007,492329.835,30.925,0.115
27/01/2026 12:50:59 PM (UTC+1030),6277727.998,492328.999,30.901,0.115
27/01/2026 12:51:00 PM (UTC+1030),6277727.977,492328.167,30.98,0.113
27/01/2026 12:51:01 PM (UTC+1030),6277727.865,492327.323,31.013,0.115
27/01/2026 12:51:02 PM (UTC+1030),6277727.719,492326.44,31.083,0.115
27/01/2026 12:51:03 PM (UTC+1030),6277727.66,492325.461,31.138,0.113
27/01/2026 12:51:04 PM (UTC+1030),6277727.724,492324.622,31.166,0.113
27/01/2026 12:51:05 PM (UTC+1030),6277727.7,492323.691,31.261,0.113
27/01/2026 12:51:06 PM (UTC+1030),6277727.622,492322.775,31.273,0.115
27/01/2026 12:51:07 PM (UTC+1030),6277727.615,492321.977,31.376,0.115
27/01/2026 12:51:08 PM (UTC+1030),6277727.64,492321.131,31.441,0.117
27/01/2026 12:51:09 PM (UTC+1030),6277727.657,492320.353,31.462,0.117
27/01/2026 12:51:10 PM (UTC+1030),6277727.438,492319.491,31.547,0.117
27/01/2026 12:51:11 PM (UTC+1030),6277727.116,492318.545,31.655,0.118
27/01/2026 12:51:12 PM (UTC+1030),6277726.762,492317.706,31.707,0.115
27/01/2026 12:51:13 PM (UTC+1030),6277726.327,492316.886,31.777,0.113
27/01/2026 12:51:14 PM (UTC+1030),6277725.919,492316.053,31.899,0.113
27/01/2026 12:51:15 PM (UTC+1030),6277725.539,492315.246,31.988,0.115
27/01/2026 12:51:16 PM (UTC+1030),6277725.119,492314.398,32.002,0.115
27/01/2026 12:51:17 PM (UTC+1030),6277724.827,492313.574,32.076,0.115
27/01/2026 12:51:18 PM (UTC+1030),6277724.507,492312.849,32.14,0.115
27/01/2026 12:51:19 PM (UTC+1030),6277723.979,492312.124,32.171,0.115
27/01/2026 12:51:20 PM (UTC+1030),6277723.486,492311.475,32.245,0.115
27/01/2026 12:51:21 PM (UTC+1030),6277723.223,492310.71,32.33,0.117
27/01/2026 12:51:22 PM (UTC+1030),6277722.957,492309.973,32.389,0.115
27/01/2026 12:51:23 PM (UTC+1030),6277722.553,492309.211,32.436,0.115
27/01/2026 12:51:24 PM (UTC+1030),6277722.09,492308.455,32.527,0.115
27/01/2026 12:51:25 PM (UTC+1030),6277721.787,492307.643,32.595,0.114
27/01/2026 12:51:26 PM (UTC+1030),6277721.539,492306.865,32.666,0.114
27/01/2026 12:51:27 PM (UTC+1030),6277721.176,492306.115,32.705,0.114
27/01/2026 12:51:28 PM (UTC+1030),6277720.835,492305.408,32.804,0.115
27/01/2026 12:51:29 PM (UTC+1030),6277720.56,492304.651,32.817,0.115
27/01/2026 12:51:30 PM (UTC+1030),6277720.312,492303.889,32.923,0.113
27/01/2026 12:51:31 PM (UTC+1030),6277719.843,492303.162,32.95,0.115
27/01/2026 12:51:32 PM (UTC+1030),6277719.438,492302.472,33.056,0.117
27/01/2026 12:51:33 PM (UTC+1030),6277719.203,492301.775,33.061,0.117
27/01/2026 12:51:34 PM (UTC+1030),6277718.881,492301.13,33.149,0.115
27/01/2026 12:51:35 PM (UTC+1030),6277718.509,492300.388,33.18,0.117
27/01/2026 12:51:36 PM (UTC+1030),6277718.215,492299.733,33.292,0.117
27/01/2026 12:51:37 PM (UTC+1030),6277717.947,492299.033,33.331,0.117
27/01/2026 12:51:38 PM (UTC+1030),6277717.82,492298.291,33.382,0.116
27/01/2026 12:51:39 PM (UTC+1030),6277717.637,492297.59,33.494,0.116
27/01/2026 12:51:40 PM (UTC+1030),6277717.348,492296.924,33.501,0.116
27/01/2026 12:51:41 PM (UTC+1030),6277716.994,492296.296,33.562,0.119
27/01/2026 12:51:42 PM (UTC+1030),6277716.776,492295.583,33.632,0.119
27/01/2026 12:51:43 PM (UTC+1030),6277716.559,492294.891,33.628,0.12
27/01/2026 12:51:44 PM (UTC+1030),6277716.364,492294.227,33.707,0.12
27/01/2026 12:51:45 PM (UTC+1030),6277716.08,492293.554,33.732,0.118
27/01/2026 12:51:46 PM (UTC+1030),6277715.745,492292.918,33.706,0.12
27/01/2026 12:51:47 PM (UTC+1030),6277715.443,492292.231,33.777,0.12
27/01/2026 12:51:48 PM (UTC+1030),6277715.183,492291.545,33.738,0.12
27/01/2026 12:51:49 PM (UTC+1030),6277715.061,492290.861,33.707,0.117
27/01/2026 12:51:50 PM (UTC+1030),6277714.797,492290.253,33.661,0.117
27/01/2026 12:51:51 PM (UTC+1030),6277714.389,492289.644,33.613,0.117
27/01/2026 12:51:52 PM (UTC+1030),6277713.949,492288.991,33.553,0.117
27/01/2026 12:51:53 PM (UTC+1030),6277713.626,492288.348,33.457,0.118
27/01/2026 12:51:54 PM (UTC+1030),6277713.402,492287.649,33.401,0.118
27/01/2026 12:51:55 PM (UTC+1030),6277713.03,492286.957,33.287,0.117
27/01/2026 12:51:56 PM (UTC+1030),6277712.716,492286.237,33.169,0.118
27/01/2026 12:51:57 PM (UTC+1030),6277712.426,492285.443,33.11,0.12
27/01/2026 12:51:58 PM (UTC+1030),6277712.04,492284.666,33.023,0.12
27/01/2026 12:51:59 PM (UTC+1030),6277711.727,492283.816,32.87,0.117
27/01/2026 12:52:00 PM (UTC+1030),6277711.524,492283.013,32.773,0.117
27/01/2026 12:52:01 PM (UTC+1030),6277711.096,492282.319,32.673,0.117
27/01/2026 12:52:02 PM (UTC+1030),6277710.571,492281.701,32.622,0.117
27/01/2026 12:52:03 PM (UTC+1030),6277710.321,492280.983,32.478,0.115
27/01/2026 12:52:04 PM (UTC+1030),6277710.117,492280.182,32.383,0.113
27/01/2026 12:52:05 PM (UTC+1030),6277709.653,492279.378,32.232,0.115
27/01/2026 12:52:06 PM (UTC+1030),6277709.309,492278.583,32.148,0.117
27/01/2026 12:52:07 PM (UTC+1030),6277709.003,492277.76,32.058,0.114
27/01/2026 12:52:08 PM (UTC+1030),6277708.619,492276.934,31.891,0.114
27/01/2026 12:52:09 PM (UTC+1030),6277708.266,492276.032,31.799,0.113
27/01/2026 12:52:10 PM (UTC+1030),6277707.813,492275.226,31.704,0.113
27/01/2026 12:52:11 PM (UTC+1030),6277707.341,492274.445,31.563,0.115
27/01/2026 12:52:12 PM (UTC+1030),6277706.868,492273.636,31.491,0.115
27/01/2026 12:52:13 PM (UTC+1030),6277706.393,492272.83,31.379,0.117
27/01/2026 12:52:14 PM (UTC+1030),6277706.021,492271.991,31.29,0.117
27/01/2026 12:52:15 PM (UTC+1030),6277705.566,492271.179,31.182,0.115
27/01/2026 12:52:16 PM (UTC+1030),6277705.021,492270.404,31.063,0.117
27/01/2026 12:52:17 PM (UTC+1030),6277704.531,492269.565,30.997,0.115
27/01/2026 12:52:18 PM (UTC+1030),6277704.098,492268.699,30.843,0.115
27/01/2026 12:52:19 PM (UTC+1030),6277703.61,492267.798,30.767,0.115
27/01/2026 12:52:20 PM (UTC+1030),6277703.021,492266.96,30.682,0.115
27/01/2026 12:52:21 PM (UTC+1030),6277702.443,492266.172,30.56,0.117
27/01/2026 12:52:22 PM (UTC+1030),6277701.809,492265.405,30.492,0.117
27/01/2026 12:52:23 PM (UTC+1030),6277701.21,492264.602,30.392,0.116
27/01/2026 12:52:24 PM (UTC+1030),6277700.642,492263.763,30.269,0.116
27/01/2026 12:52:25 PM (UTC+1030),6277700.122,492263.04,30.222,0.117
27/01/2026 12:52:26 PM (UTC+1030),6277699.513,492262.268,30.123,0.117
27/01/2026 12:52:27 PM (UTC+1030),6277698.97,492261.47,30.02,0.117
27/01/2026 12:52:28 PM (UTC+1030),6277698.446,492260.67,29.939,0.117
27/01/2026 12:52:29 PM (UTC+1030),6277697.937,492259.809,29.832,0.115
27/01/2026 12:52:30 PM (UTC+1030),6277697.423,492259.01,29.749,0.117
27/01/2026 12:52:31 PM (UTC+1030),6277696.75,492258.283,29.66,0.117
27/01/2026 12:52:32 PM (UTC+1030),6277696.203,492257.598,29.602,0.117
27/01/2026 12:52:33 PM (UTC+1030),6277695.739,492256.784,29.503,0.12
27/01/2026 12:52:34 PM (UTC+1030),6277695.272,492255.935,29.355,0.12
27/01/2026 12:52:35 PM (UTC+1030),6277694.829,492255.111,29.337,0.12
27/01/2026 12:52:36 PM (UTC+1030),6277694.263,492254.281,29.178,0.118
27/01/2026 12:52:37 PM (UTC+1030),6277693.737,492253.419,29.109,0.12
27/01/2026 12:52:38 PM (UTC+1030),6277693.256,492252.527,29.025,0.12
27/01/2026 12:52:39 PM (UTC+1030),6277692.584,492251.76,28.945,0.12
27/01/2026 12:52:40 PM (UTC+1030),6277691.93,492251.049,28.829,0.119
27/01/2026 12:52:41 PM (UTC+1030),6277691.317,492250.312,28.788,0.12
27/01/2026 12:52:42 PM (UTC+1030),6277690.87,492249.496,28.714,0.118
27/01/2026 12:52:43 PM (UTC+1030),6277690.274,492248.763,28.647,0.12
27/01/2026 12:52:44 PM (UTC+1030),6277689.691,492247.907,28.577,0.12
27/01/2026 12:52:45 PM (UTC+1030),6277689.297,492247.089,28.418,0.122
27/01/2026 12:52:46 PM (UTC+1030),6277688.852,492246.279,28.35,0.122
27/01/2026 12:52:47 PM (UTC+1030),6277688.339,492245.572,28.242,0.126
27/01/2026 12:52:48 PM (UTC+1030),6277687.942,492244.736,28.13,0.125
27/01/2026 12:52:49 PM (UTC+1030),6277687.476,492243.95,28.066,0.125
27/01/2026 12:52:50 PM (UTC+1030),6277687.01,492243.196,27.969,0.125
27/01/2026 12:52:51 PM (UTC+1030),6277686.546,492242.423,27.889,0.126
27/01/2026 12:52:52 PM (UTC+1030),6277686.055,492241.609,27.767,0.123
27/01/2026 12:52:53 PM (UTC+1030),6277685.466,492240.836,27.702,0.119
27/01/2026 12:52:54 PM (UTC+1030),6277684.952,492240.121,27.571,0.121
27/01/2026 12:52:55 PM (UTC+1030),6277684.475,492239.383,27.514,0.121
27/01/2026 12:52:56 PM (UTC+1030),6277683.973,492238.649,27.426,0.119
27/01/2026 12:52:57 PM (UTC+1030),6277683.436,492238.036,27.394,0.121
27/01/2026 12:52:58 PM (UTC+1030),6277682.996,492237.277,27.279,0.121
27/01/2026 12:52:59 PM (UTC+1030),6277682.481,492236.445,27.177,0.121
27/01/2026 12:53:00 PM (UTC+1030),6277681.867,492235.76,27.124,0.12
27/01/2026 12:53:01 PM (UTC+1030),6277681.165,492234.978,27.029,0.12
27/01/2026 12:53:02 PM (UTC+1030),6277680.592,492234.172,26.964,0.12
27/01/2026 12:53:03 PM (UTC+1030),6277680.05,492233.361,26.862,0.119
27/01/2026 12:53:04 PM (UTC+1030),6277679.558,492232.582,26.776,0.118
27/01/2026 12:53:05 PM (UTC+1030),6277678.938,492231.908,26.71,0.117
27/01/2026 12:53:06 PM (UTC+1030),6277678.329,492231.106,26.596,0.118
27/01/2026 12:53:07 PM (UTC+1030),6277677.774,492230.295,26.519,0.12
27/01/2026 12:53:08 PM (UTC+1030),6277677.219,492229.496,26.421,0.12
27/01/2026 12:53:09 PM (UTC+1030),6277676.801,492228.742,26.33,0.12
27/01/2026 12:53:10 PM (UTC+1030),6277676.332,492227.896,26.28,0.117
27/01/2026 12:53:11 PM (UTC+1030),6277675.747,492227.148,26.222,0.118
27/01/2026 12:53:12 PM (UTC+1030),6277675.294,492226.3,26.158,0.118
27/01/2026 12:53:13 PM (UTC+1030),6277674.891,492225.463,26.058,0.118
27/01/2026 12:53:14 PM (UTC+1030),6277674.501,492224.582,25.948,0.118
27/01/2026 12:53:15 PM (UTC+1030),6277674.145,492223.661,25.891,0.118
27/01/2026 12:53:16 PM (UTC+1030),6277673.608,492222.846,25.782,0.117
27/01/2026 12:53:17 PM (UTC+1030),6277673.04,492222.035,25.743,0.117
27/01/2026 12:53:18 PM (UTC+1030),6277672.616,492221.05,25.599,0.117
27/01/2026 12:53:19 PM (UTC+1030),6277672.297,492220.062,25.474,0.118
27/01/2026 12:53:20 PM (UTC+1030),6277671.796,492219.228,25.437,0.115
27/01/2026 12:53:21 PM (UTC+1030),6277671.307,492218.371,25.324,0.117
27/01/2026 12:53:22 PM (UTC+1030),6277670.799,492217.432,25.232,0.117
27/01/2026 12:53:23 PM (UTC+1030),6277670.273,492216.522,25.171,0.117
27/01/2026 12:53:24 PM (UTC+1030),6277669.818,492215.653,25.045,0.117
27/01/2026 12:53:25 PM (UTC+1030),6277669.556,492214.611,24.93,0.115
27/01/2026 12:53:26 PM (UTC+1030),6277669.245,492213.559,24.88,0.117
27/01/2026 12:53:27 PM (UTC+1030),6277668.953,492212.591,24.774,0.117
27/01/2026 12:53:28 PM (UTC+1030),6277668.474,492211.653,24.64,0.115
27/01/2026 12:53:29 PM (UTC+1030),6277668.02,492210.661,24.618,0.117
27/01/2026 12:53:30 PM (UTC+1030),6277667.601,492209.781,24.514,0.115
27/01/2026 12:53:31 PM (UTC+1030),6277667.182,492208.832,24.384,0.117
27/01/2026 12:53:32 PM (UTC+1030),6277666.79,492207.881,24.353,0.117
27/01/2026 12:53:33 PM (UTC+1030),6277666.389,492206.926,24.236,0.116
27/01/2026 12:53:34 PM (UTC+1030),6277665.857,492206.042,24.168,0.116
27/01/2026 12:53:35 PM (UTC+1030),6277665.314,492205.194,24.086,0.116
27/01/2026 12:53:36 PM (UTC+1030),6277664.953,492204.232,23.962,0.117
27/01/2026 12:53:37 PM (UTC+1030),6277664.521,492203.293,23.929,0.117
27/01/2026 12:53:38 PM (UTC+1030),6277664.033,492202.364,23.812,0.118
27/01/2026 12:53:39 PM (UTC+1030),6277663.531,492201.436,23.713,0.118
27/01/2026 12:53:40 PM (UTC+1030),6277663.098,492200.486,23.695,0.115
27/01/2026 12:53:41 PM (UTC+1030),6277662.669,492199.539,23.565,0.115
27/01/2026 12:53:42 PM (UTC+1030),6277662.25,492198.697,23.557,0.117
27/01/2026 12:53:43 PM (UTC+1030),6277661.742,492197.866,23.434,0.113
27/01/2026 12:53:44 PM (UTC+1030),6277661.251,492196.981,23.426,0.113
27/01/2026 12:53:45 PM (UTC+1030),6277660.773,492196.094,23.309,0.113
27/01/2026 12:53:46 PM (UTC+1030),6277660.378,492195.18,23.259,0.115
27/01/2026 12:53:47 PM (UTC+1030),6277659.795,492194.325,23.172,0.115
27/01/2026 12:53:48 PM (UTC+1030),6277659.22,492193.564,23.107,0.115
27/01/2026 12:53:49 PM (UTC+1030),6277658.731,492192.681,23.073,0.115
27/01/2026 12:53:50 PM (UTC+1030),6277658.264,492191.821,22.971,0.114
27/01/2026 12:53:51 PM (UTC+1030),6277657.929,492190.87,22.96,0.116
27/01/2026 12:53:52 PM (UTC+1030),6277657.429,492189.948,22.854,0.115
27/01/2026 12:53:53 PM (UTC+1030),6277656.958,492189.027,22.799,0.115
27/01/2026 12:53:54 PM (UTC+1030),6277656.558,492188.175,22.745,0.116
27/01/2026 12:53:55 PM (UTC+1030),6277656.169,492187.295,22.656,0.116
27/01/2026 12:53:56 PM (UTC+1030),6277655.763,492186.414,22.626,0.117
27/01/2026 12:53:57 PM (UTC+1030),6277655.352,492185.509,22.563,0.117
27/01/2026 12:53:58 PM (UTC+1030),6277654.827,492184.628,22.485,0.117
27/01/2026 12:53:59 PM (UTC+1030),6277654.367,492183.668,22.488,0.117
27/01/2026 12:54:00 PM (UTC+1030),6277653.916,492182.732,22.373,0.116
27/01/2026 12:54:01 PM (UTC+1030),6277653.538,492181.857,22.307,0.117
27/01/2026 12:54:02 PM (UTC+1030),6277652.972,492180.976,22.296,0.117
27/01/2026 12:54:03 PM (UTC+1030),6277652.463,492180.177,22.186,0.117
27/01/2026 12:54:04 PM (UTC+1030),6277651.851,492179.324,22.168,0.117
27/01/2026 12:54:05 PM (UTC+1030),6277651.408,492178.462,22.132,0.117
27/01/2026 12:54:06 PM (UTC+1030),6277650.944,492177.582,22.027,0.117
27/01/2026 12:54:07 PM (UTC+1030),6277650.432,492176.693,22.042,0.117
27/01/2026 12:54:08 PM (UTC+1030),6277649.971,492175.867,21.939,0.117
27/01/2026 12:54:09 PM (UTC+1030),6277649.523,492175.035,21.953,0.117
27/01/2026 12:54:10 PM (UTC+1030),6277649.039,492174.288,21.925,0.114
27/01/2026 12:54:11 PM (UTC+1030),6277648.649,492173.517,21.856,0.116
27/01/2026 12:54:12 PM (UTC+1030),6277648.169,492172.815,21.83,0.115
27/01/2026 12:54:13 PM (UTC+1030),6277647.875,492172.062,21.819,0.115
27/01/2026 12:54:14 PM (UTC+1030),6277647.506,492171.31,21.813,0.115
27/01/2026 12:54:15 PM (UTC+1030),6277647.247,492170.806,21.79,0.115
27/01/2026 12:54:16 PM (UTC+1030),6277646.884,492170.422,21.78,0.118
27/01/2026 12:54:17 PM (UTC+1030),6277646.791,492169.635,21.713,0.118
27/01/2026 12:54:18 PM (UTC+1030),6277646.503,492168.666,21.629,0.118
27/01/2026 12:54:19 PM (UTC+1030),6277646.089,492167.835,21.628,0.118
27/01/2026 12:54:20 PM (UTC+1030),6277645.637,492166.892,21.543,0.117
27/01/2026 12:54:21 PM (UTC+1030),6277645.133,492166,21.521,0.118
27/01/2026 12:54:22 PM (UTC+1030),6277644.616,492164.989,21.509,0.117
27/01/2026 12:54:23 PM (UTC+1030),6277644.221,492164.031,21.397,0.117
27/01/2026 12:54:24 PM (UTC+1030),6277643.923,492163.113,21.384,0.117
27/01/2026 12:54:25 PM (UTC+1030),6277643.55,492162.168,21.346,0.117
27/01/2026 12:54:26 PM (UTC+1030),6277643.123,492161.265,21.263,0.117
27/01/2026 12:54:27 PM (UTC+1030),6277642.702,492160.403,21.289,0.117
27/01/2026 12:54:28 PM (UTC+1030),6277642.338,492159.497,21.192,0.117
27/01/2026 12:54:29 PM (UTC+1030),6277641.975,492158.554,21.174,0.118
27/01/2026 12:54:30 PM (UTC+1030),6277641.594,492157.7,21.144,0.114
27/01/2026 12:54:31 PM (UTC+1030),6277641.122,492156.766,21.08,0.115
27/01/2026 12:54:32 PM (UTC+1030),6277640.737,492155.912,21.073,0.117
27/01/2026 12:54:33 PM (UTC+1030),6277640.303,492155.055,21.015,0.117
27/01/2026 12:54:34 PM (UTC+1030),6277640,492154.136,20.98,0.117
27/01/2026 12:54:35 PM (UTC+1030),6277639.598,492153.255,20.947,0.117
27/01/2026 12:54:36 PM (UTC+1030),6277639.174,492152.426,20.884,0.117
27/01/2026 12:54:37 PM (UTC+1030),6277638.812,492151.525,20.875,0.117
27/01/2026 12:54:38 PM (UTC+1030),6277638.559,492150.658,20.797,0.117
27/01/2026 12:54:39 PM (UTC+1030),6277638.307,492149.767,20.834,0.117
27/01/2026 12:54:40 PM (UTC+1030),6277637.798,492148.981,20.763,0.115
27/01/2026 12:54:41 PM (UTC+1030),6277637.266,492148.187,20.788,0.117
27/01/2026 12:54:42 PM (UTC+1030),6277636.894,492147.294,20.708,0.115
27/01/2026 12:54:43 PM (UTC+1030),6277636.551,492146.409,20.73,0.115
27/01/2026 12:54:44 PM (UTC+1030),6277636.062,492145.567,20.657,0.115
27/01/2026 12:54:45 PM (UTC+1030),6277635.539,492144.708,20.686,0.115
27/01/2026 12:54:46 PM (UTC+1030),6277635.101,492143.809,20.667,0.117
27/01/2026 12:54:47 PM (UTC+1030),6277634.682,492142.943,20.643,0.117
27/01/2026 12:54:48 PM (UTC+1030),6277634.298,492142.028,20.639,0.118
27/01/2026 12:54:49 PM (UTC+1030),6277633.781,492141.127,20.616,0.118
27/01/2026 12:54:50 PM (UTC+1030),6277633.424,492140.18,20.611,0.117
27/01/2026 12:54:51 PM (UTC+1030),6277633.046,492139.269,20.526,0.118
27/01/2026 12:54:52 PM (UTC+1030),6277632.585,492138.365,20.581,0.118
27/01/2026 12:54:53 PM (UTC+1030),6277632.067,492137.395,20.523,0.117
27/01/2026 12:54:54 PM (UTC+1030),6277631.612,492136.595,20.563,0.117
27/01/2026 12:54:55 PM (UTC+1030),6277631.201,492135.784,20.489,0.118
27/01/2026 12:54:56 PM (UTC+1030),6277630.637,492134.935,20.513,0.118
27/01/2026 12:54:57 PM (UTC+1030),6277630.114,492134.029,20.454,0.118
27/01/2026 12:54:58 PM (UTC+1030),6277629.696,492133.108,20.499,0.118
27/01/2026 12:54:59 PM (UTC+1030),6277629.384,492132.131,20.419,0.117
27/01/2026 12:55:00 PM (UTC+1030),6277629.165,492131.247,20.438,0.117
27/01/2026 12:55:01 PM (UTC+1030),6277628.88,492130.39,20.403,0.118
27/01/2026 12:55:02 PM (UTC+1030),6277628.369,492129.584,20.409,0.118
27/01/2026 12:55:03 PM (UTC+1030),6277627.955,492128.721,20.367,0.12
27/01/2026 12:55:04 PM (UTC+1030),6277627.621,492127.802,20.348,0.12
27/01/2026 12:55:05 PM (UTC+1030),6277627.215,492126.883,20.351,0.12
27/01/2026 12:55:06 PM (UTC+1030),6277626.702,492125.919,20.322,0.12
27/01/2026 12:55:07 PM (UTC+1030),6277626.265,492124.988,20.338,0.12
27/01/2026 12:55:08 PM (UTC+1030),6277625.865,492124.02,20.302,0.118
27/01/2026 12:55:09 PM (UTC+1030),6277625.602,492123.064,20.269,0.12
27/01/2026 12:55:10 PM (UTC+1030),6277625.223,492122.186,20.296,0.12
27/01/2026 12:55:11 PM (UTC+1030),6277624.893,492121.279,20.244,0.122
27/01/2026 12:55:12 PM (UTC+1030),6277624.583,492120.299,20.276,0.118
27/01/2026 12:55:13 PM (UTC+1030),6277624.372,492119.264,20.25,0.12
27/01/2026 12:55:14 PM (UTC+1030),6277624.213,492118.28,20.182,0.12
27/01/2026 12:55:15 PM (UTC+1030),6277624.036,492117.298,20.197,0.12
27/01/2026 12:55:16 PM (UTC+1030),6277623.849,492116.417,20.187,0.118
27/01/2026 12:55:17 PM (UTC+1030),6277623.642,492115.452,20.16,0.118
27/01/2026 12:55:18 PM (UTC+1030),6277623.446,492114.47,20.185,0.118
27/01/2026 12:55:19 PM (UTC+1030),6277623.331,492113.472,20.156,0.118
27/01/2026 12:55:20 PM (UTC+1030),6277623.219,492112.508,20.14,0.116
27/01/2026 12:55:21 PM (UTC+1030),6277623.099,492111.558,20.143,0.119
27/01/2026 12:55:22 PM (UTC+1030),6277623.024,492110.572,20.132,0.117
27/01/2026 12:55:23 PM (UTC+1030),6277622.752,492109.597,20.144,0.119
27/01/2026 12:55:24 PM (UTC+1030),6277622.644,492108.673,20.147,0.119
27/01/2026 12:55:25 PM (UTC+1030),6277622.613,492107.649,20.084,0.118
27/01/2026 12:55:26 PM (UTC+1030),6277622.51,492106.608,20.092,0.121
27/01/2026 12:55:27 PM (UTC+1030),6277622.346,492105.603,20.078,0.119
27/01/2026 12:55:28 PM (UTC+1030),6277622.134,492104.63,20.016,0.119
27/01/2026 12:55:29 PM (UTC+1030),6277621.925,492103.718,20.051,0.121
27/01/2026 12:55:30 PM (UTC+1030),6277621.82,492102.701,19.992,0.12
27/01/2026 12:55:31 PM (UTC+1030),6277621.776,492101.663,19.991,0.119
27/01/2026 12:55:32 PM (UTC+1030),6277621.58,492100.684,20.029,0.119
27/01/2026 12:55:33 PM (UTC+1030),6277621.31,492099.727,19.982,0.12
27/01/2026 12:55:34 PM (UTC+1030),6277621.089,492098.689,20.078,0.118
27/01/2026 12:55:35 PM (UTC+1030),6277620.927,492097.618,20.036,0.12
27/01/2026 12:55:36 PM (UTC+1030),6277620.845,492096.615,20.033,0.118
27/01/2026 12:55:37 PM (UTC+1030),6277620.618,492095.539,20.048,0.118
27/01/2026 12:55:38 PM (UTC+1030),6277620.288,492094.526,20.012,0.12
27/01/2026 12:55:39 PM (UTC+1030),6277620.025,492093.6,20.091,0.12
27/01/2026 12:55:40 PM (UTC+1030),6277619.804,492092.6,20.029,0.119
27/01/2026 12:55:41 PM (UTC+1030),6277619.638,492091.641,20.054,0.12
27/01/2026 12:55:42 PM (UTC+1030),6277619.341,492090.691,20.047,0.118
27/01/2026 12:55:43 PM (UTC+1030),6277618.976,492089.712,20.065,0.118
27/01/2026 12:55:44 PM (UTC+1030),6277618.828,492088.748,20.053,0.118
27/01/2026 12:55:45 PM (UTC+1030),6277618.805,492087.794,19.976,0.118
27/01/2026 12:55:46 PM (UTC+1030),6277618.636,492086.812,19.979,0.117
27/01/2026 12:55:47 PM (UTC+1030),6277618.393,492085.848,19.939,0.117
27/01/2026 12:55:48 PM (UTC+1030),6277618.133,492084.914,19.959,0.118
27/01/2026 12:55:49 PM (UTC+1030),6277617.876,492083.92,19.84,0.118
27/01/2026 12:55:50 PM (UTC+1030),6277617.708,492082.934,19.857,0.114
27/01/2026 12:55:51 PM (UTC+1030),6277617.567,492082.02,19.795,0.114
27/01/2026 12:55:52 PM (UTC+1030),6277617.459,492081.007,19.814,0.116
27/01/2026 12:55:53 PM (UTC+1030),6277617.315,492079.998,19.735,0.116
27/01/2026 12:55:54 PM (UTC+1030),6277617.313,492079.027,19.726,0.114
27/01/2026 12:55:55 PM (UTC+1030),6277617.249,492078.098,19.705,0.114
27/01/2026 12:55:56 PM (UTC+1030),6277617.03,492077.182,19.653,0.115
27/01/2026 12:55:57 PM (UTC+1030),6277616.986,492076.157,19.632,0.115
27/01/2026 12:55:58 PM (UTC+1030),6277617.041,492075.241,19.601,0.113
27/01/2026 12:55:59 PM (UTC+1030),6277616.945,492074.316,19.573,0.113
27/01/2026 12:56:00 PM (UTC+1030),6277616.854,492073.415,19.567,0.111
27/01/2026 12:56:01 PM (UTC+1030),6277616.86,492072.476,19.509,0.113
27/01/2026 12:56:02 PM (UTC+1030),6277616.839,492071.551,19.517,0.113
27/01/2026 12:56:03 PM (UTC+1030),6277616.799,492070.573,19.465,0.113
27/01/2026 12:56:04 PM (UTC+1030),6277616.711,492069.596,19.431,0.114
27/01/2026 12:56:05 PM (UTC+1030),6277616.521,492068.595,19.454,0.114
27/01/2026 12:56:06 PM (UTC+1030),6277616.421,492067.6,19.366,0.115
27/01/2026 12:56:07 PM (UTC+1030),6277616.331,492066.605,19.4,0.115
27/01/2026 12:56:08 PM (UTC+1030),6277616.101,492065.583,19.334,0.115
27/01/2026 12:56:09 PM (UTC+1030),6277615.935,492064.475,19.363,0.115
27/01/2026 12:56:10 PM (UTC+1030),6277615.78,492063.452,19.325,0.114
27/01/2026 12:56:11 PM (UTC+1030),6277615.635,492062.421,19.235,0.116
27/01/2026 12:56:12 PM (UTC+1030),6277615.427,492061.384,19.213,0.116
27/01/2026 12:56:13 PM (UTC+1030),6277615.338,492060.301,19.167,0.116
27/01/2026 12:56:14 PM (UTC+1030),6277615.435,492059.296,19.094,0.114
27/01/2026 12:56:15 PM (UTC+1030),6277615.311,492058.3,19.089,0.116
27/01/2026 12:56:16 PM (UTC+1030),6277615.125,492057.228,19.026,0.118
27/01/2026 12:56:17 PM (UTC+1030),6277614.996,492056.17,18.947,0.117
27/01/2026 12:56:18 PM (UTC+1030),6277614.834,492055.157,18.891,0.118
27/01/2026 12:56:19 PM (UTC+1030),6277614.697,492054.059,18.798,0.118
27/01/2026 12:56:20 PM (UTC+1030),6277614.478,492053.049,18.781,0.118
27/01/2026 12:56:21 PM (UTC+1030),6277614.227,492051.975,18.694,0.118
27/01/2026 12:56:22 PM (UTC+1030),6277614.163,492050.934,18.599,0.118
27/01/2026 12:56:23 PM (UTC+1030),6277614.102,492049.912,18.582,0.118
27/01/2026 12:56:24 PM (UTC+1030),6277613.894,492048.849,18.497,0.116
27/01/2026 12:56:25 PM (UTC+1030),6277613.675,492047.788,18.45,0.116
27/01/2026 12:56:26 PM (UTC+1030),6277613.495,492046.734,18.424,0.112
27/01/2026 12:56:27 PM (UTC+1030),6277613.341,492045.741,18.346,0.114
27/01/2026 12:56:28 PM (UTC+1030),6277613.215,492044.715,18.324,0.112
27/01/2026 12:56:29 PM (UTC+1030),6277613.003,492043.733,18.242,0.112
27/01/2026 12:56:30 PM (UTC+1030),6277612.795,492042.707,18.255,0.111
27/01/2026 12:56:31 PM (UTC+1030),6277612.736,492041.649,18.157,0.112
27/01/2026 12:56:32 PM (UTC+1030),6277612.678,492040.594,18.127,0.112
27/01/2026 12:56:33 PM (UTC+1030),6277612.598,492039.494,18.107,0.112
27/01/2026 12:56:34 PM (UTC+1030),6277612.31,492038.455,18.051,0.114
27/01/2026 12:56:35 PM (UTC+1030),6277611.964,492037.423,18.1,0.113
27/01/2026 12:56:36 PM (UTC+1030),6277611.841,492036.565,18.047,0.115
27/01/2026 12:56:37 PM (UTC+1030),6277611.665,492035.639,18.07,0.115
27/01/2026 12:56:38 PM (UTC+1030),6277611.617,492034.704,18.021,0.113
27/01/2026 12:56:39 PM (UTC+1030),6277611.453,492033.751,18.05,0.115
27/01/2026 12:56:40 PM (UTC+1030),6277611.482,492032.695,17.978,0.111
27/01/2026 12:56:41 PM (UTC+1030),6277611.523,492031.726,18.005,0.113
27/01/2026 12:56:42 PM (UTC+1030),6277611.399,492030.838,18.009,0.115
27/01/2026 12:56:43 PM (UTC+1030),6277611.071,492029.893,17.995,0.115
27/01/2026 12:56:44 PM (UTC+1030),6277610.926,492028.976,18.001,0.115
27/01/2026 12:56:45 PM (UTC+1030),6277610.79,492028.023,17.992,0.115
27/01/2026 12:56:46 PM (UTC+1030),6277610.729,492027.078,17.963,0.113
27/01/2026 12:56:47 PM (UTC+1030),6277610.619,492026.087,17.955,0.113
27/01/2026 12:56:48 PM (UTC+1030),6277610.444,492025.143,17.896,0.113
27/01/2026 12:56:49 PM (UTC+1030),6277610.325,492024.142,17.937,0.113
27/01/2026 12:56:50 PM (UTC+1030),6277610.119,492023.218,17.918,0.111
27/01/2026 12:56:51 PM (UTC+1030),6277609.97,492022.255,17.884,0.113
27/01/2026 12:56:52 PM (UTC+1030),6277609.856,492021.245,17.911,0.113
27/01/2026 12:56:53 PM (UTC+1030),6277609.708,492020.252,17.856,0.111
27/01/2026 12:56:54 PM (UTC+1030),6277609.497,492019.264,17.868,0.111
27/01/2026 12:56:55 PM (UTC+1030),6277609.362,492018.266,17.789,0.111
27/01/2026 12:56:56 PM (UTC+1030),6277609.221,492017.209,17.823,0.113
27/01/2026 12:56:57 PM (UTC+1030),6277608.907,492016.179,17.766,0.113
27/01/2026 12:56:58 PM (UTC+1030),6277608.597,492015.273,17.815,0.112
27/01/2026 12:56:59 PM (UTC+1030),6277608.424,492014.307,17.715,0.112
27/01/2026 12:57:00 PM (UTC+1030),6277608.223,492013.298,17.778,0.112
27/01/2026 12:57:01 PM (UTC+1030),6277607.983,492012.368,17.704,0.112
27/01/2026 12:57:02 PM (UTC+1030),6277607.675,492011.404,17.762,0.112
27/01/2026 12:57:03 PM (UTC+1030),6277607.543,492010.381,17.721,0.112
27/01/2026 12:57:04 PM (UTC+1030),6277607.379,492009.442,17.732,0.112
27/01/2026 12:57:05 PM (UTC+1030),6277607.203,492008.46,17.74,0.112
27/01/2026 12:57:06 PM (UTC+1030),6277606.943,492007.435,17.67,0.113
27/01/2026 12:57:07 PM (UTC+1030),6277606.751,492006.38,17.664,0.113
27/01/2026 12:57:08 PM (UTC+1030),6277606.677,492005.319,17.58,0.113
27/01/2026 12:57:09 PM (UTC+1030),6277606.52,492004.241,17.588,0.113
27/01/2026 12:57:10 PM (UTC+1030),6277606.379,492003.225,17.576,0.112
27/01/2026 12:57:11 PM (UTC+1030),6277606.067,492002.241,17.519,0.114
27/01/2026 12:57:12 PM (UTC+1030),6277605.787,492001.219,17.541,0.116
27/01/2026 12:57:13 PM (UTC+1030),6277605.529,492000.274,17.517,0.112
27/01/2026 12:57:14 PM (UTC+1030),6277605.274,491999.377,17.5,0.114
27/01/2026 12:57:15 PM (UTC+1030),6277604.922,491998.463,17.471,0.114
27/01/2026 12:57:16 PM (UTC+1030),6277604.75,491997.431,17.4,0.114
27/01/2026 12:57:17 PM (UTC+1030),6277604.519,491996.482,17.448,0.114
27/01/2026 12:57:18 PM (UTC+1030),6277604.304,491995.482,17.366,0.115
27/01/2026 12:57:19 PM (UTC+1030),6277604.201,491994.551,17.438,0.112
27/01/2026 12:57:20 PM (UTC+1030),6277604.11,491993.619,17.424,0.112
27/01/2026 12:57:21 PM (UTC+1030),6277603.963,491992.627,17.441,0.114
27/01/2026 12:57:22 PM (UTC+1030),6277603.805,491991.656,17.522,0.113
27/01/2026 12:57:23 PM (UTC+1030),6277603.792,491990.667,17.539,0.113
27/01/2026 12:57:24 PM (UTC+1030),6277603.802,491989.615,17.525,0.113
27/01/2026 12:57:25 PM (UTC+1030),6277603.782,491988.585,17.599,0.113
27/01/2026 12:57:26 PM (UTC+1030),6277603.688,491987.518,17.631,0.115
27/01/2026 12:57:27 PM (UTC+1030),6277603.516,491986.503,17.638,0.115
27/01/2026 12:57:28 PM (UTC+1030),6277603.434,491985.588,17.707,0.116
27/01/2026 12:57:29 PM (UTC+1030),6277603.364,491984.687,17.74,0.118
27/01/2026 12:57:30 PM (UTC+1030),6277603.292,491983.863,17.723,0.114
27/01/2026 12:57:31 PM (UTC+1030),6277603.161,491982.993,17.778,0.116
27/01/2026 12:57:32 PM (UTC+1030),6277603.016,491982.15,17.828,0.116
27/01/2026 12:57:33 PM (UTC+1030),6277602.844,491981.34,17.807,0.116
27/01/2026 12:57:34 PM (UTC+1030),6277602.738,491980.522,17.843,0.116
27/01/2026 12:57:35 PM (UTC+1030),6277602.7,491979.692,17.869,0.116
27/01/2026 12:57:36 PM (UTC+1030),6277602.67,491978.881,17.876,0.115
27/01/2026 12:57:37 PM (UTC+1030),6277602.567,491978.013,17.951,0.115
27/01/2026 12:57:38 PM (UTC+1030),6277602.404,491977.172,17.984,0.116
27/01/2026 12:57:39 PM (UTC+1030),6277602.278,491976.262,18.001,0.116
27/01/2026 12:57:40 PM (UTC+1030),6277602.165,491975.465,18.065,0.114
27/01/2026 12:57:41 PM (UTC+1030),6277602.062,491974.593,18.105,0.116
27/01/2026 12:57:42 PM (UTC+1030),6277602.012,491973.765,18.08,0.116
27/01/2026 12:57:43 PM (UTC+1030),6277601.993,491972.963,18.141,0.114
27/01/2026 12:57:44 PM (UTC+1030),6277601.916,491972.022,18.146,0.116
27/01/2026 12:57:45 PM (UTC+1030),6277601.78,491971.201,18.184,0.114
27/01/2026 12:57:46 PM (UTC+1030),6277601.678,491970.315,18.193,0.114
27/01/2026 12:57:47 PM (UTC+1030),6277601.661,491969.448,18.232,0.114
27/01/2026 12:57:48 PM (UTC+1030),6277601.542,491968.478,18.218,0.116
27/01/2026 12:57:49 PM (UTC+1030),6277601.36,491967.579,18.291,0.114
27/01/2026 12:57:50 PM (UTC+1030),6277601.324,491966.639,18.291,0.114
27/01/2026 12:57:51 PM (UTC+1030),6277601.294,491965.75,18.353,0.116
27/01/2026 12:57:52 PM (UTC+1030),6277601.245,491964.781,18.328,0.114
27/01/2026 12:57:53 PM (UTC+1030),6277601.201,491963.881,18.387,0.114
27/01/2026 12:57:54 PM (UTC+1030),6277601.09,491962.882,18.445,0.116
27/01/2026 12:57:55 PM (UTC+1030),6277601.073,491961.98,18.434,0.116
27/01/2026 12:57:56 PM (UTC+1030),6277600.958,491961.108,18.507,0.118
27/01/2026 12:57:57 PM (UTC+1030),6277600.821,491960.156,18.52,0.114
27/01/2026 12:57:58 PM (UTC+1030),6277600.692,491959.234,18.561,0.116
27/01/2026 12:57:59 PM (UTC+1030),6277600.697,491958.322,18.661,0.116
27/01/2026 12:58:00 PM (UTC+1030),6277600.716,491957.51,18.759,0.116
27/01/2026 12:58:01 PM (UTC+1030),6277600.636,491956.518,18.743,0.116
27/01/2026 12:58:02 PM (UTC+1030),6277600.643,491955.568,18.8,0.118
27/01/2026 12:58:03 PM (UTC+1030),6277600.529,491954.547,18.799,0.118
27/01/2026 12:58:04 PM (UTC+1030),6277600.357,491953.574,18.858,0.118
27/01/2026 12:58:05 PM (UTC+1030),6277600.236,491952.611,18.919,0.114
27/01/2026 12:58:06 PM (UTC+1030),6277600.324,491951.681,18.897,0.116
27/01/2026 12:58:07 PM (UTC+1030),6277600.32,491950.78,18.976,0.116
27/01/2026 12:58:08 PM (UTC+1030),6277600.096,491949.817,18.989,0.114
27/01/2026 12:58:09 PM (UTC+1030),6277599.849,491948.842,19.053,0.113
27/01/2026 12:58:10 PM (UTC+1030),6277599.751,491947.947,19.116,0.113
27/01/2026 12:58:11 PM (UTC+1030),6277599.659,491946.985,19.097,0.114
27/01/2026 12:58:12 PM (UTC+1030),6277599.489,491946.056,19.16,0.116
27/01/2026 12:58:13 PM (UTC+1030),6277599.405,491945.123,19.162,0.112
27/01/2026 12:58:14 PM (UTC+1030),6277599.227,491944.122,19.173,0.112
27/01/2026 12:58:15 PM (UTC+1030),6277598.974,491943.098,19.214,0.113
27/01/2026 12:58:16 PM (UTC+1030),6277598.753,491942.119,19.184,0.113
27/01/2026 12:58:17 PM (UTC+1030),6277598.477,491941.144,19.233,0.113
27/01/2026 12:58:18 PM (UTC+1030),6277598.019,491940.198,19.262,0.115
27/01/2026 12:58:19 PM (UTC+1030),6277597.558,491939.248,19.245,0.113
27/01/2026 12:58:20 PM (UTC+1030),6277597.192,491938.267,19.289,0.115
27/01/2026 12:58:21 PM (UTC+1030),6277596.841,491937.223,19.301,0.115
27/01/2026 12:58:22 PM (UTC+1030),6277596.547,491936.135,19.26,0.115
27/01/2026 12:58:23 PM (UTC+1030),6277596.366,491935.123,19.299,0.113
27/01/2026 12:58:24 PM (UTC+1030),6277596.186,491934.149,19.302,0.113
27/01/2026 12:58:25 PM (UTC+1030),6277595.71,491933.241,19.295,0.114
27/01/2026 12:58:26 PM (UTC+1030),6277595.353,491932.315,19.348,0.115
27/01/2026 12:58:27 PM (UTC+1030),6277595.273,491931.376,19.296,0.115
27/01/2026 12:58:28 PM (UTC+1030),6277595.18,491930.424,19.341,0.115
27/01/2026 12:58:29 PM (UTC+1030),6277594.788,491929.448,19.277,0.111
27/01/2026 12:58:30 PM (UTC+1030),6277594.355,491928.611,19.307,0.111
27/01/2026 12:58:31 PM (UTC+1030),6277594.158,491927.595,19.228,0.111
27/01/2026 12:58:32 PM (UTC+1030),6277594.122,491926.662,19.276,0.111
27/01/2026 12:58:33 PM (UTC+1030),6277594.044,491925.718,19.276,0.116
27/01/2026 12:58:34 PM (UTC+1030),6277593.71,491924.857,19.272,0.116
27/01/2026 12:58:35 PM (UTC+1030),6277593.419,491923.903,19.298,0.114
27/01/2026 12:58:36 PM (UTC+1030),6277593.286,491922.974,19.274,0.116
27/01/2026 12:58:37 PM (UTC+1030),6277593.19,491922.187,19.336,0.116
27/01/2026 12:58:38 PM (UTC+1030),6277592.95,491921.333,19.345,0.114
27/01/2026 12:58:39 PM (UTC+1030),6277592.741,491920.378,19.377,0.114
27/01/2026 12:58:40 PM (UTC+1030),6277592.683,491919.515,19.332,0.114
27/01/2026 12:58:41 PM (UTC+1030),6277592.514,491918.556,19.359,0.116
27/01/2026 12:58:42 PM (UTC+1030),6277592.223,491917.597,19.344,0.115
27/01/2026 12:58:43 PM (UTC+1030),6277591.979,491916.708,19.337,0.115
27/01/2026 12:58:44 PM (UTC+1030),6277591.908,491915.776,19.408,0.115
27/01/2026 12:58:45 PM (UTC+1030),6277591.761,491914.824,19.388,0.115
27/01/2026 12:58:46 PM (UTC+1030),6277591.708,491913.896,19.374,0.116
27/01/2026 12:58:47 PM (UTC+1030),6277591.484,491912.892,19.41,0.116
27/01/2026 12:58:48 PM (UTC+1030),6277591.137,491911.975,19.413,0.114
27/01/2026 12:58:49 PM (UTC+1030),6277590.783,491911.061,19.475,0.114
27/01/2026 12:58:50 PM (UTC+1030),6277590.637,491910.123,19.436,0.111
27/01/2026 12:58:51 PM (UTC+1030),6277590.465,491909.221,19.387,0.112
27/01/2026 12:58:52 PM (UTC+1030),6277590.178,491908.301,19.374,0.112
27/01/2026 12:58:53 PM (UTC+1030),6277589.911,491907.369,19.333,0.112
27/01/2026 12:58:54 PM (UTC+1030),6277589.77,491906.409,19.405,0.113
27/01/2026 12:58:55 PM (UTC+1030),6277589.603,491905.45,19.335,0.113
27/01/2026 12:58:56 PM (UTC+1030),6277589.422,491904.411,19.307,0.117
27/01/2026 12:58:57 PM (UTC+1030),6277589.287,491903.349,19.313,0.117
27/01/2026 12:58:58 PM (UTC+1030),6277588.94,491902.532,19.259,0.115
27/01/2026 12:58:59 PM (UTC+1030),6277588.563,491901.6,19.254,0.115
27/01/2026 12:59:00 PM (UTC+1030),6277588.356,491900.644,19.167,0.115
27/01/2026 12:59:01 PM (UTC+1030),6277588.216,491899.63,19.186,0.117
27/01/2026 12:59:02 PM (UTC+1030),6277588.007,491898.65,19.144,0.115
27/01/2026 12:59:03 PM (UTC+1030),6277587.624,491897.736,19.142,0.115
27/01/2026 12:59:04 PM (UTC+1030),6277587.429,491896.734,19.106,0.113
27/01/2026 12:59:05 PM (UTC+1030),6277587.323,491895.758,19.042,0.113
27/01/2026 12:59:06 PM (UTC+1030),6277587.193,491894.755,18.999,0.113
27/01/2026 12:59:07 PM (UTC+1030),6277586.943,491893.728,18.91,0.113
27/01/2026 12:59:08 PM (UTC+1030),6277586.687,491892.717,18.907,0.111
27/01/2026 12:59:09 PM (UTC+1030),6277586.403,491891.73,18.849,0.111
27/01/2026 12:59:10 PM (UTC+1030),6277586.152,491890.786,18.81,0.11
27/01/2026 12:59:11 PM (UTC+1030),6277585.835,491889.862,18.763,0.111
27/01/2026 12:59:12 PM (UTC+1030),6277585.68,491889.025,18.713,0.11
27/01/2026 12:59:13 PM (UTC+1030),6277585.572,491888.061,18.733,0.11
27/01/2026 12:59:14 PM (UTC+1030),6277585.444,491887.13,18.646,0.11
27/01/2026 12:59:15 PM (UTC+1030),6277585.355,491886.191,18.607,0.11
27/01/2026 12:59:16 PM (UTC+1030),6277585.03,491885.27,18.562,0.11
27/01/2026 12:59:17 PM (UTC+1030),6277584.683,491884.248,18.452,0.11
27/01/2026 12:59:18 PM (UTC+1030),6277584.39,491883.346,18.411,0.111
27/01/2026 12:59:19 PM (UTC+1030),6277584.06,491882.42,18.353,0.111
27/01/2026 12:59:20 PM (UTC+1030),6277583.781,491881.478,18.266,0.112
27/01/2026 12:59:21 PM (UTC+1030),6277583.515,491880.528,18.251,0.114
27/01/2026 12:59:22 PM (UTC+1030),6277583.341,491879.566,18.185,0.114
27/01/2026 12:59:23 PM (UTC+1030),6277583.212,491878.552,18.101,0.114
27/01/2026 12:59:24 PM (UTC+1030),6277583.013,491877.579,18.113,0.111
27/01/2026 12:59:25 PM (UTC+1030),6277582.782,491876.591,17.994,0.111
27/01/2026 12:59:26 PM (UTC+1030),6277582.729,491875.64,17.984,0.111
27/01/2026 12:59:27 PM (UTC+1030),6277582.574,491874.71,17.963,0.111
27/01/2026 12:59:28 PM (UTC+1030),6277582.252,491873.84,17.909,0.111
27/01/2026 12:59:29 PM (UTC+1030),6277581.927,491872.851,17.869,0.111
27/01/2026 12:59:30 PM (UTC+1030),6277581.824,491871.89,17.787,0.109
27/01/2026 12:59:31 PM (UTC+1030),6277581.613,491870.834,17.766,0.11
27/01/2026 12:59:32 PM (UTC+1030),6277581.425,491869.833,17.668,0.11
27/01/2026 12:59:33 PM (UTC+1030),6277581.104,491868.772,17.655,0.11
27/01/2026 12:59:34 PM (UTC+1030),6277580.835,491867.786,17.612,0.11
27/01/2026 12:59:35 PM (UTC+1030),6277580.591,491866.784,17.537,0.11
27/01/2026 12:59:36 PM (UTC+1030),6277580.323,491865.699,17.506,0.11
27/01/2026 12:59:37 PM (UTC+1030),6277580.053,491864.712,17.462,0.111
27/01/2026 12:59:38 PM (UTC+1030),6277579.824,491863.732,17.467,0.111
27/01/2026 12:59:39 PM (UTC+1030),6277579.66,491862.737,17.335,0.111
27/01/2026 12:59:40 PM (UTC+1030),6277579.43,491861.737,17.31,0.11
27/01/2026 12:59:41 PM (UTC+1030),6277579.083,491860.778,17.192,0.111
27/01/2026 12:59:42 PM (UTC+1030),6277578.797,491859.774,17.146,0.11
27/01/2026 12:59:43 PM (UTC+1030),6277578.621,491858.817,17.068,0.11
27/01/2026 12:59:44 PM (UTC+1030),6277578.319,491857.757,16.977,0.111
27/01/2026 12:59:45 PM (UTC+1030),6277577.98,491856.723,16.966,0.111
27/01/2026 12:59:46 PM (UTC+1030),6277577.608,491855.742,16.86,0.108
27/01/2026 12:59:47 PM (UTC+1030),6277577.2,491854.72,16.855,0.11
27/01/2026 12:59:48 PM (UTC+1030),6277576.969,491853.698,16.768,0.106
27/01/2026 12:59:49 PM (UTC+1030),6277576.748,491852.741,16.694,0.106
27/01/2026 12:59:50 PM (UTC+1030),6277576.585,491851.722,16.63,0.11
27/01/2026 12:59:51 PM (UTC+1030),6277576.318,491850.701,16.5,0.111
27/01/2026 12:59:52 PM (UTC+1030),6277576.034,491849.747,16.464,0.111
27/01/2026 12:59:53 PM (UTC+1030),6277575.762,491848.861,16.312,0.111
27/01/2026 12:59:54 PM (UTC+1030),6277575.451,491847.904,16.27,0.108
27/01/2026 12:59:55 PM (UTC+1030),6277575.171,491847.014,16.179,0.11
27/01/2026 12:59:56 PM (UTC+1030),6277574.831,491846.031,16.086,0.106
27/01/2026 12:59:57 PM (UTC+1030),6277574.578,491845.06,16.032,0.106
27/01/2026 12:59:58 PM (UTC+1030),6277574.185,491844.023,15.918,0.11
27/01/2026 12:59:59 PM (UTC+1030),6277573.905,491842.987,15.829,0.11
27/01/2026 01:00:00 PM (UTC+1030),6277573.775,491841.962,15.798,0.11
27/01/2026 01:00:01 PM (UTC+1030),6277573.627,491840.948,15.722,0.111
27/01/2026 01:00:02 PM (UTC+1030),6277573.453,491839.994,15.675,0.114
27/01/2026 01:00:03 PM (UTC+1030),6277573.279,491839.031,15.617,0.114
27/01/2026 01:00:04 PM (UTC+1030),6277573.072,491838.037,15.54,0.115
27/01/2026 01:00:05 PM (UTC+1030),6277572.735,491837.123,15.537,0.115
27/01/2026 01:00:06 PM (UTC+1030),6277572.457,491836.133,15.444,0.111
27/01/2026 01:00:07 PM (UTC+1030),6277572.22,491835.171,15.443,0.111
27/01/2026 01:00:08 PM (UTC+1030),6277572.024,491834.166,15.348,0.108
27/01/2026 01:00:09 PM (UTC+1030),6277572.017,491833.098,15.285,0.108
27/01/2026 01:00:10 PM (UTC+1030),6277571.923,491832.124,15.203,0.108
27/01/2026 01:00:11 PM (UTC+1030),6277571.692,491831.178,15.161,0.11
27/01/2026 01:00:12 PM (UTC+1030),6277571.638,491830.28,15.119,0.109
27/01/2026 01:00:13 PM (UTC+1030),6277571.45,491829.313,15.011,0.11
27/01/2026 01:00:14 PM (UTC+1030),6277571.237,491828.359,14.991,0.111
27/01/2026 01:00:15 PM (UTC+1030),6277570.955,491827.409,14.897,0.111
27/01/2026 01:00:16 PM (UTC+1030),6277570.604,491826.461,14.89,0.109
27/01/2026 01:00:17 PM (UTC+1030),6277570.338,491825.529,14.867,0.108
27/01/2026 01:00:18 PM (UTC+1030),6277570.167,491824.538,14.755,0.111
27/01/2026 01:00:19 PM (UTC+1030),6277569.998,491823.578,14.73,0.111
27/01/2026 01:00:20 PM (UTC+1030),6277569.767,491822.57,14.66,0.108
27/01/2026 01:00:21 PM (UTC+1030),6277569.369,491821.643,14.547,0.11
27/01/2026 01:00:22 PM (UTC+1030),6277568.961,491820.734,14.494,0.112
27/01/2026 01:00:23 PM (UTC+1030),6277568.679,491819.745,14.432,0.109
27/01/2026 01:00:24 PM (UTC+1030),6277568.44,491818.804,14.342,0.109
27/01/2026 01:00:25 PM (UTC+1030),6277568.29,491817.88,14.317,0.113
27/01/2026 01:00:26 PM (UTC+1030),6277568.021,491816.961,14.241,0.115
27/01/2026 01:00:27 PM (UTC+1030),6277567.712,491816.059,14.18,0.115
27/01/2026 01:00:28 PM (UTC+1030),6277567.59,491815.141,14.18,0.114
27/01/2026 01:00:29 PM (UTC+1030),6277567.215,491814.171,14.066,0.112
27/01/2026 01:00:30 PM (UTC+1030),6277566.963,491813.257,14.042,0.113
27/01/2026 01:00:31 PM (UTC+1030),6277566.728,491812.437,14.044,0.117
27/01/2026 01:00:32 PM (UTC+1030),6277566.467,491811.674,13.962,0.117
27/01/2026 01:00:33 PM (UTC+1030),6277566.156,491810.73,13.915,0.118
27/01/2026 01:00:34 PM (UTC+1030),6277565.835,491809.792,13.854,0.118
27/01/2026 01:00:35 PM (UTC+1030),6277565.606,491808.875,13.85,0.118
27/01/2026 01:00:36 PM (UTC+1030),6277565.178,491807.924,13.804,0.119
27/01/2026 01:00:37 PM (UTC+1030),6277564.807,491807.013,13.798,0.119
27/01/2026 01:00:38 PM (UTC+1030),6277564.426,491806.014,13.729,0.121
27/01/2026 01:00:39 PM (UTC+1030),6277564.146,491805.003,13.695,0.121
27/01/2026 01:00:40 PM (UTC+1030),6277563.681,491804.011,13.62,0.123
27/01/2026 01:00:41 PM (UTC+1030),6277563.275,491803.042,13.562,0.125
27/01/2026 01:00:42 PM (UTC+1030),6277562.989,491802.051,13.493,0.126
27/01/2026 01:00:43 PM (UTC+1030),6277562.796,491801.027,13.389,0.127
27/01/2026 01:00:44 PM (UTC+1030),6277562.641,491800.013,13.361,0.127
27/01/2026 01:00:45 PM (UTC+1030),6277562.442,491799.005,13.268,0.127
27/01/2026 01:00:46 PM (UTC+1030),6277562.191,491797.954,13.263,0.124
27/01/2026 01:00:47 PM (UTC+1030),6277562.025,491796.912,13.196,0.126
27/01/2026 01:00:48 PM (UTC+1030),6277561.701,491795.867,13.106,0.126
27/01/2026 01:00:49 PM (UTC+1030),6277561.453,491794.877,13.146,0.121
27/01/2026 01:00:50 PM (UTC+1030),6277561.186,491793.779,13.021,0.114
27/01/2026 01:00:51 PM (UTC+1030),6277560.98,491792.775,13.02,0.116
27/01/2026 01:00:52 PM (UTC+1030),6277560.764,491791.719,13.006,0.116
27/01/2026 01:00:53 PM (UTC+1030),6277560.498,491790.66,12.929,0.112
27/01/2026 01:00:54 PM (UTC+1030),6277560.245,491789.568,12.926,0.112
27/01/2026 01:00:55 PM (UTC+1030),6277559.905,491788.506,12.876,0.114
27/01/2026 01:00:56 PM (UTC+1030),6277559.594,491787.493,12.879,0.112
27/01/2026 01:00:57 PM (UTC+1030),6277559.353,491786.443,12.867,0.112
27/01/2026 01:00:58 PM (UTC+1030),6277559.17,491785.467,12.784,0.114
27/01/2026 01:00:59 PM (UTC+1030),6277558.916,491784.535,12.817,0.114
27/01/2026 01:01:00 PM (UTC+1030),6277558.628,491783.577,12.788,0.112
27/01/2026 01:01:01 PM (UTC+1030),6277558.458,491782.561,12.821,0.114
27/01/2026 01:01:02 PM (UTC+1030),6277558.314,491781.524,12.734,0.114
27/01/2026 01:01:03 PM (UTC+1030),6277558.069,491780.528,12.76,0.114
27/01/2026 01:01:04 PM (UTC+1030),6277557.804,491779.479,12.686,0.113
27/01/2026 01:01:05 PM (UTC+1030),6277557.532,491778.509,12.692,0.113
27/01/2026 01:01:06 PM (UTC+1030),6277557.287,491777.458,12.759,0.112
27/01/2026 01:01:07 PM (UTC+1030),6277557.069,491776.441,12.735,0.112
27/01/2026 01:01:08 PM (UTC+1030),6277556.869,491775.438,12.713,0.116
27/01/2026 01:01:09 PM (UTC+1030),6277556.651,491774.433,12.701,0.116
27/01/2026 01:01:10 PM (UTC+1030),6277556.478,491773.471,12.703,0.118
27/01/2026 01:01:11 PM (UTC+1030),6277556.29,491772.486,12.725,0.118
27/01/2026 01:01:12 PM (UTC+1030),6277556.235,491771.504,12.744,0.121
27/01/2026 01:01:13 PM (UTC+1030),6277556.103,491770.482,12.721,0.121
27/01/2026 01:01:14 PM (UTC+1030),6277556.056,491769.556,12.735,0.118
27/01/2026 01:01:15 PM (UTC+1030),6277555.907,491768.614,12.763,0.118
27/01/2026 01:01:16 PM (UTC+1030),6277555.56,491767.704,12.712,0.118
27/01/2026 01:01:17 PM (UTC+1030),6277555.302,491766.797,12.795,0.118
27/01/2026 01:01:18 PM (UTC+1030),6277555.095,491765.915,12.8,0.118
27/01/2026 01:01:19 PM (UTC+1030),6277554.855,491764.934,12.814,0.118
27/01/2026 01:01:20 PM (UTC+1030),6277554.56,491764.012,12.879,0.116
27/01/2026 01:01:21 PM (UTC+1030),6277554.34,491763.124,12.893,0.116
27/01/2026 01:01:22 PM (UTC+1030),6277554.113,491762.251,12.931,0.114
27/01/2026 01:01:23 PM (UTC+1030),6277554.005,491761.31,13.007,0.114
27/01/2026 01:01:24 PM (UTC+1030),6277553.899,491760.339,12.984,0.114
27/01/2026 01:01:25 PM (UTC+1030),6277553.758,491759.379,13.035,0.113
27/01/2026 01:01:26 PM (UTC+1030),6277553.586,491758.492,13.116,0.115
27/01/2026 01:01:27 PM (UTC+1030),6277553.391,491757.548,13.152,0.115
27/01/2026 01:01:28 PM (UTC+1030),6277553.119,491756.667,13.216,0.115
27/01/2026 01:01:29 PM (UTC+1030),6277552.877,491755.751,13.28,0.115
27/01/2026 01:01:30 PM (UTC+1030),6277552.706,491754.849,13.26,0.111
27/01/2026 01:01:31 PM (UTC+1030),6277552.582,491753.977,13.323,0.113
27/01/2026 01:01:32 PM (UTC+1030),6277552.338,491753.019,13.33,0.111
27/01/2026 01:01:33 PM (UTC+1030),6277552.106,491752.166,13.366,0.113
27/01/2026 01:01:34 PM (UTC+1030),6277551.903,491751.316,13.443,0.113
27/01/2026 01:01:35 PM (UTC+1030),6277551.768,491750.484,13.47,0.113
27/01/2026 01:01:36 PM (UTC+1030),6277551.674,491749.628,13.474,0.115
27/01/2026 01:01:37 PM (UTC+1030),6277551.535,491748.78,13.535,0.115
27/01/2026 01:01:38 PM (UTC+1030),6277551.321,491747.923,13.592,0.115
27/01/2026 01:01:39 PM (UTC+1030),6277551.048,491747.116,13.605,0.113
27/01/2026 01:01:40 PM (UTC+1030),6277550.719,491746.444,13.71,0.113
27/01/2026 01:01:41 PM (UTC+1030),6277550.538,491745.643,13.694,0.115
27/01/2026 01:01:42 PM (UTC+1030),6277550.42,491744.841,13.766,0.114
27/01/2026 01:01:43 PM (UTC+1030),6277550.129,491744.032,13.78,0.113
27/01/2026 01:01:44 PM (UTC+1030),6277549.989,491743.289,13.854,0.113
27/01/2026 01:01:45 PM (UTC+1030),6277549.933,491742.42,13.828,0.113
27/01/2026 01:01:46 PM (UTC+1030),6277549.775,491741.63,13.913,0.115
27/01/2026 01:01:47 PM (UTC+1030),6277549.449,491740.735,13.92,0.116
27/01/2026 01:01:48 PM (UTC+1030),6277549.297,491739.929,13.992,0.116
27/01/2026 01:01:49 PM (UTC+1030),6277549.15,491739.053,14.051,0.116
27/01/2026 01:01:50 PM (UTC+1030),6277549.012,491738.229,14.035,0.111
27/01/2026 01:01:51 PM (UTC+1030),6277548.868,491737.406,14.061,0.113
27/01/2026 01:01:52 PM (UTC+1030),6277548.758,491736.62,14.106,0.113
27/01/2026 01:01:53 PM (UTC+1030),6277548.579,491735.805,14.137,0.115
27/01/2026 01:01:54 PM (UTC+1030),6277548.239,491735.055,14.18,0.115
27/01/2026 01:01:55 PM (UTC+1030),6277548.062,491734.237,14.26,0.115
27/01/2026 01:01:56 PM (UTC+1030),6277547.916,491733.435,14.251,0.118
27/01/2026 01:01:57 PM (UTC+1030),6277547.722,491732.699,14.292,0.118
27/01/2026 01:01:58 PM (UTC+1030),6277547.445,491731.877,14.351,0.116
27/01/2026 01:01:59 PM (UTC+1030),6277547.27,491731.061,14.371,0.114
27/01/2026 01:02:00 PM (UTC+1030),6277547.123,491730.255,14.412,0.114
27/01/2026 01:02:01 PM (UTC+1030),6277546.984,491729.44,14.471,0.115
27/01/2026 01:02:02 PM (UTC+1030),6277546.869,491728.648,14.489,0.114
27/01/2026 01:02:03 PM (UTC+1030),6277546.717,491727.742,14.506,0.114
27/01/2026 01:02:04 PM (UTC+1030),6277546.557,491726.903,14.596,0.114
27/01/2026 01:02:05 PM (UTC+1030),6277546.386,491726.05,14.667,0.111
27/01/2026 01:02:06 PM (UTC+1030),6277546.15,491725.139,14.649,0.113
27/01/2026 01:02:07 PM (UTC+1030),6277545.947,491724.327,14.72,0.113
27/01/2026 01:02:08 PM (UTC+1030),6277545.785,491723.5,14.796,0.113
27/01/2026 01:02:09 PM (UTC+1030),6277545.525,491722.602,14.825,0.113
27/01/2026 01:02:10 PM (UTC+1030),6277545.398,491721.68,14.847,0.112
27/01/2026 01:02:11 PM (UTC+1030),6277545.314,491720.787,14.878,0.114
27/01/2026 01:02:12 PM (UTC+1030),6277545.167,491719.886,14.967,0.116
27/01/2026 01:02:13 PM (UTC+1030),6277545.021,491718.981,15.036,0.116
27/01/2026 01:02:14 PM (UTC+1030),6277544.786,491718.066,15.044,0.111
27/01/2026 01:02:15 PM (UTC+1030),6277544.527,491717.233,15.1,0.111
27/01/2026 01:02:16 PM (UTC+1030),6277544.316,491716.367,15.178,0.113
27/01/2026 01:02:17 PM (UTC+1030),6277544.035,491715.478,15.263,0.113
27/01/2026 01:02:18 PM (UTC+1030),6277543.926,491714.544,15.241,0.112
27/01/2026 01:02:19 PM (UTC+1030),6277543.861,491713.698,15.294,0.114
27/01/2026 01:02:20 PM (UTC+1030),6277543.718,491712.785,15.378,0.111
27/01/2026 01:02:21 PM (UTC+1030),6277543.548,491711.909,15.406,0.112
27/01/2026 01:02:22 PM (UTC+1030),6277543.241,491711.028,15.454,0.114
27/01/2026 01:02:23 PM (UTC+1030),6277543.104,491710.059,15.538,0.114
27/01/2026 01:02:24 PM (UTC+1030),6277542.902,491709.138,15.6,0.116
27/01/2026 01:02:25 PM (UTC+1030),6277542.85,491708.225,15.61,0.116
27/01/2026 01:02:26 PM (UTC+1030),6277542.719,491707.349,15.705,0.118
27/01/2026 01:02:27 PM (UTC+1030),6277542.492,491706.485,15.729,0.118
27/01/2026 01:02:28 PM (UTC+1030),6277542.317,491705.615,15.791,0.116
27/01/2026 01:02:29 PM (UTC+1030),6277542.077,491704.745,15.881,0.116
27/01/2026 01:02:30 PM (UTC+1030),6277541.966,491703.84,15.918,0.116
27/01/2026 01:02:31 PM (UTC+1030),6277541.864,491702.846,15.906,0.112
27/01/2026 01:02:32 PM (UTC+1030),6277541.762,491702.006,16.006,0.112
27/01/2026 01:02:33 PM (UTC+1030),6277541.686,491701.102,16.048,0.114
27/01/2026 01:02:34 PM (UTC+1030),6277541.54,491700.25,16.101,0.114
27/01/2026 01:02:35 PM (UTC+1030),6277541.399,491699.377,16.164,0.114
27/01/2026 01:02:36 PM (UTC+1030),6277541.313,491698.423,16.179,0.111
27/01/2026 01:02:37 PM (UTC+1030),6277541.254,491697.482,16.214,0.111
27/01/2026 01:02:38 PM (UTC+1030),6277541.159,491696.586,16.28,0.109
27/01/2026 01:02:39 PM (UTC+1030),6277540.97,491695.734,16.339,0.109
27/01/2026 01:02:40 PM (UTC+1030),6277540.692,491694.87,16.404,0.109
27/01/2026 01:02:41 PM (UTC+1030),6277540.578,491693.998,16.479,0.109
27/01/2026 01:02:42 PM (UTC+1030),6277540.594,491693.139,16.47,0.112
27/01/2026 01:02:43 PM (UTC+1030),6277540.529,491692.309,16.569,0.112
27/01/2026 01:02:44 PM (UTC+1030),6277540.382,491691.449,16.619,0.114
27/01/2026 01:02:45 PM (UTC+1030),6277540.237,491690.567,16.646,0.115
27/01/2026 01:02:46 PM (UTC+1030),6277540.156,491689.64,16.755,0.117
27/01/2026 01:02:47 PM (UTC+1030),6277540.052,491688.767,16.847,0.117
27/01/2026 01:02:48 PM (UTC+1030),6277539.886,491687.915,16.912,0.118
27/01/2026 01:02:49 PM (UTC+1030),6277539.731,491686.965,16.91,0.118
27/01/2026 01:02:50 PM (UTC+1030),6277539.506,491686.079,17.024,0.115
27/01/2026 01:02:51 PM (UTC+1030),6277539.284,491685.187,17.099,0.116
27/01/2026 01:02:52 PM (UTC+1030),6277539.093,491684.257,17.143,0.119
27/01/2026 01:02:53 PM (UTC+1030),6277538.828,491683.333,17.193,0.119
27/01/2026 01:02:54 PM (UTC+1030),6277538.582,491682.528,17.25,0.112
27/01/2026 01:02:55 PM (UTC+1030),6277538.384,491681.682,17.334,0.11
27/01/2026 01:02:56 PM (UTC+1030),6277538.197,491680.897,17.388,0.112
27/01/2026 01:02:57 PM (UTC+1030),6277538.029,491680.132,17.4,0.112
27/01/2026 01:02:58 PM (UTC+1030),6277537.805,491679.381,17.457,0.11
27/01/2026 01:02:59 PM (UTC+1030),6277537.478,491678.635,17.516,0.11
27/01/2026 01:03:00 PM (UTC+1030),6277537.089,491677.841,17.555,0.11
27/01/2026 01:03:01 PM (UTC+1030),6277536.812,491677.105,17.657,0.112
27/01/2026 01:03:02 PM (UTC+1030),6277536.556,491676.329,17.738,0.111
27/01/2026 01:03:03 PM (UTC+1030),6277536.328,491675.58,17.761,0.111
27/01/2026 01:03:04 PM (UTC+1030),6277536.01,491674.849,17.86,0.109
27/01/2026 01:03:05 PM (UTC+1030),6277535.717,491674.155,17.955,0.109
27/01/2026 01:03:06 PM (UTC+1030),6277535.387,491673.431,17.996,0.109
27/01/2026 01:03:07 PM (UTC+1030),6277535.027,491672.801,18.102,0.109
27/01/2026 01:03:08 PM (UTC+1030),6277534.652,491672.087,18.174,0.109
27/01/2026 01:03:09 PM (UTC+1030),6277534.392,491671.39,18.225,0.109
27/01/2026 01:03:10 PM (UTC+1030),6277534.179,491670.568,18.227,0.107
27/01/2026 01:03:11 PM (UTC+1030),6277533.962,491669.706,18.327,0.109
27/01/2026 01:03:12 PM (UTC+1030),6277533.759,491668.91,18.439,0.109
27/01/2026 01:03:13 PM (UTC+1030),6277533.456,491668.171,18.562,0.111
27/01/2026 01:03:14 PM (UTC+1030),6277533.186,491667.537,18.722,0.108
27/01/2026 01:03:15 PM (UTC+1030),6277532.964,491666.764,18.805,0.11
27/01/2026 01:03:16 PM (UTC+1030),6277532.868,491666.056,18.853,0.11
27/01/2026 01:03:17 PM (UTC+1030),6277532.655,491665.333,18.959,0.11
27/01/2026 01:03:18 PM (UTC+1030),6277532.46,491664.604,19.071,0.11
27/01/2026 01:03:19 PM (UTC+1030),6277532.284,491664.017,19.165,0.116
27/01/2026 01:03:20 PM (UTC+1030),6277532.188,491663.209,19.191,0.111
27/01/2026 01:03:21 PM (UTC+1030),6277532.063,491662.556,19.33,0.112
27/01/2026 01:03:22 PM (UTC+1030),6277531.885,491661.901,19.433,0.109
27/01/2026 01:03:23 PM (UTC+1030),6277531.715,491661.181,19.489,0.109
27/01/2026 01:03:24 PM (UTC+1030),6277531.663,491660.417,19.596,0.107
27/01/2026 01:03:25 PM (UTC+1030),6277531.575,491659.756,19.678,0.107
27/01/2026 01:03:26 PM (UTC+1030),6277531.591,491659.013,19.707,0.106
27/01/2026 01:03:27 PM (UTC+1030),6277531.403,491658.296,19.818,0.106
27/01/2026 01:03:28 PM (UTC+1030),6277531.065,491657.594,19.813,0.106
27/01/2026 01:03:29 PM (UTC+1030),6277530.748,491656.806,19.95,0.107
27/01/2026 01:03:30 PM (UTC+1030),6277530.586,491656.021,20.048,0.107
27/01/2026 01:03:31 PM (UTC+1030),6277530.559,491655.176,20.065,0.106
27/01/2026 01:03:32 PM (UTC+1030),6277530.562,491654.475,20.155,0.106
27/01/2026 01:03:33 PM (UTC+1030),6277530.492,491653.586,20.214,0.106
27/01/2026 01:03:34 PM (UTC+1030),6277530.32,491652.767,20.306,0.106
27/01/2026 01:03:35 PM (UTC+1030),6277530.237,491651.924,20.302,0.106
27/01/2026 01:03:36 PM (UTC+1030),6277530.123,491651.103,20.326,0.106
27/01/2026 01:03:37 PM (UTC+1030),6277530.034,491650.327,20.269,0.106
27/01/2026 01:03:38 PM (UTC+1030),6277529.837,491649.589,20.296,0.107
27/01/2026 01:03:39 PM (UTC+1030),6277529.763,491648.834,20.232,0.106
27/01/2026 01:03:40 PM (UTC+1030),6277529.549,491648.064,20.141,0.103
27/01/2026 01:03:41 PM (UTC+1030),6277529.279,491647.45,20.111,0.105
27/01/2026 01:03:42 PM (UTC+1030),6277529.215,491646.689,19.989,0.106
27/01/2026 01:03:43 PM (UTC+1030),6277529.116,491645.909,19.998,0.106
27/01/2026 01:03:44 PM (UTC+1030),6277529.03,491645.142,19.932,0.106
27/01/2026 01:03:45 PM (UTC+1030),6277528.984,491644.329,19.907,0.106
27/01/2026 01:03:46 PM (UTC+1030),6277528.923,491643.562,19.895,0.104
27/01/2026 01:03:47 PM (UTC+1030),6277528.939,491642.67,19.805,0.104
27/01/2026 01:03:48 PM (UTC+1030),6277528.985,491641.837,19.785,0.102
27/01/2026 01:03:49 PM (UTC+1030),6277528.986,491640.941,19.698,0.102
27/01/2026 01:03:50 PM (UTC+1030),6277528.968,491640.042,19.632,0.1
27/01/2026 01:03:51 PM (UTC+1030),6277528.923,491639.104,19.691,0.102
27/01/2026 01:03:52 PM (UTC+1030),6277528.975,491638.216,19.647,0.1
27/01/2026 01:03:53 PM (UTC+1030),6277528.929,491637.395,19.638,0.099
27/01/2026 01:03:54 PM (UTC+1030),6277528.826,491636.463,19.559,0.1
27/01/2026 01:03:55 PM (UTC+1030),6277528.74,491635.454,19.508,0.102
27/01/2026 01:03:56 PM (UTC+1030),6277528.67,491634.551,19.486,0.102
27/01/2026 01:03:57 PM (UTC+1030),6277528.534,491633.632,19.384,0.102
27/01/2026 01:03:58 PM (UTC+1030),6277528.522,491632.679,19.351,0.103
27/01/2026 01:03:59 PM (UTC+1030),6277528.382,491631.747,19.236,0.103
27/01/2026 01:04:00 PM (UTC+1030),6277528.209,491630.827,19.202,0.101
27/01/2026 01:04:01 PM (UTC+1030),6277527.976,491629.965,19.131,0.103
27/01/2026 01:04:02 PM (UTC+1030),6277527.768,491629.079,19.087,0.103
27/01/2026 01:04:03 PM (UTC+1030),6277527.754,491628.25,18.952,0.103
27/01/2026 01:04:04 PM (UTC+1030),6277527.613,491627.372,18.888,0.104
27/01/2026 01:04:05 PM (UTC+1030),6277527.448,491626.557,18.8,0.104
27/01/2026 01:04:06 PM (UTC+1030),6277527.215,491625.768,18.754,0.102
27/01/2026 01:04:07 PM (UTC+1030),6277527.011,491624.979,18.622,0.102
27/01/2026 01:04:08 PM (UTC+1030),6277526.732,491624.022,18.524,0.102
27/01/2026 01:04:09 PM (UTC+1030),6277526.493,491623.184,18.484,0.104
27/01/2026 01:04:10 PM (UTC+1030),6277526.161,491622.181,18.365,0.104
27/01/2026 01:04:11 PM (UTC+1030),6277525.938,491621.197,18.163,0.105
27/01/2026 01:04:12 PM (UTC+1030),6277525.441,491620.352,18.141,0.103
27/01/2026 01:04:13 PM (UTC+1030),6277525.019,491619.551,18.025,0.103
27/01/2026 01:04:14 PM (UTC+1030),6277524.738,491618.703,17.964,0.103
27/01/2026 01:04:15 PM (UTC+1030),6277524.413,491617.848,17.848,0.103
27/01/2026 01:04:16 PM (UTC+1030),6277523.971,491616.958,17.74,0.108
27/01/2026 01:04:17 PM (UTC+1030),6277523.622,491616.122,17.674,0.108
27/01/2026 01:04:18 PM (UTC+1030),6277523.27,491615.348,17.673,0.108
27/01/2026 01:04:19 PM (UTC+1030),6277523.021,491614.719,17.643,0.108
27/01/2026 01:04:20 PM (UTC+1030),6277522.572,491614.067,17.526,0.103
27/01/2026 01:04:21 PM (UTC+1030),6277522.235,491613.281,17.465,0.105
27/01/2026 01:04:22 PM (UTC+1030),6277522.096,491612.529,17.388,0.105
27/01/2026 01:04:23 PM (UTC+1030),6277521.87,491611.682,17.234,0.106
27/01/2026 01:04:24 PM (UTC+1030),6277521.619,491610.878,17.219,0.105
27/01/2026 01:04:25 PM (UTC+1030),6277521.41,491610.186,17.102,0.106
27/01/2026 01:04:26 PM (UTC+1030),6277521.166,491609.487,17.08,0.107
27/01/2026 01:04:27 PM (UTC+1030),6277520.967,491608.872,17.057,0.107
27/01/2026 01:04:28 PM (UTC+1030),6277520.728,491608.424,16.989,0.107
27/01/2026 01:04:29 PM (UTC+1030),6277520.481,491608.028,16.902,0.104
27/01/2026 01:04:30 PM (UTC+1030),6277520.09,491607.73,16.862,0.104
27/01/2026 01:04:31 PM (UTC+1030),6277520.121,491607.61,16.827,0.106
27/01/2026 01:04:32 PM (UTC+1030),6277520.081,491607.588,16.824,0.106
27/01/2026 01:04:33 PM (UTC+1030),6277519.89,491607.235,16.767,0.104
27/01/2026 01:04:34 PM (UTC+1030),6277519.261,491606.812,16.701,0.104
27/01/2026 01:04:35 PM (UTC+1030),6277518.527,491606.499,16.664,0.105
27/01/2026 01:04:36 PM (UTC+1030),6277518.104,491605.965,16.54,0.106
27/01/2026 01:04:37 PM (UTC+1030),6277517.695,491605.34,16.511,0.106
27/01/2026 01:04:38 PM (UTC+1030),6277517.067,491605.072,16.486,0.075
27/01/2026 01:04:39 PM (UTC+1030),6277516.73,491604.646,16.396,0.075
27/01/2026 01:04:40 PM (UTC+1030),6277516.141,491604.266,16.308,0.095
27/01/2026 01:04:41 PM (UTC+1030),6277515.962,491603.716,16.227,0.099
27/01/2026 01:04:42 PM (UTC+1030),6277515.823,491603.216,16.191,0.099
27/01/2026 01:04:43 PM (UTC+1030),6277515.51,491602.965,16.153,0.1
27/01/2026 01:04:44 PM (UTC+1030),6277515.421,491602.865,16.17,0.1
27/01/2026 01:04:45 PM (UTC+1030),6277515.291,491602.786,16.168,0.1
27/01/2026 01:04:46 PM (UTC+1030),6277515.575,491602.771,16.153,0.102
27/01/2026 01:04:47 PM (UTC+1030),6277515.752,491602.69,16.201,0.102
27/01/2026 01:04:48 PM (UTC+1030),6277515.828,491602.992,16.182,0.1
27/01/2026 01:04:49 PM (UTC+1030),6277515.836,491602.982,16.18,0.096
27/01/2026 01:04:50 PM (UTC+1030),6277515.757,491603.089,16.183,0.095
27/01/2026 01:04:51 PM (UTC+1030),6277515.775,491602.988,16.187,0.099
27/01/2026 01:04:52 PM (UTC+1030),6277515.785,491602.857,16.189,0.099
27/01/2026 01:04:53 PM (UTC+1030),6277515.787,491602.89,16.203,0.098
27/01/2026 01:04:54 PM (UTC+1030),6277515.758,491602.82,16.205,0.097
27/01/2026 01:04:55 PM (UTC+1030),6277515.704,491602.743,16.197,0.097
27/01/2026 01:04:56 PM (UTC+1030),6277515.77,491602.79,16.183,0.098
27/01/2026 01:04:57 PM (UTC+1030),6277515.73,491602.829,16.191,0.098
27/01/2026 01:04:58 PM (UTC+1030),6277515.636,491602.991,16.219,0.098
27/01/2026 01:04:59 PM (UTC+1030),6277515.227,491602.99,16.131,0.073
27/01/2026 01:05:00 PM (UTC+1030),6277514.683,491603.024,16.134,0.073
27/01/2026 01:05:01 PM (UTC+1030),6277514.037,491603.205,16.064,0.075
27/01/2026 01:05:02 PM (UTC+1030),6277513.299,491603.289,16.006,0.075
27/01/2026 01:05:03 PM (UTC+1030),6277512.558,491603.212,15.978,0.092
27/01/2026 01:05:04 PM (UTC+1030),6277511.799,491603.253,15.921,0.092
27/01/2026 01:05:05 PM (UTC+1030),6277511.098,491603.258,15.834,0.098
27/01/2026 01:05:06 PM (UTC+1030),6277510.236,491603.108,15.801,0.099
27/01/2026 01:05:07 PM (UTC+1030),6277509.391,491603.303,15.729,0.099
27/01/2026 01:05:08 PM (UTC+1030),6277508.445,491603.523,15.697,0.099
27/01/2026 01:05:09 PM (UTC+1030),6277507.653,491603.567,15.682,0.099
27/01/2026 01:05:10 PM (UTC+1030),6277506.76,491603.751,15.573,0.098
27/01/2026 01:05:11 PM (UTC+1030),6277505.878,491603.813,15.53,0.099
27/01/2026 01:05:12 PM (UTC+1030),6277505.076,491603.786,15.473,0.099
27/01/2026 01:05:13 PM (UTC+1030),6277504.25,491603.9,15.412,0.099
27/01/2026 01:05:14 PM (UTC+1030),6277503.408,491604.039,15.384,0.101
27/01/2026 01:05:15 PM (UTC+1030),6277502.577,491604.037,15.292,0.099
27/01/2026 01:05:16 PM (UTC+1030),6277501.857,491603.88,15.267,0.101
27/01/2026 01:05:17 PM (UTC+1030),6277501.11,491603.758,15.183,0.101
27/01/2026 01:05:18 PM (UTC+1030),6277500.514,491603.592,15.161,0.101
27/01/2026 01:05:19 PM (UTC+1030),6277500.399,491603.521,15.19,0.101
27/01/2026 01:05:20 PM (UTC+1030),6277500.533,491603.563,15.192,0.101
27/01/2026 01:05:21 PM (UTC+1030),6277500.447,491603.464,15.19,0.103
27/01/2026 01:05:22 PM (UTC+1030),6277500.481,491603.325,15.168,0.101
27/01/2026 01:05:23 PM (UTC+1030),6277500.459,491603.722,15.187,0.101
27/01/2026 01:05:24 PM (UTC+1030),6277500.062,491603.809,15.135,0.106
27/01/2026 01:05:25 PM (UTC+1030),6277500.103,491603.791,15.13,0.106
27/01/2026 01:05:26 PM (UTC+1030),6277500.086,491603.834,15.119,0.106
27/01/2026 01:05:27 PM (UTC+1030),6277500.432,491603.515,15.128,0.104
27/01/2026 01:05:28 PM (UTC+1030),6277500.404,491603.32,15.104,0.109
27/01/2026 01:05:29 PM (UTC+1030),6277500.12,491603.504,15.146,0.111
27/01/2026 01:05:30 PM (UTC+1030),6277500.211,491603.558,15.149,0.101
27/01/2026 01:05:31 PM (UTC+1030),6277500.209,491603.529,15.142,0.103
27/01/2026 01:05:32 PM (UTC+1030),6277499.956,491603.656,15.123,0.08
27/01/2026 01:05:33 PM (UTC+1030),6277499.794,491603.595,15.131,0.08
27/01/2026 01:05:34 PM (UTC+1030),6277499.882,491603.636,15.138,0.099
27/01/2026 01:05:35 PM (UTC+1030),6277499.843,491603.652,15.138,0.098
27/01/2026 01:05:36 PM (UTC+1030),6277499.738,491603.429,15.109,0.099
27/01/2026 01:05:37 PM (UTC+1030),6277499.712,491603.435,15.1,0.101
27/01/2026 01:05:38 PM (UTC+1030),6277499.85,491603.333,15.078,0.103
27/01/2026 01:05:39 PM (UTC+1030),6277499.824,491603.304,15.072,0.103
27/01/2026 01:05:40 PM (UTC+1030),6277499.876,491603.251,15.081,0.08
27/01/2026 01:05:41 PM (UTC+1030),6277499.94,491603.238,15.075,0.081
27/01/2026 01:05:42 PM (UTC+1030),6277500.038,491603.235,15.028,0.1
27/01/2026 01:05:43 PM (UTC+1030),6277500.211,491603.37,14.94,0.099
27/01/2026 01:05:44 PM (UTC+1030),6277500.024,491603.483,14.913,0.105
27/01/2026 01:05:45 PM (UTC+1030),6277499.801,491602.878,15.027,0.108
27/01/2026 01:05:46 PM (UTC+1030),6277499.786,491602.668,14.978,0.089
27/01/2026 01:05:47 PM (UTC+1030),6277499.958,491602.463,14.901,0.091
27/01/2026 01:05:48 PM (UTC+1030),6277499.913,491602.613,14.959,0.094
27/01/2026 01:05:49 PM (UTC+1030),6277499.839,491602.329,15.083,0.096
27/01/2026 01:05:50 PM (UTC+1030),6277499.607,491602.406,15.06,0.129
27/01/2026 01:05:51 PM (UTC+1030),6277499.562,491602.427,15.062,0.13
27/01/2026 01:05:52 PM (UTC+1030),6277499.89,491602.213,15.016,0.132
27/01/2026 01:05:53 PM (UTC+1030),6277499.58,491601.99,15.022,0.132
27/01/2026 01:05:54 PM (UTC+1030),6277499.964,491601.753,15.011,0.144
27/01/2026 01:05:55 PM (UTC+1030),6277499.957,491601.476,15.046,0.144
27/01/2026 01:05:56 PM (UTC+1030),6277500.044,491601.658,15.027,0.125
27/01/2026 01:05:57 PM (UTC+1030),6277500.08,491601.985,15.05,0.125
27/01/2026 01:05:58 PM (UTC+1030),6277500.256,491602.394,15.125,0.119
27/01/2026 01:05:59 PM (UTC+1030),6277500.042,491602.533,15.081,0.119
27/01/2026 01:06:00 PM (UTC+1030),6277499.989,491602.596,15.031,0.114
27/01/2026 01:06:01 PM (UTC+1030),6277499.971,491602.64,15.007,0.114
27/01/2026 01:06:02 PM (UTC+1030),6277499.99,491602.616,14.994,0.114
27/01/2026 01:06:03 PM (UTC+1030),6277499.971,491602.608,14.997,0.114
27/01/2026 01:06:04 PM (UTC+1030),6277499.956,491602.595,14.989,0.111
27/01/2026 01:06:05 PM (UTC+1030),6277499.951,491602.609,14.99,0.088
27/01/2026 01:06:06 PM (UTC+1030),6277499.962,491602.59,15,0.089
27/01/2026 01:06:07 PM (UTC+1030),6277499.947,491602.586,15.001,0.089
27/01/2026 01:06:08 PM (UTC+1030),6277500.28,491602.645,15.092,0.089
27/01/2026 01:06:09 PM (UTC+1030),6277500.577,491602.185,15.105,0.089
27/01/2026 01:06:10 PM (UTC+1030),6277500.795,491602.378,15.118,0.091
27/01/2026 01:06:11 PM (UTC+1030),6277500.757,491602.041,15.103,0.093
27/01/2026 01:06:12 PM (UTC+1030),6277500.373,491601.851,15.06,0.093
27/01/2026 01:06:13 PM (UTC+1030),6277500.178,491601.736,15.053,0.093
27/01/2026 01:06:14 PM (UTC+1030),6277499.975,491601.89,15.07,0.108
27/01/2026 01:06:15 PM (UTC+1030),6277500.141,491601.902,15.075,0.11
27/01/2026 01:06:16 PM (UTC+1030),6277500.272,491601.901,15.061,0.112
27/01/2026 01:06:17 PM (UTC+1030),6277500.224,491601.82,15.053,0.112
27/01/2026 01:06:18 PM (UTC+1030),6277500.185,491601.839,15.064,0.11
27/01/2026 01:06:19 PM (UTC+1030),6277500.214,491601.841,15.068,0.11
27/01/2026 01:06:20 PM (UTC+1030),6277500.202,491601.89,15.062,0.111
27/01/2026 01:06:21 PM (UTC+1030),6277500.28,491602.075,15.091,0.111
27/01/2026 01:06:22 PM (UTC+1030),6277500.455,491602.027,15.097,0.111
27/01/2026 01:06:23 PM (UTC+1030),6277500.437,491602.005,15.081,0.111
27/01/2026 01:06:24 PM (UTC+1030),6277500.373,491601.946,15.092,0.093
27/01/2026 01:06:25 PM (UTC+1030),6277500.441,491601.885,15.079,0.092
27/01/2026 01:06:26 PM (UTC+1030),6277500.481,491601.983,15.064,0.093
27/01/2026 01:06:27 PM (UTC+1030),6277500.476,491602.037,15.071,0.093
27/01/2026 01:06:28 PM (UTC+1030),6277500.489,491602.051,15.078,0.106
27/01/2026 01:06:29 PM (UTC+1030),6277500.498,491602.052,15.08,0.106
27/01/2026 01:06:30 PM (UTC+1030),6277500.484,491602.053,15.083,0.092
27/01/2026 01:06:31 PM (UTC+1030),6277500.484,491602.042,15.083,0.093
27/01/2026 01:06:32 PM (UTC+1030),6277500.467,491602.045,15.087,0.106
27/01/2026 01:06:33 PM (UTC+1030),6277500.477,491602.048,15.088,0.106
27/01/2026 01:06:34 PM (UTC+1030),6277500.466,491602.075,15.1,0.093
27/01/2026 01:06:35 PM (UTC+1030),6277500.522,491601.966,15.106,0.093
27/01/2026 01:06:36 PM (UTC+1030),6277500.314,491602.242,15.133,0.095
27/01/2026 01:06:37 PM (UTC+1030),6277500.454,491602.159,15.14,0.095
27/01/2026 01:06:38 PM (UTC+1030),6277500.79,491601.868,15.109,0.097
27/01/2026 01:06:39 PM (UTC+1030),6277500.717,491601.556,15.1,0.097
27/01/2026 01:06:40 PM (UTC+1030),6277501.027,491601.478,15.077,0.099
27/01/2026 01:06:41 PM (UTC+1030),6277501.083,491601.443,15.064,0.1
27/01/2026 01:06:42 PM (UTC+1030),6277500.956,491601.448,15.054,0.113
27/01/2026 01:06:43 PM (UTC+1030),6277500.947,491601.459,15.049,0.113
27/01/2026 01:06:44 PM (UTC+1030),6277500.879,491601.338,15.078,0.118
27/01/2026 01:06:45 PM (UTC+1030),6277500.813,491601.089,15.057,0.118
27/01/2026 01:06:46 PM (UTC+1030),6277500.919,491600.38,15.057,0.118
27/01/2026 01:06:47 PM (UTC+1030),6277501.309,491599.516,15.033,0.118
27/01/2026 01:06:48 PM (UTC+1030),6277501.584,491598.622,15.001,0.117
27/01/2026 01:06:49 PM (UTC+1030),6277501.696,491598.099,15.004,0.117
27/01/2026 01:06:50 PM (UTC+1030),6277501.739,491597.999,14.996,0.115
27/01/2026 01:06:51 PM (UTC+1030),6277501.74,491598.031,14.997,0.117
27/01/2026 01:06:52 PM (UTC+1030),6277501.771,491598.037,14.994,0.117
27/01/2026 01:06:53 PM (UTC+1030),6277501.76,491598.049,14.992,0.117
27/01/2026 01:06:54 PM (UTC+1030),6277501.492,491597.456,14.922,0.115
27/01/2026 01:06:55 PM (UTC+1030),6277501.561,491596.476,14.925,0.117
27/01/2026 01:06:56 PM (UTC+1030),6277501.762,491595.378,14.855,0.111
27/01/2026 01:06:57 PM (UTC+1030),6277502.096,491594.321,14.881,0.111
27/01/2026 01:06:58 PM (UTC+1030),6277502.25,491593.238,14.817,0.092
27/01/2026 01:06:59 PM (UTC+1030),6277502.231,491592.27,14.794,0.093
27/01/2026 01:07:00 PM (UTC+1030),6277502.274,491591.581,14.72,0.106
27/01/2026 01:07:01 PM (UTC+1030),6277502.61,491590.887,14.702,0.111
27/01/2026 01:07:02 PM (UTC+1030),6277502.843,491590.038,14.651,0.111
27/01/2026 01:07:03 PM (UTC+1030),6277502.779,491589.191,14.632,0.113
27/01/2026 01:07:04 PM (UTC+1030),6277502.695,491588.819,14.644,0.118
27/01/2026 01:07:05 PM (UTC+1030),6277502.816,491588.206,14.615,0.118
27/01/2026 01:07:06 PM (UTC+1030),6277502.512,491587.793,14.629,0.118
27/01/2026 01:07:07 PM (UTC+1030),6277502.611,491587.436,14.607,0.118
27/01/2026 01:07:08 PM (UTC+1030),6277502.471,491587.462,14.625,0.118
27/01/2026 01:07:09 PM (UTC+1030),6277502.364,491587.633,14.611,0.118
27/01/2026 01:07:10 PM (UTC+1030),6277502.469,491587.737,14.582,0.114
27/01/2026 01:07:11 PM (UTC+1030),6277502.429,491587.782,14.583,0.114
27/01/2026 01:07:12 PM (UTC+1030),6277502.43,491587.775,14.572,0.114
27/01/2026 01:07:13 PM (UTC+1030),6277502.403,491587.76,14.585,0.114
27/01/2026 01:07:14 PM (UTC+1030),6277502.439,491587.746,14.592,0.112
27/01/2026 01:07:15 PM (UTC+1030),6277502.454,491587.74,14.598,0.112
27/01/2026 01:07:16 PM (UTC+1030),6277502.445,491587.742,14.597,0.112
27/01/2026 01:07:17 PM (UTC+1030),6277502.431,491587.751,14.597,0.091
27/01/2026 01:07:18 PM (UTC+1030),6277502.454,491587.757,14.591,0.091
27/01/2026 01:07:19 PM (UTC+1030),6277502.448,491587.761,14.587,0.089
27/01/2026 01:07:20 PM (UTC+1030),6277502.417,491587.751,14.589,0.089
27/01/2026 01:07:21 PM (UTC+1030),6277502.406,491587.657,14.586,0.092
27/01/2026 01:07:22 PM (UTC+1030),6277502.353,491587.356,14.585,0.092
27/01/2026 01:07:23 PM (UTC+1030),6277502.224,491586.908,14.577,0.092
27/01/2026 01:07:24 PM (UTC+1030),6277502.266,491586.369,14.559,0.093
27/01/2026 01:07:25 PM (UTC+1030),6277502.459,491585.735,14.542,0.095
27/01/2026 01:07:26 PM (UTC+1030),6277502.618,491584.933,14.531,0.097
27/01/2026 01:07:27 PM (UTC+1030),6277502.602,491584.142,14.576,0.11
27/01/2026 01:07:28 PM (UTC+1030),6277502.503,491583.314,14.522,0.111
27/01/2026 01:07:29 PM (UTC+1030),6277502.664,491582.565,14.507,0.114
27/01/2026 01:07:30 PM (UTC+1030),6277502.773,491581.753,14.508,0.114
27/01/2026 01:07:31 PM (UTC+1030),6277502.702,491580.97,14.482,0.116
27/01/2026 01:07:32 PM (UTC+1030),6277502.715,491580.231,14.489,0.123
27/01/2026 01:07:33 PM (UTC+1030),6277502.763,491579.434,14.466,0.123
27/01/2026 01:07:34 PM (UTC+1030),6277502.681,491578.684,14.484,0.123
27/01/2026 01:07:35 PM (UTC+1030),6277502.465,491577.89,14.457,0.123
27/01/2026 01:07:36 PM (UTC+1030),6277502.408,491577.038,14.422,0.126
27/01/2026 01:07:37 PM (UTC+1030),6277502.502,491576.251,14.422,0.127
27/01/2026 01:07:38 PM (UTC+1030),6277502.532,491575.423,14.356,0.12
27/01/2026 01:07:39 PM (UTC+1030),6277502.421,491574.551,14.395,0.12
27/01/2026 01:07:40 PM (UTC+1030),6277502.371,491573.677,14.327,0.119
27/01/2026 01:07:41 PM (UTC+1030),6277502.302,491572.817,14.335,0.12
27/01/2026 01:07:42 PM (UTC+1030),6277502.159,491571.995,14.312,0.118
27/01/2026 01:07:43 PM (UTC+1030),6277501.947,491571.117,14.334,0.118
27/01/2026 01:07:44 PM (UTC+1030),6277501.959,491570.286,14.275,0.118
27/01/2026 01:07:45 PM (UTC+1030),6277501.934,491569.454,14.279,0.117
27/01/2026 01:07:46 PM (UTC+1030),6277501.801,491568.581,14.2,0.115
27/01/2026 01:07:47 PM (UTC+1030),6277501.597,491567.701,14.223,0.117
27/01/2026 01:07:48 PM (UTC+1030),6277501.404,491566.844,14.14,0.115
27/01/2026 01:07:49 PM (UTC+1030),6277501.379,491566.041,14.143,0.114
27/01/2026 01:07:50 PM (UTC+1030),6277501.13,491565.195,14.123,0.113
27/01/2026 01:07:51 PM (UTC+1030),6277500.87,491564.409,14.177,0.114
27/01/2026 01:07:52 PM (UTC+1030),6277500.817,491563.543,14.129,0.112
27/01/2026 01:07:53 PM (UTC+1030),6277500.72,491562.722,14.15,0.112
27/01/2026 01:07:54 PM (UTC+1030),6277500.486,491561.839,14.122,0.112
27/01/2026 01:07:55 PM (UTC+1030),6277500.294,491561.017,14.151,0.112
27/01/2026 01:07:56 PM (UTC+1030),6277500.25,491560.174,14.108,0.112
27/01/2026 01:07:57 PM (UTC+1030),6277500.177,491559.327,14.125,0.114
27/01/2026 01:07:58 PM (UTC+1030),6277499.908,491558.489,14.06,0.114
27/01/2026 01:07:59 PM (UTC+1030),6277499.686,491557.685,14.105,0.114
27/01/2026 01:08:00 PM (UTC+1030),6277499.718,491556.85,14.031,0.112
27/01/2026 01:08:01 PM (UTC+1030),6277499.685,491555.993,14.06,0.113
27/01/2026 01:08:02 PM (UTC+1030),6277499.439,491555.298,14.009,0.112
27/01/2026 01:08:03 PM (UTC+1030),6277499.098,491554.57,14.032,0.112
27/01/2026 01:08:04 PM (UTC+1030),6277499.031,491553.753,13.951,0.111
27/01/2026 01:08:05 PM (UTC+1030),6277498.822,491552.91,13.968,0.109
27/01/2026 01:08:06 PM (UTC+1030),6277498.417,491552.067,13.906,0.111
27/01/2026 01:08:07 PM (UTC+1030),6277498.032,491551.304,13.9,0.111
27/01/2026 01:08:08 PM (UTC+1030),6277497.772,491550.516,13.829,0.111
27/01/2026 01:08:09 PM (UTC+1030),6277497.612,491549.797,13.83,0.111
27/01/2026 01:08:10 PM (UTC+1030),6277497.216,491549.108,13.816,0.109
27/01/2026 01:08:11 PM (UTC+1030),6277497.052,491548.189,13.759,0.111
27/01/2026 01:08:12 PM (UTC+1030),6277496.96,491547.247,13.727,0.109
27/01/2026 01:08:13 PM (UTC+1030),6277496.681,491546.43,13.68,0.109
27/01/2026 01:08:14 PM (UTC+1030),6277496.238,491545.706,13.694,0.109
27/01/2026 01:08:15 PM (UTC+1030),6277495.887,491544.954,13.621,0.109
27/01/2026 01:08:16 PM (UTC+1030),6277495.502,491544.105,13.574,0.108
27/01/2026 01:08:17 PM (UTC+1030),6277495.013,491543.308,13.497,0.108
27/01/2026 01:08:18 PM (UTC+1030),6277494.438,491542.443,13.505,0.109
27/01/2026 01:08:19 PM (UTC+1030),6277493.958,491541.563,13.499,0.105
27/01/2026 01:08:20 PM (UTC+1030),6277493.532,491540.724,13.442,0.105
27/01/2026 01:08:21 PM (UTC+1030),6277493.096,491539.91,13.481,0.106
27/01/2026 01:08:22 PM (UTC+1030),6277492.651,491539.21,13.463,0.107
27/01/2026 01:08:23 PM (UTC+1030),6277492.079,491538.627,13.492,0.109
27/01/2026 01:08:24 PM (UTC+1030),6277491.676,491537.795,13.441,0.11
27/01/2026 01:08:25 PM (UTC+1030),6277491.202,491537.061,13.496,0.106
27/01/2026 01:08:26 PM (UTC+1030),6277490.72,491536.3,13.475,0.107
27/01/2026 01:08:27 PM (UTC+1030),6277490.391,491535.485,13.531,0.107
27/01/2026 01:08:28 PM (UTC+1030),6277490.112,491534.534,13.488,0.106
27/01/2026 01:08:29 PM (UTC+1030),6277489.757,491533.752,13.522,0.109
27/01/2026 01:08:30 PM (UTC+1030),6277489.203,491533.058,13.524,0.107
27/01/2026 01:08:31 PM (UTC+1030),6277488.69,491532.388,13.554,0.108
27/01/2026 01:08:32 PM (UTC+1030),6277488.44,491531.65,13.545,0.106
27/01/2026 01:08:33 PM (UTC+1030),6277488.081,491530.818,13.497,0.106
27/01/2026 01:08:34 PM (UTC+1030),6277487.608,491530.12,13.551,0.106
27/01/2026 01:08:35 PM (UTC+1030),6277487.35,491529.322,13.488,0.106
27/01/2026 01:08:36 PM (UTC+1030),6277486.982,491528.637,13.498,0.106
27/01/2026 01:08:37 PM (UTC+1030),6277486.595,491527.917,13.538,0.107
27/01/2026 01:08:38 PM (UTC+1030),6277486.389,491527.111,13.464,0.107
27/01/2026 01:08:39 PM (UTC+1030),6277486.319,491526.406,13.502,0.107
27/01/2026 01:08:40 PM (UTC+1030),6277486.048,491525.719,13.507,0.107
27/01/2026 01:08:41 PM (UTC+1030),6277485.87,491525.033,13.426,0.107
27/01/2026 01:08:42 PM (UTC+1030),6277485.829,491524.287,13.406,0.109
27/01/2026 01:08:43 PM (UTC+1030),6277485.549,491523.57,13.355,0.109
27/01/2026 01:08:44 PM (UTC+1030),6277485.449,491522.923,13.326,0.107
27/01/2026 01:08:45 PM (UTC+1030),6277485.506,491522.316,13.333,0.104
27/01/2026 01:08:46 PM (UTC+1030),6277485.19,491521.648,13.298,0.106
27/01/2026 01:08:47 PM (UTC+1030),6277485.257,491520.95,13.271,0.104
27/01/2026 01:08:48 PM (UTC+1030),6277485.687,491520.35,13.289,0.104
27/01/2026 01:08:49 PM (UTC+1030),6277485.85,491519.751,13.263,0.102
27/01/2026 01:08:50 PM (UTC+1030),6277486.06,491519.136,13.174,0.102
27/01/2026 01:08:51 PM (UTC+1030),6277485.794,491518.476,13.157,0.102
27/01/2026 01:08:52 PM (UTC+1030),6277485.451,491517.95,13.087,0.102
27/01/2026 01:08:53 PM (UTC+1030),6277485.246,491517.189,13.043,0.099
27/01/2026 01:08:54 PM (UTC+1030),6277485.015,491516.505,13.023,0.099
27/01/2026 01:08:55 PM (UTC+1030),6277484.437,491515.908,12.94,0.099
27/01/2026 01:08:56 PM (UTC+1030),6277483.928,491515.267,12.936,0.101
27/01/2026 01:08:57 PM (UTC+1030),6277483.703,491514.568,12.836,0.104
27/01/2026 01:08:58 PM (UTC+1030),6277483.505,491513.781,12.804,0.104
27/01/2026 01:08:59 PM (UTC+1030),6277483.256,491513.059,12.779,0.1
27/01/2026 01:09:00 PM (UTC+1030),6277483.059,491512.305,12.748,0.102
27/01/2026 01:09:01 PM (UTC+1030),6277482.745,491511.651,12.642,0.104
27/01/2026 01:09:02 PM (UTC+1030),6277482.336,491510.876,12.617,0.104
27/01/2026 01:09:03 PM (UTC+1030),6277482.146,491510.155,12.543,0.104
27/01/2026 01:09:04 PM (UTC+1030),6277481.879,491509.419,12.524,0.102
27/01/2026 01:09:05 PM (UTC+1030),6277481.475,491508.872,12.504,0.104
27/01/2026 01:09:06 PM (UTC+1030),6277481.157,491508.114,12.392,0.102
27/01/2026 01:09:07 PM (UTC+1030),6277481.012,491507.332,12.375,0.102
27/01/2026 01:09:08 PM (UTC+1030),6277480.768,491506.585,12.364,0.102
27/01/2026 01:09:09 PM (UTC+1030),6277480.524,491505.961,12.352,0.102
27/01/2026 01:09:10 PM (UTC+1030),6277480.361,491505.321,12.317,0.101
27/01/2026 01:09:11 PM (UTC+1030),6277480.251,491504.763,12.227,0.103
27/01/2026 01:09:12 PM (UTC+1030),6277480.028,491504.114,12.234,0.102
27/01/2026 01:09:13 PM (UTC+1030),6277479.82,491503.47,12.135,0.101
27/01/2026 01:09:14 PM (UTC+1030),6277479.554,491502.771,12.086,0.1
27/01/2026 01:09:15 PM (UTC+1030),6277479.139,491502.144,12.068,0.102
27/01/2026 01:09:16 PM (UTC+1030),6277479.017,491501.473,11.994,0.101
27/01/2026 01:09:17 PM (UTC+1030),6277478.909,491500.745,11.971,0.101
27/01/2026 01:09:18 PM (UTC+1030),6277478.673,491499.986,11.971,0.101
27/01/2026 01:09:19 PM (UTC+1030),6277478.779,491499.246,11.874,0.101
27/01/2026 01:09:20 PM (UTC+1030),6277478.994,491498.46,11.886,0.102
27/01/2026 01:09:21 PM (UTC+1030),6277478.764,491497.724,11.858,0.104
27/01/2026 01:09:22 PM (UTC+1030),6277478.773,491496.853,11.792,0.103
27/01/2026 01:09:23 PM (UTC+1030),6277478.826,491496.01,11.777,0.103
27/01/2026 01:09:24 PM (UTC+1030),6277478.867,491495.019,11.696,0.102
27/01/2026 01:09:25 PM (UTC+1030),6277479.016,491493.989,11.679,0.102
27/01/2026 01:09:26 PM (UTC+1030),6277479.096,491493.214,11.649,0.099
27/01/2026 01:09:27 PM (UTC+1030),6277479.178,491492.341,11.617,0.101
27/01/2026 01:09:28 PM (UTC+1030),6277479.126,491491.523,11.603,0.101
27/01/2026 01:09:29 PM (UTC+1030),6277479.211,491490.75,11.533,0.102
27/01/2026 01:09:30 PM (UTC+1030),6277479.36,491489.938,11.523,0.099
27/01/2026 01:09:31 PM (UTC+1030),6277479.084,491489.071,11.516,0.099
27/01/2026 01:09:32 PM (UTC+1030),6277479.057,491488.296,11.492,0.101
27/01/2026 01:09:33 PM (UTC+1030),6277479.083,491487.509,11.399,0.101
27/01/2026 01:09:34 PM (UTC+1030),6277479.168,491486.576,11.398,0.099
27/01/2026 01:09:35 PM (UTC+1030),6277479.209,491485.582,11.27,0.099
27/01/2026 01:09:36 PM (UTC+1030),6277479.103,491484.616,11.271,0.099
27/01/2026 01:09:37 PM (UTC+1030),6277479.021,491483.611,11.156,0.099
27/01/2026 01:09:38 PM (UTC+1030),6277479.03,491482.645,11.148,0.099
27/01/2026 01:09:39 PM (UTC+1030),6277479.08,491481.813,11.09,0.096
27/01/2026 01:09:40 PM (UTC+1030),6277479.016,491480.914,11.061,0.096
27/01/2026 01:09:41 PM (UTC+1030),6277478.954,491480.009,10.972,0.098
27/01/2026 01:09:42 PM (UTC+1030),6277478.976,491479.155,10.936,0.098
27/01/2026 01:09:43 PM (UTC+1030),6277478.95,491478.24,10.865,0.098
27/01/2026 01:09:44 PM (UTC+1030),6277478.749,491477.417,10.847,0.099
27/01/2026 01:09:45 PM (UTC+1030),6277478.543,491476.641,10.823,0.099
27/01/2026 01:09:46 PM (UTC+1030),6277478.544,491475.828,10.77,0.099
27/01/2026 01:09:47 PM (UTC+1030),6277478.59,491474.993,10.694,0.099
27/01/2026 01:09:48 PM (UTC+1030),6277478.519,491474.043,10.643,0.098
27/01/2026 01:09:49 PM (UTC+1030),6277478.52,491473.176,10.629,0.098
27/01/2026 01:09:50 PM (UTC+1030),6277478.459,491472.264,10.58,0.102
27/01/2026 01:09:51 PM (UTC+1030),6277478.229,491471.411,10.517,0.104
27/01/2026 01:09:52 PM (UTC+1030),6277477.956,491470.552,10.518,0.102
27/01/2026 01:09:53 PM (UTC+1030),6277477.905,491469.68,10.499,0.104
27/01/2026 01:09:54 PM (UTC+1030),6277477.948,491468.794,10.449,0.104
27/01/2026 01:09:55 PM (UTC+1030),6277477.926,491468.004,10.414,0.106
27/01/2026 01:09:56 PM (UTC+1030),6277477.714,491467.128,10.407,0.105
27/01/2026 01:09:57 PM (UTC+1030),6277477.762,491466.323,10.379,0.105
27/01/2026 01:09:58 PM (UTC+1030),6277477.867,491465.46,10.358,0.105
27/01/2026 01:09:59 PM (UTC+1030),6277477.834,491464.565,10.327,0.105
27/01/2026 01:10:00 PM (UTC+1030),6277477.886,491463.735,10.319,0.105
27/01/2026 01:10:01 PM (UTC+1030),6277477.978,491462.868,10.32,0.106
27/01/2026 01:10:02 PM (UTC+1030),6277477.854,491462.029,10.243,0.106
27/01/2026 01:10:03 PM (UTC+1030),6277477.727,491461.096,10.271,0.106
27/01/2026 01:10:04 PM (UTC+1030),6277477.66,491460.292,10.211,0.106
27/01/2026 01:10:05 PM (UTC+1030),6277477.737,491459.434,10.14,0.105
27/01/2026 01:10:06 PM (UTC+1030),6277477.665,491458.481,10.06,0.105
27/01/2026 01:10:07 PM (UTC+1030),6277477.572,491457.671,10.028,0.105
27/01/2026 01:10:08 PM (UTC+1030),6277477.568,491456.93,9.914,0.103
27/01/2026 01:10:09 PM (UTC+1030),6277477.609,491456.098,9.927,0.103
27/01/2026 01:10:10 PM (UTC+1030),6277477.389,491455.334,9.863,0.103
27/01/2026 01:10:11 PM (UTC+1030),6277477.202,491454.495,9.839,0.105
27/01/2026 01:10:12 PM (UTC+1030),6277477.261,491453.735,9.754,0.1
27/01/2026 01:10:13 PM (UTC+1030),6277477.154,491452.907,9.685,0.1
27/01/2026 01:10:14 PM (UTC+1030),6277477.127,491451.918,9.679,0.103
27/01/2026 01:10:15 PM (UTC+1030),6277477.354,491451.041,9.542,0.103
27/01/2026 01:10:16 PM (UTC+1030),6277477.669,491450.11,9.539,0.105
27/01/2026 01:10:17 PM (UTC+1030),6277477.893,491449.241,9.406,0.105
27/01/2026 01:10:18 PM (UTC+1030),6277478.005,491448.361,9.4,0.105
27/01/2026 01:10:19 PM (UTC+1030),6277478.269,491447.653,9.321,0.106
27/01/2026 01:10:20 PM (UTC+1030),6277478.424,491446.759,9.256,0.106
27/01/2026 01:10:21 PM (UTC+1030),6277478.437,491445.856,9.229,0.108
27/01/2026 01:10:22 PM (UTC+1030),6277478.569,491445.013,9.143,0.106
27/01/2026 01:10:23 PM (UTC+1030),6277478.808,491444.095,9.123,0.106
27/01/2026 01:10:24 PM (UTC+1030),6277478.884,491443.141,9.06,0.107
27/01/2026 01:10:25 PM (UTC+1030),6277478.845,491442.194,9.09,0.107
27/01/2026 01:10:26 PM (UTC+1030),6277479.016,491441.325,8.994,0.109
27/01/2026 01:10:27 PM (UTC+1030),6277479.213,491440.375,8.994,0.106
27/01/2026 01:10:28 PM (UTC+1030),6277479.329,491439.365,8.919,0.107
27/01/2026 01:10:29 PM (UTC+1030),6277479.413,491438.385,8.941,0.107
27/01/2026 01:10:30 PM (UTC+1030),6277479.614,491437.442,8.86,0.106
27/01/2026 01:10:31 PM (UTC+1030),6277479.647,491436.425,8.856,0.106
27/01/2026 01:10:32 PM (UTC+1030),6277479.687,491435.449,8.849,0.107
27/01/2026 01:10:33 PM (UTC+1030),6277479.849,491434.596,8.81,0.107
27/01/2026 01:10:34 PM (UTC+1030),6277479.999,491433.654,8.771,0.106
27/01/2026 01:10:35 PM (UTC+1030),6277480.252,491432.847,8.74,0.106
27/01/2026 01:10:36 PM (UTC+1030),6277480.374,491431.963,8.704,0.107
27/01/2026 01:10:37 PM (UTC+1030),6277480.463,491431.057,8.654,0.107
27/01/2026 01:10:38 PM (UTC+1030),6277480.761,491430.234,8.61,0.106
27/01/2026 01:10:39 PM (UTC+1030),6277481.11,491429.441,8.532,0.106
27/01/2026 01:10:40 PM (UTC+1030),6277481.392,491428.589,8.544,0.107
27/01/2026 01:10:41 PM (UTC+1030),6277481.402,491427.738,8.5,0.109
27/01/2026 01:10:42 PM (UTC+1030),6277481.599,491426.72,8.393,0.107
27/01/2026 01:10:43 PM (UTC+1030),6277481.716,491425.748,8.389,0.107
27/01/2026 01:10:44 PM (UTC+1030),6277481.803,491424.855,8.281,0.109
27/01/2026 01:10:45 PM (UTC+1030),6277481.909,491423.994,8.305,0.107
27/01/2026 01:10:46 PM (UTC+1030),6277482.01,491423.315,8.19,0.109
27/01/2026 01:10:47 PM (UTC+1030),6277481.986,491422.447,8.177,0.111
27/01/2026 01:10:48 PM (UTC+1030),6277481.953,491421.577,8.147,0.11
27/01/2026 01:10:49 PM (UTC+1030),6277482.166,491420.687,8.085,0.11
27/01/2026 01:10:50 PM (UTC+1030),6277482.343,491419.821,8.072,0.106
27/01/2026 01:10:51 PM (UTC+1030),6277482.375,491418.946,8.017,0.123
27/01/2026 01:10:52 PM (UTC+1030),6277482.354,491418.06,8.021,0.122
27/01/2026 01:10:53 PM (UTC+1030),6277482.35,491417.16,7.924,0.125
27/01/2026 01:10:54 PM (UTC+1030),6277482.452,491416.246,7.948,0.117
27/01/2026 01:10:55 PM (UTC+1030),6277482.43,491415.326,7.895,0.117
27/01/2026 01:10:56 PM (UTC+1030),6277482.462,491414.359,7.876,0.11
27/01/2026 01:10:57 PM (UTC+1030),6277482.665,491413.46,7.808,0.112
27/01/2026 01:10:58 PM (UTC+1030),6277482.755,491412.432,7.791,0.109
27/01/2026 01:10:59 PM (UTC+1030),6277482.771,491411.412,7.739,0.109
27/01/2026 01:11:00 PM (UTC+1030),6277482.873,491410.404,7.728,0.104
27/01/2026 01:11:01 PM (UTC+1030),6277482.949,491409.391,7.639,0.106
27/01/2026 01:11:02 PM (UTC+1030),6277483,491408.385,7.613,0.107
27/01/2026 01:11:03 PM (UTC+1030),6277483.174,491407.398,7.541,0.104
27/01/2026 01:11:04 PM (UTC+1030),6277483.267,491406.412,7.554,0.106
27/01/2026 01:11:05 PM (UTC+1030),6277483.445,491405.406,7.492,0.106
27/01/2026 01:11:06 PM (UTC+1030),6277483.535,491404.507,7.465,0.106
27/01/2026 01:11:07 PM (UTC+1030),6277483.506,491403.527,7.4,0.106
27/01/2026 01:11:08 PM (UTC+1030),6277483.56,491402.558,7.405,0.106
27/01/2026 01:11:09 PM (UTC+1030),6277483.628,491401.651,7.359,0.103
27/01/2026 01:11:10 PM (UTC+1030),6277483.656,491400.721,7.324,0.103
27/01/2026 01:11:11 PM (UTC+1030),6277483.72,491399.774,7.268,0.103
27/01/2026 01:11:12 PM (UTC+1030),6277483.792,491398.676,7.266,0.107
27/01/2026 01:11:13 PM (UTC+1030),6277483.872,491397.707,7.196,0.106
27/01/2026 01:11:14 PM (UTC+1030),6277484.017,491396.817,7.175,0.106
27/01/2026 01:11:15 PM (UTC+1030),6277484.093,491395.903,7.129,0.106
27/01/2026 01:11:16 PM (UTC+1030),6277484.068,491394.924,7.124,0.109
27/01/2026 01:11:17 PM (UTC+1030),6277484.117,491393.975,7.046,0.109
27/01/2026 01:11:18 PM (UTC+1030),6277484.193,491393.085,7.051,0.107
27/01/2026 01:11:19 PM (UTC+1030),6277484.365,491392.14,6.996,0.104
27/01/2026 01:11:20 PM (UTC+1030),6277484.453,491391.329,7.035,0.106
27/01/2026 01:11:21 PM (UTC+1030),6277484.625,491390.441,6.954,0.106
27/01/2026 01:11:22 PM (UTC+1030),6277484.724,491389.571,6.964,0.106
27/01/2026 01:11:23 PM (UTC+1030),6277484.699,491388.682,6.936,0.106
27/01/2026 01:11:24 PM (UTC+1030),6277484.655,491387.776,6.932,0.104
27/01/2026 01:11:25 PM (UTC+1030),6277484.753,491386.858,6.903,0.104
27/01/2026 01:11:26 PM (UTC+1030),6277484.957,491386.038,6.858,0.104
27/01/2026 01:11:27 PM (UTC+1030),6277485.062,491385.19,6.857,0.104
27/01/2026 01:11:28 PM (UTC+1030),6277485.11,491384.293,6.825,0.106
27/01/2026 01:11:29 PM (UTC+1030),6277485.122,491383.369,6.797,0.108
27/01/2026 01:11:30 PM (UTC+1030),6277485.282,491382.583,6.754,0.104
27/01/2026 01:11:31 PM (UTC+1030),6277485.183,491381.791,6.727,0.106
27/01/2026 01:11:32 PM (UTC+1030),6277485.243,491380.985,6.688,0.106
27/01/2026 01:11:33 PM (UTC+1030),6277485.314,491380.137,6.714,0.104
27/01/2026 01:11:34 PM (UTC+1030),6277485.366,491379.322,6.656,0.106
27/01/2026 01:11:35 PM (UTC+1030),6277485.422,491378.447,6.621,0.106
27/01/2026 01:11:36 PM (UTC+1030),6277485.571,491377.578,6.601,0.107
27/01/2026 01:11:37 PM (UTC+1030),6277485.481,491376.765,6.59,0.107
27/01/2026 01:11:38 PM (UTC+1030),6277485.607,491375.902,6.506,0.109
27/01/2026 01:11:39 PM (UTC+1030),6277485.747,491375.046,6.504,0.109
27/01/2026 01:11:40 PM (UTC+1030),6277485.764,491374.167,6.462,0.104
27/01/2026 01:11:41 PM (UTC+1030),6277485.868,491373.319,6.406,0.106
27/01/2026 01:11:42 PM (UTC+1030),6277486.049,491372.429,6.423,0.104
27/01/2026 01:11:43 PM (UTC+1030),6277486.083,491371.555,6.383,0.104
27/01/2026 01:11:44 PM (UTC+1030),6277486.138,491370.719,6.34,0.104
27/01/2026 01:11:45 PM (UTC+1030),6277486.347,491369.89,6.323,0.104
27/01/2026 01:11:46 PM (UTC+1030),6277486.358,491369.059,6.277,0.102
27/01/2026 01:11:47 PM (UTC+1030),6277486.417,491368.179,6.301,0.102
27/01/2026 01:11:48 PM (UTC+1030),6277486.592,491367.422,6.25,0.102
27/01/2026 01:11:49 PM (UTC+1030),6277486.68,491366.518,6.199,0.102
27/01/2026 01:11:50 PM (UTC+1030),6277486.737,491365.69,6.233,0.1
27/01/2026 01:11:51 PM (UTC+1030),6277486.942,491364.939,6.216,0.102
27/01/2026 01:11:52 PM (UTC+1030),6277486.948,491364.046,6.15,0.102
27/01/2026 01:11:53 PM (UTC+1030),6277487.009,491363.169,6.146,0.102
27/01/2026 01:11:54 PM (UTC+1030),6277487.15,491362.263,6.107,0.104
27/01/2026 01:11:55 PM (UTC+1030),6277487.179,491361.401,6.046,0.104
27/01/2026 01:11:56 PM (UTC+1030),6277487.26,491360.616,6.065,0.104
27/01/2026 01:11:57 PM (UTC+1030),6277487.521,491359.821,6.025,0.104
27/01/2026 01:11:58 PM (UTC+1030),6277487.46,491358.947,5.991,0.102
27/01/2026 01:11:59 PM (UTC+1030),6277487.548,491358.046,5.97,0.102
27/01/2026 01:12:00 PM (UTC+1030),6277487.697,491357.196,5.967,0.102
27/01/2026 01:12:01 PM (UTC+1030),6277487.803,491356.327,5.898,0.104
27/01/2026 01:12:02 PM (UTC+1030),6277487.863,491355.448,5.9,0.102
27/01/2026 01:12:03 PM (UTC+1030),6277488.074,491354.558,5.841,0.102
27/01/2026 01:12:04 PM (UTC+1030),6277488.253,491353.647,5.846,0.1
27/01/2026 01:12:05 PM (UTC+1030),6277488.312,491352.752,5.849,0.099
27/01/2026 01:12:06 PM (UTC+1030),6277488.457,491351.892,5.739,0.1
27/01/2026 01:12:07 PM (UTC+1030),6277488.704,491351.049,5.727,0.102
27/01/2026 01:12:08 PM (UTC+1030),6277488.694,491350.168,5.688,0.1
27/01/2026 01:12:09 PM (UTC+1030),6277488.697,491349.238,5.662,0.102
27/01/2026 01:12:10 PM (UTC+1030),6277488.848,491348.417,5.641,0.099
27/01/2026 01:12:11 PM (UTC+1030),6277488.963,491347.576,5.596,0.101
27/01/2026 01:12:12 PM (UTC+1030),6277488.957,491347.064,5.626,0.101
27/01/2026 01:12:13 PM (UTC+1030),6277488.752,491346.882,5.67,0.101
27/01/2026 01:12:14 PM (UTC+1030),6277489.16,491346.694,5.582,0.102
27/01/2026 01:12:15 PM (UTC+1030),6277489.319,491345.967,5.59,0.1
27/01/2026 01:12:16 PM (UTC+1030),6277489.711,491345.27,5.545,0.102
27/01/2026 01:12:17 PM (UTC+1030),6277489.943,491344.373,5.503,0.104
27/01/2026 01:12:18 PM (UTC+1030),6277490.1,491343.478,5.496,0.104
27/01/2026 01:12:19 PM (UTC+1030),6277490.413,491342.751,5.455,0.104
27/01/2026 01:12:20 PM (UTC+1030),6277490.756,491341.946,5.42,0.102
27/01/2026 01:12:21 PM (UTC+1030),6277491.051,491341.038,5.393,0.103
27/01/2026 01:12:22 PM (UTC+1030),6277491.128,491340.13,5.392,0.103
27/01/2026 01:12:23 PM (UTC+1030),6277491.267,491339.246,5.349,0.103
27/01/2026 01:12:24 PM (UTC+1030),6277491.464,491338.367,5.368,0.101
27/01/2026 01:12:25 PM (UTC+1030),6277491.665,491337.421,5.294,0.101
27/01/2026 01:12:26 PM (UTC+1030),6277491.845,491336.519,5.317,0.101
27/01/2026 01:12:27 PM (UTC+1030),6277492.027,491335.62,5.282,0.101
27/01/2026 01:12:28 PM (UTC+1030),6277492.147,491334.706,5.28,0.102
27/01/2026 01:12:29 PM (UTC+1030),6277492.181,491333.751,5.228,0.1
27/01/2026 01:12:30 PM (UTC+1030),6277492.239,491332.862,5.278,0.1
27/01/2026 01:12:31 PM (UTC+1030),6277492.332,491331.992,5.208,0.102
27/01/2026 01:12:32 PM (UTC+1030),6277492.486,491331.107,5.181,0.102
27/01/2026 01:12:33 PM (UTC+1030),6277492.597,491330.165,5.073,0.101
27/01/2026 01:12:34 PM (UTC+1030),6277492.741,491329.162,5.091,0.101
27/01/2026 01:12:35 PM (UTC+1030),6277492.923,491328.175,5.019,0.101
27/01/2026 01:12:36 PM (UTC+1030),6277493.129,491327.211,5.014,0.104
27/01/2026 01:12:37 PM (UTC+1030),6277493.379,491326.275,4.951,0.104
27/01/2026 01:12:38 PM (UTC+1030),6277493.493,491325.299,4.981,0.102
27/01/2026 01:12:39 PM (UTC+1030),6277493.62,491324.364,4.904,0.102
27/01/2026 01:12:40 PM (UTC+1030),6277493.776,491323.435,4.927,0.102
27/01/2026 01:12:41 PM (UTC+1030),6277493.964,491322.558,4.89,0.104
27/01/2026 01:12:42 PM (UTC+1030),6277494.124,491321.568,4.901,0.104
27/01/2026 01:12:43 PM (UTC+1030),6277494.408,491320.705,4.847,0.104
27/01/2026 01:12:44 PM (UTC+1030),6277494.839,491319.847,4.859,0.103
27/01/2026 01:12:45 PM (UTC+1030),6277494.987,491318.983,4.813,0.101
27/01/2026 01:12:46 PM (UTC+1030),6277495.096,491318.001,4.853,0.103
27/01/2026 01:12:47 PM (UTC+1030),6277495.296,491317.108,4.827,0.103
27/01/2026 01:12:48 PM (UTC+1030),6277495.428,491316.223,4.835,0.102
27/01/2026 01:12:49 PM (UTC+1030),6277495.498,491315.381,4.85,0.104
27/01/2026 01:12:50 PM (UTC+1030),6277495.657,491314.488,4.787,0.102
27/01/2026 01:12:51 PM (UTC+1030),6277495.833,491313.607,4.755,0.104
27/01/2026 01:12:52 PM (UTC+1030),6277496.083,491312.717,4.756,0.102
27/01/2026 01:12:53 PM (UTC+1030),6277496.236,491311.788,4.704,0.102
27/01/2026 01:12:54 PM (UTC+1030),6277496.382,491310.882,4.724,0.104
27/01/2026 01:12:55 PM (UTC+1030),6277496.758,491309.897,4.586,0.104
27/01/2026 01:12:56 PM (UTC+1030),6277497.157,491308.998,4.598,0.103
27/01/2026 01:12:57 PM (UTC+1030),6277497.378,491308.11,4.531,0.102
27/01/2026 01:12:58 PM (UTC+1030),6277497.56,491307.155,4.55,0.1
27/01/2026 01:12:59 PM (UTC+1030),6277497.821,491306.266,4.504,0.1
27/01/2026 01:13:00 PM (UTC+1030),6277497.972,491305.342,4.522,0.1
27/01/2026 01:13:01 PM (UTC+1030),6277498.051,491304.431,4.486,0.102
27/01/2026 01:13:02 PM (UTC+1030),6277498.321,491303.475,4.485,0.102
27/01/2026 01:13:03 PM (UTC+1030),6277498.569,491302.669,4.444,0.102
27/01/2026 01:13:04 PM (UTC+1030),6277498.768,491301.824,4.432,0.101
27/01/2026 01:13:05 PM (UTC+1030),6277498.922,491300.902,4.382,0.104
27/01/2026 01:13:06 PM (UTC+1030),6277498.914,491300.016,4.392,0.102
27/01/2026 01:13:07 PM (UTC+1030),6277499.018,491299.079,4.327,0.102
27/01/2026 01:13:08 PM (UTC+1030),6277499.072,491298.053,4.285,0.102
27/01/2026 01:13:09 PM (UTC+1030),6277499.259,491297.112,4.281,0.1
27/01/2026 01:13:10 PM (UTC+1030),6277499.458,491296.171,4.278,0.1
27/01/2026 01:13:11 PM (UTC+1030),6277499.585,491295.326,4.283,0.102
27/01/2026 01:13:12 PM (UTC+1030),6277499.924,491294.482,4.227,0.102
27/01/2026 01:13:13 PM (UTC+1030),6277500.258,491293.652,4.247,0.102
27/01/2026 01:13:14 PM (UTC+1030),6277500.321,491292.771,4.199,0.102
27/01/2026 01:13:15 PM (UTC+1030),6277500.412,491291.95,4.215,0.102
27/01/2026 01:13:16 PM (UTC+1030),6277500.669,491291.137,4.185,0.102
27/01/2026 01:13:17 PM (UTC+1030),6277500.773,491290.301,4.148,0.102
27/01/2026 01:13:18 PM (UTC+1030),6277500.919,491289.449,4.158,0.103
27/01/2026 01:13:19 PM (UTC+1030),6277501.159,491288.598,4.119,0.103
27/01/2026 01:13:20 PM (UTC+1030),6277501.374,491287.861,4.134,0.099
27/01/2026 01:13:21 PM (UTC+1030),6277501.411,491287.01,4.128,0.101
27/01/2026 01:13:22 PM (UTC+1030),6277501.345,491286.182,4.151,0.101
27/01/2026 01:13:23 PM (UTC+1030),6277501.431,491285.296,4.091,0.101
27/01/2026 01:13:24 PM (UTC+1030),6277501.279,491284.401,4.13,0.101
27/01/2026 01:13:25 PM (UTC+1030),6277500.947,491283.483,4.083,0.101
27/01/2026 01:13:26 PM (UTC+1030),6277500.871,491282.487,4.113,0.103
27/01/2026 01:13:27 PM (UTC+1030),6277500.658,491281.555,4.123,0.103
27/01/2026 01:13:28 PM (UTC+1030),6277500.654,491280.644,4.092,0.104
27/01/2026 01:13:29 PM (UTC+1030),6277500.503,491279.686,4.066,0.104
27/01/2026 01:13:30 PM (UTC+1030),6277500.237,491278.78,4.033,0.104
27/01/2026 01:13:31 PM (UTC+1030),6277500.114,491277.861,3.991,0.107
27/01/2026 01:13:32 PM (UTC+1030),6277499.91,491276.944,3.9,0.106
27/01/2026 01:13:33 PM (UTC+1030),6277499.812,491276.035,3.863,0.106
27/01/2026 01:13:34 PM (UTC+1030),6277499.634,491275.075,3.811,0.105
27/01/2026 01:13:35 PM (UTC+1030),6277499.512,491274.135,3.793,0.106
27/01/2026 01:13:36 PM (UTC+1030),6277499.439,491273.237,3.696,0.109
27/01/2026 01:13:37 PM (UTC+1030),6277499.33,491272.22,3.695,0.109
27/01/2026 01:13:38 PM (UTC+1030),6277499.295,491271.246,3.585,0.107
27/01/2026 01:13:39 PM (UTC+1030),6277499.309,491270.335,3.601,0.107
27/01/2026 01:13:40 PM (UTC+1030),6277499.373,491269.357,3.5,0.107
27/01/2026 01:13:41 PM (UTC+1030),6277499.291,491268.381,3.472,0.109
27/01/2026 01:13:42 PM (UTC+1030),6277499.129,491267.467,3.397,0.11
27/01/2026 01:13:43 PM (UTC+1030),6277498.863,491266.523,3.354,0.11
27/01/2026 01:13:44 PM (UTC+1030),6277498.741,491265.516,3.305,0.11
27/01/2026 01:13:45 PM (UTC+1030),6277498.697,491264.551,3.245,0.11
27/01/2026 01:13:46 PM (UTC+1030),6277498.561,491263.643,3.241,0.111
27/01/2026 01:13:47 PM (UTC+1030),6277498.319,491262.739,3.197,0.109
27/01/2026 01:13:48 PM (UTC+1030),6277498.179,491261.768,3.101,0.109
27/01/2026 01:13:49 PM (UTC+1030),6277498.255,491260.833,3.081,0.109
27/01/2026 01:13:50 PM (UTC+1030),6277498.035,491259.862,3.047,0.109
27/01/2026 01:13:51 PM (UTC+1030),6277497.866,491258.934,3.039,0.111
27/01/2026 01:13:52 PM (UTC+1030),6277497.73,491257.865,2.976,0.111
27/01/2026 01:13:53 PM (UTC+1030),6277497.562,491256.863,2.972,0.109
27/01/2026 01:13:54 PM (UTC+1030),6277497.352,491255.888,2.908,0.109
27/01/2026 01:13:55 PM (UTC+1030),6277497.163,491254.924,2.938,0.106
27/01/2026 01:13:56 PM (UTC+1030),6277497.163,491254.016,2.825,0.107
27/01/2026 01:13:57 PM (UTC+1030),6277497.154,491253.064,2.82,0.107
27/01/2026 01:13:58 PM (UTC+1030),6277497.018,491252.105,2.779,0.107
27/01/2026 01:13:59 PM (UTC+1030),6277496.872,491251.151,2.713,0.107
27/01/2026 01:14:00 PM (UTC+1030),6277496.737,491250.266,2.709,0.107
27/01/2026 01:14:01 PM (UTC+1030),6277496.45,491249.432,2.706,0.107
27/01/2026 01:14:02 PM (UTC+1030),6277496.457,491248.436,2.624,0.107
27/01/2026 01:14:03 PM (UTC+1030),6277496.346,491247.534,2.654,0.107
27/01/2026 01:14:04 PM (UTC+1030),6277496.15,491246.636,2.552,0.106
27/01/2026 01:14:05 PM (UTC+1030),6277496.156,491245.701,2.576,0.106
27/01/2026 01:14:06 PM (UTC+1030),6277496.416,491244.876,2.536,0.106
27/01/2026 01:14:07 PM (UTC+1030),6277496.364,491243.929,2.495,0.107
27/01/2026 01:14:08 PM (UTC+1030),6277496.255,491242.972,2.508,0.104
27/01/2026 01:14:09 PM (UTC+1030),6277496.243,491242.052,2.457,0.104
27/01/2026 01:14:10 PM (UTC+1030),6277496.054,491241.044,2.412,0.106
27/01/2026 01:14:11 PM (UTC+1030),6277495.925,491240.099,2.423,0.104
27/01/2026 01:14:12 PM (UTC+1030),6277495.866,491239.069,2.332,0.104
27/01/2026 01:14:13 PM (UTC+1030),6277495.761,491238.125,2.38,0.104
27/01/2026 01:14:14 PM (UTC+1030),6277495.523,491237.354,2.346,0.104
27/01/2026 01:14:15 PM (UTC+1030),6277495.6,491236.548,2.336,0.104
27/01/2026 01:14:16 PM (UTC+1030),6277495.924,491235.823,2.32,0.106
27/01/2026 01:14:17 PM (UTC+1030),6277495.87,491235,2.261,0.107
27/01/2026 01:14:18 PM (UTC+1030),6277495.795,491234.144,2.253,0.106
27/01/2026 01:14:19 PM (UTC+1030),6277495.819,491233.274,2.198,0.106
27/01/2026 01:14:20 PM (UTC+1030),6277495.764,491232.393,2.201,0.104
27/01/2026 01:14:21 PM (UTC+1030),6277495.783,491231.476,2.151,0.106
27/01/2026 01:14:22 PM (UTC+1030),6277496.001,491230.6,2.099,0.106
27/01/2026 01:14:23 PM (UTC+1030),6277496.341,491229.762,2.104,0.107
27/01/2026 01:14:24 PM (UTC+1030),6277496.469,491228.854,2.033,0.107
27/01/2026 01:14:25 PM (UTC+1030),6277496.522,491227.938,2.059,0.107
27/01/2026 01:14:26 PM (UTC+1030),6277496.871,491227.189,2.02,0.109
27/01/2026 01:14:27 PM (UTC+1030),6277497.133,491226.469,1.948,0.109
27/01/2026 01:14:28 PM (UTC+1030),6277497.179,491225.835,1.951,0.109
27/01/2026 01:14:29 PM (UTC+1030),6277497.437,491225.632,1.913,0.104
27/01/2026 01:14:30 PM (UTC+1030),6277497.519,491225.006,1.959,0.106
27/01/2026 01:14:31 PM (UTC+1030),6277497.967,491224.344,1.891,0.107
27/01/2026 01:14:32 PM (UTC+1030),6277498.256,491223.844,1.929,0.108
27/01/2026 01:14:33 PM (UTC+1030),6277498.034,491223.6,1.929,0.108
27/01/2026 01:14:34 PM (UTC+1030),6277497.955,491223.683,1.955,0.11
27/01/2026 01:14:35 PM (UTC+1030),6277498.234,491223.81,1.942,0.109
27/01/2026 01:14:36 PM (UTC+1030),6277498.303,491223.831,1.943,0.111
27/01/2026 01:14:37 PM (UTC+1030),6277498.152,491223.777,1.884,0.11
27/01/2026 01:14:38 PM (UTC+1030),6277498.251,491223.469,1.898,0.11
27/01/2026 01:14:39 PM (UTC+1030),6277498.424,491222.896,1.884,0.11
27/01/2026 01:14:40 PM (UTC+1030),6277498.957,491222.513,1.898,0.11
27/01/2026 01:14:41 PM (UTC+1030),6277498.939,491222.448,1.892,0.084
27/01/2026 01:14:42 PM (UTC+1030),6277498.842,491222.289,1.924,0.084
27/01/2026 01:14:43 PM (UTC+1030),6277499.131,491222.352,1.902,0.088
27/01/2026 01:14:44 PM (UTC+1030),6277499.116,491221.968,1.88,0.109
27/01/2026 01:14:45 PM (UTC+1030),6277499.118,491222.225,1.893,0.118
27/01/2026 01:14:46 PM (UTC+1030),6277498.764,491222.52,1.94,0.12
27/01/2026 01:14:47 PM (UTC+1030),6277498.318,491222.793,1.914,0.125
27/01/2026 01:14:48 PM (UTC+1030),6277498.054,491222.817,1.926,0.123
27/01/2026 01:14:49 PM (UTC+1030),6277497.986,491222.923,1.91,0.132
27/01/2026 01:14:50 PM (UTC+1030),6277497.995,491222.917,1.889,0.132
27/01/2026 01:14:51 PM (UTC+1030),6277497.993,491222.91,1.892,0.133
27/01/2026 01:14:52 PM (UTC+1030),6277498.002,491222.901,1.92,0.133
27/01/2026 01:14:53 PM (UTC+1030),6277498.016,491222.909,1.913,0.135
27/01/2026 01:14:54 PM (UTC+1030),6277498.006,491222.909,1.894,0.133
27/01/2026 01:14:55 PM (UTC+1030),6277498.007,491222.877,1.901,0.09
27/01/2026 01:14:56 PM (UTC+1030),6277498.089,491222.809,1.92,0.091
27/01/2026 01:14:57 PM (UTC+1030),6277498.063,491222.975,1.924,0.091
27/01/2026 01:14:58 PM (UTC+1030),6277498.082,491222.952,1.902,0.093
27/01/2026 01:14:59 PM (UTC+1030),6277498.082,491222.984,1.902,0.095
27/01/2026 01:15:00 PM (UTC+1030),6277498.09,491223.016,1.9,0.095
27/01/2026 01:15:01 PM (UTC+1030),6277498.087,491223.079,1.897,0.097
27/01/2026 01:15:02 PM (UTC+1030),6277498.117,491223.064,1.897,0.099
27/01/2026 01:15:03 PM (UTC+1030),6277498.026,491222.96,1.908,0.099
27/01/2026 01:15:04 PM (UTC+1030),6277498.066,491222.91,1.929,0.1
27/01/2026 01:15:05 PM (UTC+1030),6277498.077,491222.956,1.921,0.102
27/01/2026 01:15:06 PM (UTC+1030),6277498.104,491222.884,1.902,0.103
27/01/2026 01:15:07 PM (UTC+1030),6277498.026,491222.941,1.887,0.103
27/01/2026 01:15:08 PM (UTC+1030),6277498.042,491222.97,1.89,0.105
27/01/2026 01:15:09 PM (UTC+1030),6277498.054,491222.948,1.894,0.105
27/01/2026 01:15:10 PM (UTC+1030),6277498.051,491222.96,1.892,0.105
27/01/2026 01:15:11 PM (UTC+1030),6277498.045,491222.952,1.876,0.11
27/01/2026 01:15:12 PM (UTC+1030),6277498.041,491222.944,1.876,0.11
27/01/2026 03:49:29 PM (UTC+1030),6278945.509,494165.514,93.194,1.794
27/01/2026 03:49:30 PM (UTC+1030),6278945.434,494165.451,93.189,1.784
27/01/2026 03:49:31 PM (UTC+1030),6278945.423,494165.447,93.174,1.773
27/01/2026 03:49:32 PM (UTC+1030),6278945.454,494165.451,93.166,1.764
27/01/2026 03:49:33 PM (UTC+1030),6278945.496,494165.461,93.154,1.754
27/01/2026 03:49:34 PM (UTC+1030),6278945.504,494165.483,93.189,1.745
27/01/2026 03:49:35 PM (UTC+1030),6278945.538,494165.501,93.198,1.735
27/01/2026 03:49:36 PM (UTC+1030),6278945.462,494165.525,93.21,1.726
27/01/2026 03:49:37 PM (UTC+1030),6278945.409,494165.537,93.178,1.719
27/01/2026 03:49:38 PM (UTC+1030),6278945.401,494165.564,93.194,1.708
27/01/2026 03:49:39 PM (UTC+1030),6278945.38,494165.551,93.168,1.701
27/01/2026 03:49:40 PM (UTC+1030),6278945.385,494165.54,93.182,1.692
27/01/2026 03:49:41 PM (UTC+1030),6278945.4,494165.56,93.177,1.685
27/01/2026 03:49:42 PM (UTC+1030),6278945.403,494165.57,93.188,1.676
27/01/2026 03:49:43 PM (UTC+1030),6278945.412,494165.592,93.158,1.669
27/01/2026 03:49:44 PM (UTC+1030),6278945.387,494165.59,93.205,1.661
27/01/2026 03:49:45 PM (UTC+1030),6278945.416,494165.568,93.2,1.654
27/01/2026 03:49:46 PM (UTC+1030),6278945.374,494165.572,93.197,1.646
27/01/2026 03:49:47 PM (UTC+1030),6278945.371,494165.591,93.184,1.639
27/01/2026 03:49:48 PM (UTC+1030),6278945.371,494165.587,93.179,1.632
27/01/2026 03:49:49 PM (UTC+1030),6278945.412,494165.603,93.172,1.624
27/01/2026 03:49:50 PM (UTC+1030),6278945.425,494165.586,93.181,1.617
27/01/2026 03:49:51 PM (UTC+1030),6278945.423,494165.567,93.203,1.611
27/01/2026 03:49:52 PM (UTC+1030),6278945.457,494165.565,93.17,1.604
27/01/2026 03:49:53 PM (UTC+1030),6278945.451,494165.552,93.167,1.597
27/01/2026 03:49:54 PM (UTC+1030),6278945.445,494165.587,93.172,1.59
27/01/2026 03:49:55 PM (UTC+1030),6278945.459,494165.596,93.194,1.583
27/01/2026 03:49:56 PM (UTC+1030),6278945.46,494165.586,93.203,1.576
27/01/2026 03:49:57 PM (UTC+1030),6278945.46,494165.578,93.203,1.569
27/01/2026 03:49:58 PM (UTC+1030),6278945.448,494165.572,93.189,1.564
27/01/2026 03:49:59 PM (UTC+1030),6278945.446,494165.569,93.191,1.557
27/01/2026 03:50:00 PM (UTC+1030),6278945.446,494165.577,93.194,1.55
27/01/2026 03:50:01 PM (UTC+1030),6278945.45,494165.572,93.175,1.544
27/01/2026 03:50:02 PM (UTC+1030),6278945.454,494165.584,93.187,1.537
27/01/2026 03:50:03 PM (UTC+1030),6278945.457,494165.583,93.195,1.53
27/01/2026 03:50:04 PM (UTC+1030),6278945.466,494165.584,93.19,1.525
27/01/2026 03:50:05 PM (UTC+1030),6278945.445,494165.587,93.195,1.518
27/01/2026 03:50:06 PM (UTC+1030),6278945.459,494165.593,93.178,1.514
27/01/2026 03:50:07 PM (UTC+1030),6278945.464,494165.591,93.18,1.507
27/01/2026 03:50:08 PM (UTC+1030),6278945.441,494165.593,93.198,1.502
27/01/2026 03:50:09 PM (UTC+1030),6278945.445,494165.591,93.178,1.497
27/01/2026 03:50:10 PM (UTC+1030),6278945.438,494165.599,93.188,1.492
27/01/2026 03:50:11 PM (UTC+1030),6278945.444,494165.605,93.191,1.488
27/01/2026 03:50:12 PM (UTC+1030),6278945.439,494165.596,93.182,1.483
27/01/2026 03:50:13 PM (UTC+1030),6278945.44,494165.598,93.197,1.477
27/01/2026 03:50:14 PM (UTC+1030),6278945.447,494165.601,93.203,1.472
27/01/2026 03:50:15 PM (UTC+1030),6278945.436,494165.586,93.199,1.467
27/01/2026 03:50:16 PM (UTC+1030),6278945.434,494165.583,93.197,1.463
27/01/2026 03:50:17 PM (UTC+1030),6278945.443,494165.589,93.165,1.456
27/01/2026 03:50:18 PM (UTC+1030),6278945.455,494165.585,93.144,1.451
27/01/2026 03:50:19 PM (UTC+1030),6278945.457,494165.585,93.148,1.446
27/01/2026 03:50:20 PM (UTC+1030),6278945.455,494165.581,93.141,1.442
27/01/2026 03:50:21 PM (UTC+1030),6278945.453,494165.561,93.123,1.437
27/01/2026 03:50:22 PM (UTC+1030),6278945.449,494165.562,93.112,1.432
27/01/2026 03:50:23 PM (UTC+1030),6278945.445,494165.569,93.12,1.426
27/01/2026 03:50:24 PM (UTC+1030),6278945.445,494165.583,93.138,1.421
27/01/2026 03:50:25 PM (UTC+1030),6278945.445,494165.58,93.109,1.416
27/01/2026 03:50:26 PM (UTC+1030),6278945.428,494165.59,93.109,1.411
27/01/2026 03:50:27 PM (UTC+1030),6278945.413,494165.598,93.127,1.405
27/01/2026 03:50:28 PM (UTC+1030),6278945.433,494165.599,93.127,1.4
27/01/2026 03:50:29 PM (UTC+1030),6278945.448,494165.612,93.134,1.393
27/01/2026 03:50:30 PM (UTC+1030),6278945.435,494165.613,93.145,1.388
27/01/2026 03:50:31 PM (UTC+1030),6278945.433,494165.616,93.151,1.382
27/01/2026 03:50:32 PM (UTC+1030),6278945.432,494165.621,93.178,1.377
27/01/2026 03:50:33 PM (UTC+1030),6278945.423,494165.616,93.173,1.37
27/01/2026 03:50:34 PM (UTC+1030),6278945.412,494165.618,93.183,1.365
27/01/2026 03:50:35 PM (UTC+1030),6278945.406,494165.605,93.165,1.359
27/01/2026 03:50:36 PM (UTC+1030),6278945.422,494165.606,93.16,1.356
27/01/2026 03:50:37 PM (UTC+1030),6278945.418,494165.615,93.156,1.349
27/01/2026 03:50:38 PM (UTC+1030),6278945.421,494165.611,93.122,1.345
27/01/2026 03:50:39 PM (UTC+1030),6278945.412,494165.61,93.141,1.34
27/01/2026 03:50:40 PM (UTC+1030),6278945.418,494165.618,93.143,1.335
27/01/2026 03:50:41 PM (UTC+1030),6278945.415,494165.613,93.121,1.326
27/01/2026 03:50:42 PM (UTC+1030),6278945.411,494165.607,93.153,1.317
27/01/2026 03:50:43 PM (UTC+1030),6278945.419,494165.627,93.164,1.31
27/01/2026 03:50:44 PM (UTC+1030),6278945.422,494165.631,93.174,1.3
27/01/2026 03:50:45 PM (UTC+1030),6278945.411,494165.632,93.175,1.291
27/01/2026 03:50:46 PM (UTC+1030),6278945.394,494165.615,93.189,1.282
27/01/2026 03:50:47 PM (UTC+1030),6278945.4,494165.623,93.218,1.271
27/01/2026 03:50:48 PM (UTC+1030),6278945.417,494165.646,93.239,1.263
27/01/2026 03:50:49 PM (UTC+1030),6278945.44,494165.655,93.236,1.254
27/01/2026 03:50:50 PM (UTC+1030),6278945.433,494165.647,93.234,1.245
27/01/2026 03:50:51 PM (UTC+1030),6278945.444,494165.666,93.227,1.236
27/01/2026 03:50:52 PM (UTC+1030),6278945.437,494165.663,93.253,1.227
27/01/2026 03:50:53 PM (UTC+1030),6278945.44,494165.667,93.253,1.217
27/01/2026 03:50:54 PM (UTC+1030),6278945.444,494165.675,93.254,1.203
27/01/2026 03:50:55 PM (UTC+1030),6278945.437,494165.663,93.263,1.19
27/01/2026 03:50:56 PM (UTC+1030),6278945.335,494165.76,93.308,1.176
27/01/2026 03:50:57 PM (UTC+1030),6278945.226,494165.445,93.301,1.164
27/01/2026 03:50:58 PM (UTC+1030),6278945.088,494164.901,93.335,1.152
27/01/2026 03:50:59 PM (UTC+1030),6278945.031,494164.15,93.432,1.139
27/01/2026 03:51:00 PM (UTC+1030),6278944.961,494163.43,93.439,1.129
27/01/2026 03:51:01 PM (UTC+1030),6278944.873,494162.949,93.468,1.118
27/01/2026 03:51:02 PM (UTC+1030),6278944.784,494162.401,93.506,1.108
27/01/2026 03:51:03 PM (UTC+1030),6278944.593,494161.9,93.49,1.097
27/01/2026 03:51:04 PM (UTC+1030),6278944.637,494161.358,93.486,1.086
27/01/2026 03:51:05 PM (UTC+1030),6278944.686,494161.182,93.512,1.078
27/01/2026 03:51:06 PM (UTC+1030),6278944.643,494161.181,93.542,1.069
27/01/2026 03:51:07 PM (UTC+1030),6278944.639,494161.18,93.54,1.06
27/01/2026 03:51:08 PM (UTC+1030),6278944.644,494161.178,93.567,1.051
27/01/2026 03:51:09 PM (UTC+1030),6278944.649,494161.193,93.59,1.042
27/01/2026 03:51:10 PM (UTC+1030),6278944.655,494161.231,93.619,1.026
27/01/2026 03:51:11 PM (UTC+1030),6278944.676,494161.232,93.64,1.019
27/01/2026 03:51:12 PM (UTC+1030),6278944.681,494161.234,93.642,1.011
27/01/2026 03:51:13 PM (UTC+1030),6278944.683,494161.212,93.647,1.004
27/01/2026 03:51:14 PM (UTC+1030),6278944.679,494161.222,93.674,0.997
27/01/2026 03:51:15 PM (UTC+1030),6278944.668,494161.221,93.702,0.99
27/01/2026 03:51:16 PM (UTC+1030),6278944.646,494160.977,93.688,0.983
27/01/2026 03:51:17 PM (UTC+1030),6278944.544,494160.544,93.673,0.976
27/01/2026 03:51:18 PM (UTC+1030),6278944.416,494159.968,93.673,0.971
27/01/2026 03:51:19 PM (UTC+1030),6278944.425,494159.377,93.672,0.964
27/01/2026 03:51:20 PM (UTC+1030),6278944.3,494158.898,93.651,0.958
27/01/2026 03:51:21 PM (UTC+1030),6278944.006,494158.48,93.676,0.953
27/01/2026 03:51:22 PM (UTC+1030),6278943.777,494158.113,93.688,0.948
27/01/2026 03:51:23 PM (UTC+1030),6278943.526,494157.995,93.727,0.941
27/01/2026 03:51:24 PM (UTC+1030),6278943.548,494157.532,93.715,0.936
27/01/2026 03:51:25 PM (UTC+1030),6278943.144,494156.825,93.71,0.93
27/01/2026 03:51:26 PM (UTC+1030),6278942.913,494156.254,93.712,0.927
27/01/2026 03:51:27 PM (UTC+1030),6278942.787,494156.147,93.71,0.92
27/01/2026 03:51:28 PM (UTC+1030),6278942.848,494156.169,93.721,0.915
27/01/2026 03:51:29 PM (UTC+1030),6278942.874,494156.187,93.716,0.909
27/01/2026 03:51:30 PM (UTC+1030),6278942.876,494156.176,93.732,0.906
27/01/2026 03:51:31 PM (UTC+1030),6278942.863,494156.166,93.759,0.901
27/01/2026 03:51:32 PM (UTC+1030),6278942.907,494156.133,93.755,0.896
27/01/2026 03:51:33 PM (UTC+1030),6278942.904,494156.127,93.762,0.892
27/01/2026 03:51:34 PM (UTC+1030),6278942.855,494156.153,93.764,0.887
27/01/2026 03:51:35 PM (UTC+1030),6278942.885,494156.132,93.747,0.882
27/01/2026 03:51:36 PM (UTC+1030),6278942.876,494156.124,93.762,0.878
27/01/2026 03:51:37 PM (UTC+1030),6278942.856,494156.12,93.761,0.875
27/01/2026 03:51:38 PM (UTC+1030),6278942.892,494156.116,93.753,0.869
27/01/2026 03:51:39 PM (UTC+1030),6278942.908,494156.075,93.754,0.866
27/01/2026 03:51:40 PM (UTC+1030),6278942.884,494156.124,93.763,0.861
27/01/2026 03:51:41 PM (UTC+1030),6278942.857,494156.176,93.775,0.857
27/01/2026 03:51:42 PM (UTC+1030),6278942.86,494156.183,93.771,0.854
27/01/2026 03:51:43 PM (UTC+1030),6278942.883,494156.19,93.766,0.848
27/01/2026 03:51:44 PM (UTC+1030),6278942.897,494156.19,93.766,0.845
27/01/2026 03:51:45 PM (UTC+1030),6278942.807,494156.199,93.789,0.841
27/01/2026 03:51:46 PM (UTC+1030),6278942.963,494156.139,93.794,0.838
27/01/2026 03:51:47 PM (UTC+1030),6278942.84,494156.207,93.807,0.834
27/01/2026 03:51:48 PM (UTC+1030),6278942.875,494156.2,93.82,0.831
27/01/2026 03:51:49 PM (UTC+1030),6278942.824,494156.219,93.82,0.827
27/01/2026 03:51:50 PM (UTC+1030),6278942.764,494156.221,93.819,0.824
27/01/2026 03:51:51 PM (UTC+1030),6278942.821,494156.282,93.813,0.82
27/01/2026 03:51:52 PM (UTC+1030),6278942.784,494156.235,93.825,0.817
27/01/2026 03:51:53 PM (UTC+1030),6278942.79,494156.186,93.85,0.815
27/01/2026 03:51:54 PM (UTC+1030),6278942.817,494156.228,93.838,0.812
27/01/2026 03:51:55 PM (UTC+1030),6278942.808,494156.202,93.853,0.808
27/01/2026 03:51:56 PM (UTC+1030),6278942.808,494156.231,93.832,0.806
27/01/2026 03:51:57 PM (UTC+1030),6278942.807,494156.234,93.843,0.801
27/01/2026 03:51:58 PM (UTC+1030),6278942.823,494156.211,93.841,0.799
27/01/2026 03:51:59 PM (UTC+1030),6278942.829,494156.223,93.848,0.796
27/01/2026 03:52:00 PM (UTC+1030),6278942.828,494156.238,93.847,0.793
27/01/2026 03:52:01 PM (UTC+1030),6278942.828,494156.244,93.85,0.791
27/01/2026 03:52:02 PM (UTC+1030),6278942.827,494156.244,93.851,0.787
27/01/2026 03:52:03 PM (UTC+1030),6278942.83,494156.243,93.857,0.784
27/01/2026 03:52:04 PM (UTC+1030),6278942.831,494156.23,93.852,0.782
27/01/2026 03:52:05 PM (UTC+1030),6278942.823,494156.218,93.842,0.779
27/01/2026 03:52:06 PM (UTC+1030),6278942.831,494156.234,93.848,0.777
27/01/2026 03:52:07 PM (UTC+1030),6278942.82,494156.241,93.838,0.773
27/01/2026 03:52:08 PM (UTC+1030),6278942.828,494156.215,93.843,0.772
27/01/2026 03:52:09 PM (UTC+1030),6278942.84,494156.277,93.846,0.768
27/01/2026 03:52:10 PM (UTC+1030),6278942.817,494156.308,93.849,0.768
27/01/2026 03:52:11 PM (UTC+1030),6278942.794,494156.312,93.846,0.768
27/01/2026 03:52:12 PM (UTC+1030),6278942.79,494156.302,93.853,0.768
27/01/2026 03:52:13 PM (UTC+1030),6278942.791,494156.28,93.851,0.768
27/01/2026 03:52:14 PM (UTC+1030),6278942.798,494156.284,93.852,0.768
27/01/2026 03:52:15 PM (UTC+1030),6278942.809,494156.259,93.848,0.768
27/01/2026 03:52:16 PM (UTC+1030),6278942.812,494156.255,93.849,0.768
27/01/2026 03:52:17 PM (UTC+1030),6278942.803,494156.254,93.849,0.768
27/01/2026 03:52:18 PM (UTC+1030),6278942.804,494156.242,93.848,0.768
27/01/2026 03:52:19 PM (UTC+1030),6278942.844,494156.249,93.835,0.768
27/01/2026 03:52:20 PM (UTC+1030),6278942.832,494156.232,93.836,0.77
27/01/2026 03:52:21 PM (UTC+1030),6278942.816,494156.232,93.84,0.77
27/01/2026 03:52:22 PM (UTC+1030),6278942.807,494156.221,93.843,0.77
27/01/2026 03:52:23 PM (UTC+1030),6278942.81,494156.246,93.843,0.77
27/01/2026 03:52:24 PM (UTC+1030),6278942.813,494156.232,93.842,0.77
27/01/2026 03:52:25 PM (UTC+1030),6278942.813,494156.226,93.842,0.772
27/01/2026 03:52:26 PM (UTC+1030),6278942.82,494156.228,93.841,0.772
27/01/2026 03:52:27 PM (UTC+1030),6278942.826,494156.222,93.841,0.772
27/01/2026 03:52:28 PM (UTC+1030),6278942.82,494156.228,93.842,0.772
27/01/2026 03:52:29 PM (UTC+1030),6278942.828,494156.246,93.843,0.773
27/01/2026 03:52:30 PM (UTC+1030),6278942.838,494156.233,93.841,0.767
27/01/2026 03:52:31 PM (UTC+1030),6278942.846,494156.223,93.84,0.767
27/01/2026 03:52:32 PM (UTC+1030),6278942.83,494156.215,93.841,0.767
27/01/2026 03:52:33 PM (UTC+1030),6278942.807,494156.231,93.846,0.767
27/01/2026 03:52:34 PM (UTC+1030),6278942.812,494156.226,93.846,0.768
27/01/2026 03:52:35 PM (UTC+1030),6278942.811,494156.217,93.847,0.768
27/01/2026 03:52:36 PM (UTC+1030),6278942.811,494156.212,93.846,0.768
27/01/2026 03:52:37 PM (UTC+1030),6278942.827,494156.301,93.729,1.176
27/01/2026 03:52:38 PM (UTC+1030),6278942.846,494156.293,93.717,1.197
27/01/2026 03:52:39 PM (UTC+1030),6278942.828,494156.312,93.719,1.197
27/01/2026 03:52:40 PM (UTC+1030),6278942.83,494156.331,93.727,1.083
27/01/2026 03:52:41 PM (UTC+1030),6278942.824,494156.336,93.727,1.083
27/01/2026 03:52:42 PM (UTC+1030),6278942.822,494156.327,93.731,1.083
27/01/2026 03:52:43 PM (UTC+1030),6278942.826,494156.333,93.738,1.058
27/01/2026 03:52:44 PM (UTC+1030),6278942.834,494156.334,93.739,1.058
27/01/2026 03:52:45 PM (UTC+1030),6278942.852,494156.335,93.736,1.058
27/01/2026 03:52:46 PM (UTC+1030),6278942.851,494156.34,93.727,1.053
27/01/2026 03:52:47 PM (UTC+1030),6278942.842,494156.347,93.727,1.053
27/01/2026 03:52:48 PM (UTC+1030),6278942.84,494156.329,93.732,1.053
27/01/2026 03:52:49 PM (UTC+1030),6278942.838,494156.335,93.739,0.998
27/01/2026 03:52:50 PM (UTC+1030),6278942.829,494156.341,93.738,0.998
27/01/2026 03:52:51 PM (UTC+1030),6278942.838,494156.36,93.737,0.927
27/01/2026 03:52:52 PM (UTC+1030),6278942.838,494156.354,93.739,0.927
27/01/2026 03:52:53 PM (UTC+1030),6278942.842,494156.371,93.735,0.927
27/01/2026 03:52:54 PM (UTC+1030),6278942.849,494156.369,93.736,0.917
27/01/2026 03:52:55 PM (UTC+1030),6278942.846,494156.37,93.739,0.905
27/01/2026 03:52:56 PM (UTC+1030),6278942.851,494156.365,93.737,0.905
27/01/2026 03:52:57 PM (UTC+1030),6278942.855,494156.377,93.734,0.903
27/01/2026 03:52:58 PM (UTC+1030),6278942.866,494156.363,93.732,0.903
27/01/2026 03:52:59 PM (UTC+1030),6278942.867,494156.376,93.728,0.903
27/01/2026 03:53:00 PM (UTC+1030),6278942.872,494156.359,93.72,0.895
27/01/2026 03:53:01 PM (UTC+1030),6278942.853,494156.371,93.729,0.882
27/01/2026 03:53:02 PM (UTC+1030),6278942.849,494156.38,93.736,0.882
27/01/2026 03:53:03 PM (UTC+1030),6278942.845,494156.382,93.731,0.884
27/01/2026 03:53:04 PM (UTC+1030),6278942.831,494156.386,93.733,0.886
27/01/2026 03:53:05 PM (UTC+1030),6278942.852,494156.37,93.725,0.872
27/01/2026 03:53:06 PM (UTC+1030),6278942.86,494156.368,93.724,0.872
27/01/2026 03:53:07 PM (UTC+1030),6278942.85,494156.389,93.729,0.874
27/01/2026 03:53:08 PM (UTC+1030),6278942.844,494156.408,93.723,0.874
27/01/2026 03:53:09 PM (UTC+1030),6278942.817,494156.421,93.725,0.874
27/01/2026 03:53:10 PM (UTC+1030),6278942.831,494156.409,93.726,0.855
27/01/2026 03:53:11 PM (UTC+1030),6278942.841,494156.411,93.726,0.855
27/01/2026 03:53:12 PM (UTC+1030),6278942.84,494156.391,93.717,0.844
27/01/2026 03:53:13 PM (UTC+1030),6278942.84,494156.37,93.723,0.844
27/01/2026 03:53:14 PM (UTC+1030),6278942.848,494156.363,93.725,0.836
27/01/2026 03:53:15 PM (UTC+1030),6278942.854,494156.355,93.738,0.836
27/01/2026 03:53:16 PM (UTC+1030),6278942.871,494156.363,93.715,0.862
27/01/2026 03:53:17 PM (UTC+1030),6278942.872,494156.369,93.714,0.862
27/01/2026 03:53:18 PM (UTC+1030),6278942.863,494156.363,93.695,0.904
27/01/2026 03:53:19 PM (UTC+1030),6278942.876,494156.358,93.696,0.889
27/01/2026 03:53:20 PM (UTC+1030),6278942.877,494156.363,93.699,0.889
27/01/2026 03:53:21 PM (UTC+1030),6278942.851,494156.365,93.712,0.9
27/01/2026 03:53:22 PM (UTC+1030),6278942.861,494156.366,93.703,0.9
27/01/2026 03:53:23 PM (UTC+1030),6278942.863,494156.371,93.699,0.901
27/01/2026 03:53:24 PM (UTC+1030),6278942.863,494156.355,93.697,0.901
27/01/2026 03:53:25 PM (UTC+1030),6278942.868,494156.359,93.689,0.901
27/01/2026 03:53:26 PM (UTC+1030),6278942.863,494156.373,93.697,0.901
27/01/2026 03:53:27 PM (UTC+1030),6278942.855,494156.362,93.705,0.903
27/01/2026 03:53:28 PM (UTC+1030),6278942.85,494156.356,93.698,0.903
27/01/2026 03:53:29 PM (UTC+1030),6278942.85,494156.372,93.689,0.889
27/01/2026 03:53:30 PM (UTC+1030),6278942.841,494156.371,93.697,0.889
27/01/2026 03:53:31 PM (UTC+1030),6278942.848,494156.367,93.701,0.893
27/01/2026 03:53:32 PM (UTC+1030),6278942.843,494156.398,93.696,0.893
27/01/2026 03:53:33 PM (UTC+1030),6278942.858,494156.388,93.694,0.896
27/01/2026 03:53:34 PM (UTC+1030),6278942.857,494156.376,93.694,0.896
27/01/2026 03:53:35 PM (UTC+1030),6278942.859,494156.377,93.698,0.898
27/01/2026 03:53:36 PM (UTC+1030),6278942.866,494156.376,93.691,0.898
27/01/2026 03:53:37 PM (UTC+1030),6278942.838,494156.403,93.696,0.901
27/01/2026 03:53:38 PM (UTC+1030),6278942.861,494156.4,93.693,0.893
27/01/2026 03:53:39 PM (UTC+1030),6278942.796,494156.403,93.698,0.893
27/01/2026 03:53:40 PM (UTC+1030),6278942.801,494156.424,93.676,0.893
27/01/2026 03:53:41 PM (UTC+1030),6278942.9,494156.345,93.674,0.893
27/01/2026 03:53:42 PM (UTC+1030),6278942.803,494156.342,93.687,0.893
27/01/2026 03:53:43 PM (UTC+1030),6278942.819,494156.345,93.686,0.893
27/01/2026 03:53:44 PM (UTC+1030),6278942.803,494156.347,93.694,0.893
27/01/2026 03:53:45 PM (UTC+1030),6278942.773,494156.36,93.692,0.902
27/01/2026 03:53:46 PM (UTC+1030),6278942.823,494156.332,93.688,0.888
27/01/2026 03:53:47 PM (UTC+1030),6278942.85,494156.334,93.688,0.888
27/01/2026 03:53:48 PM (UTC+1030),6278942.826,494156.325,93.693,0.888
27/01/2026 03:53:49 PM (UTC+1030),6278942.845,494156.313,93.684,0.948
27/01/2026 03:53:50 PM (UTC+1030),6278942.839,494156.32,93.691,0.948
27/01/2026 03:53:51 PM (UTC+1030),6278942.861,494156.311,93.684,0.894
27/01/2026 03:53:52 PM (UTC+1030),6278942.861,494156.323,93.684,0.894
27/01/2026 03:53:53 PM (UTC+1030),6278942.889,494156.312,93.678,0.894
27/01/2026 03:53:54 PM (UTC+1030),6278942.878,494156.312,93.684,0.892
27/01/2026 03:53:55 PM (UTC+1030),6278942.883,494156.327,93.685,0.894
27/01/2026 03:53:56 PM (UTC+1030),6278942.916,494156.331,93.677,0.894
27/01/2026 03:53:57 PM (UTC+1030),6278942.884,494156.356,93.682,0.892
27/01/2026 03:53:58 PM (UTC+1030),6278942.875,494156.35,93.675,0.892
27/01/2026 03:53:59 PM (UTC+1030),6278942.899,494156.311,93.663,0.894
27/01/2026 03:54:00 PM (UTC+1030),6278942.904,494156.332,93.66,0.894
27/01/2026 03:54:01 PM (UTC+1030),6278942.884,494156.356,93.661,0.894
27/01/2026 03:54:02 PM (UTC+1030),6278942.89,494156.344,93.661,0.85
27/01/2026 03:54:03 PM (UTC+1030),6278942.886,494156.35,93.66,0.863
27/01/2026 03:54:04 PM (UTC+1030),6278942.878,494156.344,93.672,0.863
27/01/2026 03:54:05 PM (UTC+1030),6278942.932,494156.339,93.663,0.863
27/01/2026 03:54:06 PM (UTC+1030),6278943.011,494156.375,93.66,0.813
27/01/2026 03:54:07 PM (UTC+1030),6278942.952,494156.391,93.664,0.825
27/01/2026 03:54:08 PM (UTC+1030),6278942.905,494156.379,93.664,0.825
27/01/2026 03:54:09 PM (UTC+1030),6278942.893,494156.337,93.659,0.827
27/01/2026 03:54:10 PM (UTC+1030),6278942.928,494156.346,93.656,0.837
27/01/2026 03:54:11 PM (UTC+1030),6278942.889,494156.375,93.652,0.869
27/01/2026 03:54:12 PM (UTC+1030),6278942.879,494156.379,93.644,0.869
27/01/2026 03:54:13 PM (UTC+1030),6278942.876,494156.379,93.645,0.869
27/01/2026 03:54:14 PM (UTC+1030),6278942.885,494156.333,93.632,0.858
27/01/2026 03:54:15 PM (UTC+1030),6278942.9,494156.359,93.632,0.831
27/01/2026 03:54:16 PM (UTC+1030),6278942.909,494156.35,93.636,0.831
27/01/2026 03:54:17 PM (UTC+1030),6278942.902,494156.346,93.642,0.832
27/01/2026 03:54:18 PM (UTC+1030),6278942.916,494156.342,93.638,0.832
27/01/2026 03:54:19 PM (UTC+1030),6278942.897,494156.327,93.63,0.858
27/01/2026 03:54:20 PM (UTC+1030),6278942.912,494156.349,93.632,0.858
27/01/2026 03:54:21 PM (UTC+1030),6278942.972,494156.362,93.623,0.839
27/01/2026 03:54:22 PM (UTC+1030),6278943.043,494156.305,93.614,0.839
27/01/2026 03:54:23 PM (UTC+1030),6278942.843,494156.089,93.639,0.839
27/01/2026 03:54:24 PM (UTC+1030),6278942.833,494155.831,93.469,1.099
27/01/2026 03:54:25 PM (UTC+1030),6278942.909,494155.509,93.446,1.104
27/01/2026 03:54:26 PM (UTC+1030),6278942.892,494155.061,93.44,1.104
27/01/2026 03:54:27 PM (UTC+1030),6278942.932,494154.571,93.416,1.111
27/01/2026 03:54:28 PM (UTC+1030),6278943.001,494153.877,93.432,1.111
27/01/2026 03:54:29 PM (UTC+1030),6278942.869,494153.167,93.388,1.123
27/01/2026 03:54:30 PM (UTC+1030),6278942.772,494152.422,93.362,1.123
27/01/2026 03:54:31 PM (UTC+1030),6278942.768,494151.621,93.365,1.123
27/01/2026 03:54:32 PM (UTC+1030),6278942.701,494150.752,93.297,1.123
27/01/2026 03:54:33 PM (UTC+1030),6278942.714,494149.808,93.306,1.121
27/01/2026 03:54:34 PM (UTC+1030),6278942.745,494148.832,93.297,1.121
27/01/2026 03:54:35 PM (UTC+1030),6278942.626,494147.818,93.24,1.121
27/01/2026 03:54:36 PM (UTC+1030),6278942.595,494146.78,93.248,1.126
27/01/2026 03:54:37 PM (UTC+1030),6278942.493,494145.694,93.151,1.126
27/01/2026 03:54:38 PM (UTC+1030),6278942.432,494144.634,93.155,1.137
27/01/2026 03:54:39 PM (UTC+1030),6278942.246,494143.626,93.084,1.137
27/01/2026 03:54:40 PM (UTC+1030),6278942.154,494142.52,93.088,1.135
27/01/2026 03:54:41 PM (UTC+1030),6278942.09,494141.384,92.996,1.156
27/01/2026 03:54:42 PM (UTC+1030),6278942.103,494140.269,92.942,1.156
27/01/2026 03:54:43 PM (UTC+1030),6278942.098,494139.116,92.898,1.159
27/01/2026 03:54:44 PM (UTC+1030),6278942.037,494138.018,92.782,1.159
27/01/2026 03:54:45 PM (UTC+1030),6278942.001,494136.932,92.753,1.166
27/01/2026 03:54:46 PM (UTC+1030),6278941.99,494135.847,92.666,1.166
27/01/2026 03:54:47 PM (UTC+1030),6278941.927,494134.748,92.633,1.168
27/01/2026 03:54:48 PM (UTC+1030),6278941.89,494133.604,92.573,1.177
27/01/2026 03:54:49 PM (UTC+1030),6278941.918,494132.456,92.461,1.178
27/01/2026 03:54:50 PM (UTC+1030),6278941.942,494131.265,92.41,1.178
27/01/2026 03:54:51 PM (UTC+1030),6278941.856,494130.154,92.285,1.185
27/01/2026 03:54:52 PM (UTC+1030),6278941.802,494128.979,92.23,1.185
27/01/2026 03:54:53 PM (UTC+1030),6278941.726,494127.809,92.184,1.185
27/01/2026 03:54:54 PM (UTC+1030),6278941.659,494126.68,92.043,1.176
27/01/2026 03:54:55 PM (UTC+1030),6278941.515,494125.557,91.964,1.173
27/01/2026 03:54:56 PM (UTC+1030),6278941.536,494124.467,91.909,1.173
27/01/2026 03:54:57 PM (UTC+1030),6278941.488,494123.303,91.794,1.173
27/01/2026 03:54:58 PM (UTC+1030),6278941.414,494122.117,91.779,1.149
27/01/2026 03:54:59 PM (UTC+1030),6278941.26,494120.954,91.647,1.135
27/01/2026 03:55:00 PM (UTC+1030),6278941.042,494119.847,91.576,1.135
27/01/2026 03:55:01 PM (UTC+1030),6278940.924,494118.711,91.563,1.135
27/01/2026 03:55:02 PM (UTC+1030),6278940.835,494117.533,91.439,1.119
27/01/2026 03:55:03 PM (UTC+1030),6278940.814,494116.446,91.37,1.103
27/01/2026 03:55:04 PM (UTC+1030),6278940.883,494115.223,91.336,1.103
27/01/2026 03:55:05 PM (UTC+1030),6278940.919,494114.025,91.22,1.084
27/01/2026 03:55:06 PM (UTC+1030),6278940.934,494112.826,91.137,1.084
27/01/2026 03:55:07 PM (UTC+1030),6278940.953,494111.567,91.12,1.084
27/01/2026 03:55:08 PM (UTC+1030),6278940.913,494110.351,91.04,1.054
27/01/2026 03:55:09 PM (UTC+1030),6278940.917,494109.168,90.919,1.054
27/01/2026 03:55:10 PM (UTC+1030),6278940.947,494107.898,90.865,1.035
27/01/2026 03:55:11 PM (UTC+1030),6278940.789,494106.663,90.854,1.037
27/01/2026 03:55:12 PM (UTC+1030),6278940.727,494105.483,90.73,1.023
27/01/2026 03:55:13 PM (UTC+1030),6278940.697,494104.319,90.729,1.023
27/01/2026 03:55:14 PM (UTC+1030),6278940.678,494103.101,90.688,0.992
27/01/2026 03:55:15 PM (UTC+1030),6278940.533,494101.942,90.597,0.962
27/01/2026 03:55:16 PM (UTC+1030),6278940.48,494100.746,90.544,0.962
27/01/2026 03:55:17 PM (UTC+1030),6278940.431,494099.538,90.542,0.962
27/01/2026 03:55:18 PM (UTC+1030),6278940.369,494098.295,90.457,0.755
27/01/2026 03:55:19 PM (UTC+1030),6278940.261,494097.16,90.397,0.755
27/01/2026 03:55:20 PM (UTC+1030),6278940.245,494095.945,90.361,0.714
27/01/2026 03:55:21 PM (UTC+1030),6278940.246,494094.741,90.264,0.714
27/01/2026 03:55:22 PM (UTC+1030),6278940.178,494093.535,90.244,0.672
27/01/2026 03:55:23 PM (UTC+1030),6278940.122,494092.322,90.135,0.672
27/01/2026 03:55:24 PM (UTC+1030),6278940.045,494091.107,90.121,0.487
27/01/2026 03:55:25 PM (UTC+1030),6278940.049,494089.945,90.13,0.476
27/01/2026 03:55:26 PM (UTC+1030),6278939.995,494088.797,90.053,0.481
27/01/2026 03:55:27 PM (UTC+1030),6278939.963,494087.585,90.046,0.481
27/01/2026 03:55:28 PM (UTC+1030),6278939.852,494086.333,89.963,0.444
27/01/2026 03:55:29 PM (UTC+1030),6278939.793,494085.103,89.838,0.414
27/01/2026 03:55:30 PM (UTC+1030),6278939.764,494083.934,89.843,0.414
27/01/2026 03:55:31 PM (UTC+1030),6278939.813,494082.664,89.774,0.404
27/01/2026 03:55:32 PM (UTC+1030),6278939.792,494081.437,89.68,0.404
27/01/2026 03:55:33 PM (UTC+1030),6278939.769,494080.255,89.68,0.404
27/01/2026 03:55:34 PM (UTC+1030),6278939.672,494079.067,89.629,0.371
27/01/2026 03:55:35 PM (UTC+1030),6278939.666,494077.886,89.557,0.371
27/01/2026 03:55:36 PM (UTC+1030),6278939.661,494076.707,89.564,0.371
27/01/2026 03:55:37 PM (UTC+1030),6278939.61,494075.485,89.506,0.366
27/01/2026 03:55:38 PM (UTC+1030),6278939.666,494074.341,89.427,0.366
27/01/2026 03:55:39 PM (UTC+1030),6278939.631,494073.173,89.453,0.36
27/01/2026 03:55:40 PM (UTC+1030),6278939.538,494072.033,89.399,0.36
27/01/2026 03:55:41 PM (UTC+1030),6278939.444,494070.909,89.347,0.373
27/01/2026 03:55:42 PM (UTC+1030),6278939.498,494069.695,89.34,0.374
27/01/2026 03:55:43 PM (UTC+1030),6278939.476,494068.51,89.269,0.374
27/01/2026 03:55:44 PM (UTC+1030),6278939.421,494067.396,89.256,0.374
27/01/2026 03:55:45 PM (UTC+1030),6278939.255,494066.239,89.234,0.365
27/01/2026 03:55:46 PM (UTC+1030),6278939.14,494065.16,89.205,0.368
27/01/2026 03:55:47 PM (UTC+1030),6278939.106,494063.963,89.203,0.368
27/01/2026 03:55:48 PM (UTC+1030),6278938.98,494062.789,89.106,0.341
27/01/2026 03:55:49 PM (UTC+1030),6278938.893,494061.582,89.127,0.341
27/01/2026 03:55:50 PM (UTC+1030),6278938.831,494060.353,89.112,0.325
27/01/2026 03:55:51 PM (UTC+1030),6278938.844,494059.226,89.015,0.325
27/01/2026 03:55:52 PM (UTC+1030),6278938.737,494058.074,89.018,0.36
27/01/2026 03:55:53 PM (UTC+1030),6278938.589,494056.861,88.976,0.36
27/01/2026 03:55:54 PM (UTC+1030),6278938.594,494055.706,88.842,0.4
27/01/2026 03:55:55 PM (UTC+1030),6278938.65,494054.593,88.816,0.4
27/01/2026 03:55:56 PM (UTC+1030),6278938.601,494053.51,88.804,0.432
27/01/2026 03:55:57 PM (UTC+1030),6278938.458,494052.414,88.754,0.429
27/01/2026 03:55:58 PM (UTC+1030),6278938.274,494051.363,88.763,0.429
27/01/2026 03:55:59 PM (UTC+1030),6278938.266,494050.156,88.735,0.429
27/01/2026 03:56:00 PM (UTC+1030),6278938.258,494048.949,88.655,0.433
27/01/2026 03:56:01 PM (UTC+1030),6278938.227,494047.847,88.665,0.462
27/01/2026 03:56:02 PM (UTC+1030),6278938.206,494046.693,88.652,0.462
27/01/2026 03:56:03 PM (UTC+1030),6278938.025,494045.475,88.537,0.498
27/01/2026 03:56:04 PM (UTC+1030),6278937.906,494044.255,88.547,0.498
27/01/2026 03:56:05 PM (UTC+1030),6278937.899,494043.028,88.563,0.498
27/01/2026 03:56:06 PM (UTC+1030),6278937.927,494041.787,88.451,0.57
27/01/2026 03:56:07 PM (UTC+1030),6278937.987,494040.608,88.437,0.57
27/01/2026 03:56:08 PM (UTC+1030),6278938.033,494039.445,88.437,0.57
27/01/2026 03:56:09 PM (UTC+1030),6278938.078,494038.215,88.353,0.583
27/01/2026 03:56:10 PM (UTC+1030),6278938.006,494037.044,88.293,0.621
27/01/2026 03:56:11 PM (UTC+1030),6278937.921,494035.893,88.298,0.621
27/01/2026 03:56:12 PM (UTC+1030),6278937.927,494034.7,88.27,0.621
27/01/2026 03:56:13 PM (UTC+1030),6278937.908,494033.465,88.194,0.621
27/01/2026 03:56:14 PM (UTC+1030),6278937.892,494032.257,88.191,0.64
27/01/2026 03:56:15 PM (UTC+1030),6278937.86,494031,88.154,0.65
27/01/2026 03:56:16 PM (UTC+1030),6278937.835,494029.818,88.066,0.668
27/01/2026 03:56:17 PM (UTC+1030),6278937.771,494028.628,88.076,0.668
27/01/2026 03:56:18 PM (UTC+1030),6278937.773,494027.444,88.065,0.668
27/01/2026 03:56:19 PM (UTC+1030),6278937.796,494026.288,87.97,0.683
27/01/2026 03:56:20 PM (UTC+1030),6278937.802,494025.105,87.961,0.726
27/01/2026 03:56:21 PM (UTC+1030),6278937.777,494023.924,87.962,0.726
27/01/2026 03:56:22 PM (UTC+1030),6278937.71,494022.773,87.873,0.726
27/01/2026 03:56:23 PM (UTC+1030),6278937.736,494021.612,87.883,0.726
27/01/2026 03:56:24 PM (UTC+1030),6278937.726,494020.488,87.886,0.741
27/01/2026 03:56:25 PM (UTC+1030),6278937.664,494019.327,87.776,0.77
27/01/2026 03:56:26 PM (UTC+1030),6278937.67,494018.127,87.772,0.77
27/01/2026 03:56:27 PM (UTC+1030),6278937.662,494016.963,87.747,0.793
27/01/2026 03:56:28 PM (UTC+1030),6278937.722,494015.799,87.645,0.793
27/01/2026 03:56:29 PM (UTC+1030),6278937.719,494014.712,87.693,0.812
27/01/2026 03:56:30 PM (UTC+1030),6278937.632,494013.552,87.638,0.833
27/01/2026 03:56:31 PM (UTC+1030),6278937.59,494012.402,87.606,0.833
27/01/2026 03:56:32 PM (UTC+1030),6278937.543,494011.224,87.649,0.833
27/01/2026 03:56:33 PM (UTC+1030),6278937.448,494010.074,87.611,0.819
27/01/2026 03:56:34 PM (UTC+1030),6278937.329,494008.887,87.556,0.819
27/01/2026 03:56:35 PM (UTC+1030),6278937.291,494007.699,87.581,0.829
27/01/2026 03:56:36 PM (UTC+1030),6278937.353,494006.517,87.518,0.829
27/01/2026 03:56:37 PM (UTC+1030),6278937.369,494005.363,87.445,0.852
27/01/2026 03:56:38 PM (UTC+1030),6278937.317,494004.207,87.473,0.852
27/01/2026 03:56:39 PM (UTC+1030),6278937.257,494002.996,87.416,0.861
27/01/2026 03:56:40 PM (UTC+1030),6278937.239,494001.786,87.361,0.862
27/01/2026 03:56:41 PM (UTC+1030),6278937.119,494000.545,87.184,0.848
27/01/2026 03:56:42 PM (UTC+1030),6278937.225,493999.336,87.171,0.848
27/01/2026 03:56:43 PM (UTC+1030),6278937.27,493998.146,87.105,0.848
27/01/2026 03:56:44 PM (UTC+1030),6278937.23,493997,87.087,0.865
27/01/2026 03:56:45 PM (UTC+1030),6278937.166,493995.856,87.102,0.848
27/01/2026 03:56:46 PM (UTC+1030),6278937.104,493994.701,87.06,0.848
27/01/2026 03:56:47 PM (UTC+1030),6278937.049,493993.566,86.999,0.833
27/01/2026 03:56:48 PM (UTC+1030),6278937.104,493992.302,87.013,0.833
27/01/2026 03:56:49 PM (UTC+1030),6278937.113,493991.041,86.968,0.814
27/01/2026 03:56:50 PM (UTC+1030),6278937.052,493989.873,86.915,0.814
27/01/2026 03:56:51 PM (UTC+1030),6278937.005,493988.689,86.888,0.788
27/01/2026 03:56:52 PM (UTC+1030),6278936.985,493987.477,86.908,0.788
27/01/2026 03:56:53 PM (UTC+1030),6278936.983,493986.251,86.886,0.788
27/01/2026 03:56:54 PM (UTC+1030),6278936.835,493985.106,86.87,0.788
27/01/2026 03:56:55 PM (UTC+1030),6278936.803,493983.902,86.875,0.758
27/01/2026 03:56:56 PM (UTC+1030),6278936.743,493982.689,86.799,0.744
27/01/2026 03:56:57 PM (UTC+1030),6278936.696,493981.482,86.808,0.744
27/01/2026 03:56:58 PM (UTC+1030),6278936.751,493980.289,86.809,0.744
27/01/2026 03:56:59 PM (UTC+1030),6278936.742,493979.132,86.707,0.726
27/01/2026 03:57:00 PM (UTC+1030),6278936.708,493977.988,86.732,0.691
27/01/2026 03:57:01 PM (UTC+1030),6278936.697,493976.829,86.735,0.691
27/01/2026 03:57:02 PM (UTC+1030),6278936.665,493975.599,86.648,0.656
27/01/2026 03:57:03 PM (UTC+1030),6278936.659,493974.38,86.642,0.656
27/01/2026 03:57:04 PM (UTC+1030),6278936.685,493973.198,86.697,0.656
27/01/2026 03:57:05 PM (UTC+1030),6278936.735,493972.026,86.647,0.627
27/01/2026 03:57:06 PM (UTC+1030),6278936.695,493970.894,86.61,0.627
27/01/2026 03:57:07 PM (UTC+1030),6278936.703,493969.759,86.709,0.684
27/01/2026 03:57:08 PM (UTC+1030),6278936.671,493968.614,86.669,0.684
27/01/2026 03:57:09 PM (UTC+1030),6278936.645,493967.467,86.671,0.704
27/01/2026 03:57:10 PM (UTC+1030),6278936.695,493966.282,86.736,0.704
27/01/2026 03:57:11 PM (UTC+1030),6278936.707,493965.123,86.751,0.716
27/01/2026 03:57:12 PM (UTC+1030),6278936.665,493963.996,86.716,0.716
27/01/2026 03:57:13 PM (UTC+1030),6278936.592,493962.838,86.776,0.716
27/01/2026 03:57:14 PM (UTC+1030),6278936.629,493961.646,86.691,0.716
27/01/2026 03:57:15 PM (UTC+1030),6278936.742,493960.48,86.702,0.716
27/01/2026 03:57:16 PM (UTC+1030),6278936.754,493959.365,86.709,0.716
27/01/2026 03:57:17 PM (UTC+1030),6278936.748,493958.232,86.665,0.716
27/01/2026 03:57:18 PM (UTC+1030),6278936.735,493957.143,86.744,0.719
27/01/2026 03:57:19 PM (UTC+1030),6278936.703,493956.114,86.709,0.721
27/01/2026 03:57:20 PM (UTC+1030),6278936.759,493955.04,86.756,0.683
27/01/2026 03:57:21 PM (UTC+1030),6278936.741,493953.996,86.706,0.685
27/01/2026 03:57:22 PM (UTC+1030),6278936.638,493952.958,86.771,0.682
27/01/2026 03:57:23 PM (UTC+1030),6278936.695,493951.937,86.722,0.682
27/01/2026 03:57:24 PM (UTC+1030),6278936.753,493950.839,86.745,0.685
27/01/2026 03:57:25 PM (UTC+1030),6278936.617,493949.827,86.656,0.688
27/01/2026 03:57:26 PM (UTC+1030),6278936.526,493948.771,86.703,0.693
27/01/2026 03:57:27 PM (UTC+1030),6278936.589,493947.649,86.591,0.691
27/01/2026 03:57:28 PM (UTC+1030),6278936.519,493946.48,86.604,0.691
27/01/2026 03:57:29 PM (UTC+1030),6278936.484,493945.345,86.534,0.693
27/01/2026 03:57:30 PM (UTC+1030),6278936.453,493944.18,86.515,0.685
27/01/2026 03:57:31 PM (UTC+1030),6278936.458,493942.986,86.48,0.687
27/01/2026 03:57:32 PM (UTC+1030),6278936.432,493941.861,86.42,0.673
27/01/2026 03:57:33 PM (UTC+1030),6278936.462,493940.755,86.439,0.673
27/01/2026 03:57:34 PM (UTC+1030),6278936.453,493939.653,86.324,0.646
27/01/2026 03:57:35 PM (UTC+1030),6278936.396,493938.572,86.355,0.644
27/01/2026 03:57:36 PM (UTC+1030),6278936.362,493937.405,86.306,0.644
27/01/2026 03:57:37 PM (UTC+1030),6278936.28,493936.25,86.233,0.644
27/01/2026 03:57:38 PM (UTC+1030),6278936.268,493935.138,86.234,0.622
27/01/2026 03:57:39 PM (UTC+1030),6278936.302,493934.013,86.171,0.615
27/01/2026 03:57:40 PM (UTC+1030),6278936.235,493932.938,86.15,0.615
27/01/2026 03:57:41 PM (UTC+1030),6278936.101,493931.773,86.143,0.615
27/01/2026 03:57:42 PM (UTC+1030),6278936.001,493930.613,86.047,0.607
27/01/2026 03:57:43 PM (UTC+1030),6278935.911,493929.521,86.008,0.604
27/01/2026 03:57:44 PM (UTC+1030),6278935.974,493928.364,86.009,0.604
27/01/2026 03:57:45 PM (UTC+1030),6278935.915,493927.289,85.91,0.605
27/01/2026 03:57:46 PM (UTC+1030),6278935.785,493926.145,85.876,0.588
27/01/2026 03:57:47 PM (UTC+1030),6278935.883,493925.012,85.842,0.588
27/01/2026 03:57:48 PM (UTC+1030),6278935.823,493923.879,85.755,0.575
27/01/2026 03:57:49 PM (UTC+1030),6278935.755,493922.773,85.747,0.553
27/01/2026 03:57:50 PM (UTC+1030),6278935.786,493921.636,85.714,0.553
27/01/2026 03:57:51 PM (UTC+1030),6278935.743,493920.467,85.607,0.537
27/01/2026 03:57:52 PM (UTC+1030),6278935.594,493919.364,85.622,0.537
27/01/2026 03:57:53 PM (UTC+1030),6278935.582,493918.187,85.576,0.524
27/01/2026 03:57:54 PM (UTC+1030),6278935.613,493917.104,85.496,0.524
27/01/2026 03:57:55 PM (UTC+1030),6278935.471,493915.934,85.443,0.51
27/01/2026 03:57:56 PM (UTC+1030),6278935.442,493914.833,85.412,0.51
27/01/2026 03:57:57 PM (UTC+1030),6278935.567,493913.652,85.317,0.493
27/01/2026 03:57:58 PM (UTC+1030),6278935.568,493912.525,85.253,0.493
27/01/2026 03:57:59 PM (UTC+1030),6278935.518,493911.39,85.268,0.495
27/01/2026 03:58:00 PM (UTC+1030),6278935.493,493910.298,85.161,0.482
27/01/2026 03:58:01 PM (UTC+1030),6278935.492,493909.206,85.185,0.47
27/01/2026 03:58:02 PM (UTC+1030),6278935.369,493908.104,85.163,0.47
27/01/2026 03:58:03 PM (UTC+1030),6278935.365,493906.989,85.093,0.452
27/01/2026 03:58:04 PM (UTC+1030),6278935.427,493905.882,85.128,0.452
27/01/2026 03:58:05 PM (UTC+1030),6278935.412,493904.743,85.013,0.437
27/01/2026 03:58:06 PM (UTC+1030),6278935.336,493903.582,84.995,0.437
27/01/2026 03:58:07 PM (UTC+1030),6278935.226,493902.445,84.993,0.437
27/01/2026 03:58:08 PM (UTC+1030),6278935.025,493901.325,84.937,0.421
27/01/2026 03:58:09 PM (UTC+1030),6278934.81,493900.227,84.873,0.421
27/01/2026 03:58:10 PM (UTC+1030),6278934.541,493899.032,84.852,0.398
27/01/2026 03:58:11 PM (UTC+1030),6278934.339,493897.85,84.841,0.4
27/01/2026 03:58:12 PM (UTC+1030),6278934.287,493896.697,84.723,0.264
27/01/2026 03:58:13 PM (UTC+1030),6278934.198,493895.481,84.728,0.264
27/01/2026 03:58:14 PM (UTC+1030),6278934.212,493894.289,84.662,0.257
27/01/2026 03:58:15 PM (UTC+1030),6278934.235,493893.056,84.514,0.257
27/01/2026 03:58:16 PM (UTC+1030),6278934.156,493891.906,84.501,0.241
27/01/2026 03:58:17 PM (UTC+1030),6278934.124,493890.641,84.412,0.241
27/01/2026 03:58:18 PM (UTC+1030),6278934.145,493889.453,84.362,0.248
27/01/2026 03:58:19 PM (UTC+1030),6278934.117,493888.218,84.337,0.238
27/01/2026 03:58:20 PM (UTC+1030),6278934.107,493887.057,84.231,0.238
27/01/2026 03:58:21 PM (UTC+1030),6278934.114,493885.931,84.261,0.24
27/01/2026 03:58:22 PM (UTC+1030),6278934.094,493884.764,84.157,0.24
27/01/2026 03:58:23 PM (UTC+1030),6278934.101,493883.53,84.05,0.24
27/01/2026 03:58:24 PM (UTC+1030),6278934.05,493882.314,84.007,0.23
27/01/2026 03:58:25 PM (UTC+1030),6278933.956,493881.108,83.915,0.23
27/01/2026 03:58:26 PM (UTC+1030),6278933.957,493879.895,83.805,0.215
27/01/2026 03:58:27 PM (UTC+1030),6278933.935,493878.642,83.775,0.215
27/01/2026 03:58:28 PM (UTC+1030),6278933.899,493877.431,83.715,0.223
27/01/2026 03:58:29 PM (UTC+1030),6278933.93,493876.278,83.63,0.226
27/01/2026 03:58:30 PM (UTC+1030),6278933.969,493875.1,83.592,0.226
27/01/2026 03:58:31 PM (UTC+1030),6278933.976,493873.92,83.47,0.228
27/01/2026 03:58:32 PM (UTC+1030),6278933.831,493872.738,83.386,0.223
27/01/2026 03:58:33 PM (UTC+1030),6278933.8,493871.529,83.342,0.213
27/01/2026 03:58:34 PM (UTC+1030),6278933.823,493870.383,83.207,0.213
27/01/2026 03:58:35 PM (UTC+1030),6278933.867,493869.179,83.15,0.211
27/01/2026 03:58:36 PM (UTC+1030),6278933.949,493868.025,83.138,0.213
27/01/2026 03:58:37 PM (UTC+1030),6278933.894,493866.901,83.007,0.213
27/01/2026 03:58:38 PM (UTC+1030),6278933.798,493865.793,82.955,0.211
27/01/2026 03:58:39 PM (UTC+1030),6278933.611,493864.759,82.959,0.209
27/01/2026 03:58:40 PM (UTC+1030),6278933.599,493863.619,82.862,0.211
27/01/2026 03:58:41 PM (UTC+1030),6278933.664,493862.554,82.868,0.211
27/01/2026 03:58:42 PM (UTC+1030),6278933.788,493861.43,82.852,0.211
27/01/2026 03:58:43 PM (UTC+1030),6278933.866,493860.225,82.763,0.216
27/01/2026 03:58:44 PM (UTC+1030),6278933.904,493858.989,82.722,0.216
27/01/2026 03:58:45 PM (UTC+1030),6278934.033,493857.852,82.691,0.218
27/01/2026 03:58:46 PM (UTC+1030),6278934.08,493856.716,82.597,0.204
27/01/2026 03:58:47 PM (UTC+1030),6278933.986,493855.506,82.507,0.199
27/01/2026 03:58:48 PM (UTC+1030),6278934.034,493854.283,82.494,0.199
27/01/2026 03:58:49 PM (UTC+1030),6278934.263,493853.121,82.569,0.201
27/01/2026 03:58:50 PM (UTC+1030),6278934.442,493852.029,82.604,0.188
27/01/2026 03:58:51 PM (UTC+1030),6278934.434,493850.959,82.571,0.19
27/01/2026 03:58:52 PM (UTC+1030),6278934.406,493849.783,82.645,0.183
27/01/2026 03:58:53 PM (UTC+1030),6278934.338,493848.651,82.69,0.188
27/01/2026 03:58:54 PM (UTC+1030),6278934.285,493847.421,82.703,0.188
27/01/2026 03:58:55 PM (UTC+1030),6278934.398,493846.203,82.653,0.187
27/01/2026 03:58:56 PM (UTC+1030),6278934.513,493844.967,82.715,0.188
27/01/2026 03:58:57 PM (UTC+1030),6278934.483,493843.852,82.814,0.188
27/01/2026 03:58:58 PM (UTC+1030),6278934.477,493842.659,82.831,0.188
27/01/2026 03:58:59 PM (UTC+1030),6278934.506,493841.482,82.819,0.188
27/01/2026 03:59:00 PM (UTC+1030),6278934.622,493840.325,82.849,0.18
27/01/2026 03:59:01 PM (UTC+1030),6278934.783,493839.199,82.9,0.181
27/01/2026 03:59:02 PM (UTC+1030),6278934.987,493838.034,82.866,0.157
27/01/2026 03:59:03 PM (UTC+1030),6278935.22,493837.017,82.857,0.157
27/01/2026 03:59:04 PM (UTC+1030),6278935.426,493835.899,82.918,0.163
27/01/2026 03:59:05 PM (UTC+1030),6278935.593,493834.685,82.964,0.164
27/01/2026 03:59:06 PM (UTC+1030),6278935.839,493833.552,82.961,0.163
27/01/2026 03:59:07 PM (UTC+1030),6278936.016,493832.396,82.95,0.163
27/01/2026 03:59:08 PM (UTC+1030),6278936.296,493831.287,83.012,0.164
27/01/2026 03:59:09 PM (UTC+1030),6278936.534,493830.133,83.059,0.163
27/01/2026 03:59:10 PM (UTC+1030),6278936.612,493828.958,83.02,0.163
27/01/2026 03:59:11 PM (UTC+1030),6278936.653,493827.806,83.005,0.164
27/01/2026 03:59:12 PM (UTC+1030),6278936.736,493826.667,83.074,0.159
27/01/2026 03:59:13 PM (UTC+1030),6278936.948,493825.502,83.127,0.159
27/01/2026 03:59:14 PM (UTC+1030),6278937.172,493824.376,83.125,0.157
27/01/2026 03:59:15 PM (UTC+1030),6278937.174,493823.177,83.086,0.159
27/01/2026 03:59:16 PM (UTC+1030),6278937.252,493822.015,83.18,0.159
27/01/2026 03:59:17 PM (UTC+1030),6278937.369,493820.807,83.22,0.159
27/01/2026 03:59:18 PM (UTC+1030),6278937.41,493819.607,83.199,0.157
27/01/2026 03:59:19 PM (UTC+1030),6278937.531,493818.383,83.183,0.156
27/01/2026 03:59:20 PM (UTC+1030),6278937.687,493817.174,83.196,0.156
27/01/2026 03:59:21 PM (UTC+1030),6278937.741,493815.984,83.277,0.157
27/01/2026 03:59:22 PM (UTC+1030),6278937.973,493814.805,83.279,0.157
27/01/2026 03:59:23 PM (UTC+1030),6278938.174,493813.712,83.236,0.157
27/01/2026 03:59:24 PM (UTC+1030),6278938.317,493812.543,83.296,0.157
27/01/2026 03:59:25 PM (UTC+1030),6278938.32,493811.262,83.357,0.156
27/01/2026 03:59:26 PM (UTC+1030),6278938.396,493810.029,83.338,0.158
27/01/2026 03:59:27 PM (UTC+1030),6278938.476,493808.874,83.343,0.157
27/01/2026 03:59:28 PM (UTC+1030),6278938.442,493807.739,83.384,0.16
27/01/2026 03:59:29 PM (UTC+1030),6278938.364,493806.589,83.478,0.16
27/01/2026 03:59:30 PM (UTC+1030),6278938.272,493805.435,83.469,0.156
27/01/2026 03:59:31 PM (UTC+1030),6278938.119,493804.353,83.498,0.159
27/01/2026 03:59:32 PM (UTC+1030),6278938.083,493803.188,83.572,0.159
27/01/2026 03:59:33 PM (UTC+1030),6278938.088,493801.945,83.589,0.159
27/01/2026 03:59:34 PM (UTC+1030),6278938.089,493800.787,83.564,0.159
27/01/2026 03:59:35 PM (UTC+1030),6278938.041,493799.588,83.581,0.159
27/01/2026 03:59:36 PM (UTC+1030),6278937.963,493798.439,83.698,0.157
27/01/2026 03:59:37 PM (UTC+1030),6278937.933,493797.26,83.709,0.157
27/01/2026 03:59:38 PM (UTC+1030),6278937.961,493796.079,83.678,0.159
27/01/2026 03:59:39 PM (UTC+1030),6278937.988,493794.981,83.764,0.157
27/01/2026 03:59:40 PM (UTC+1030),6278937.954,493793.883,83.761,0.157
27/01/2026 03:59:41 PM (UTC+1030),6278937.881,493792.687,83.762,0.159
27/01/2026 03:59:42 PM (UTC+1030),6278937.721,493791.544,83.847,0.159
27/01/2026 03:59:43 PM (UTC+1030),6278937.605,493790.365,83.917,0.159
27/01/2026 03:59:44 PM (UTC+1030),6278937.415,493789.261,83.904,0.159
27/01/2026 03:59:45 PM (UTC+1030),6278937.312,493788.061,83.926,0.153
27/01/2026 03:59:46 PM (UTC+1030),6278937.279,493786.86,83.987,0.155
27/01/2026 03:59:47 PM (UTC+1030),6278937.217,493785.782,84.04,0.155
27/01/2026 03:59:48 PM (UTC+1030),6278937.138,493784.662,84.016,0.155
27/01/2026 03:59:49 PM (UTC+1030),6278937.126,493783.486,84.053,0.151
27/01/2026 03:59:50 PM (UTC+1030),6278937.061,493782.293,84.137,0.153
27/01/2026 03:59:51 PM (UTC+1030),6278937.206,493781.118,84.143,0.155
27/01/2026 03:59:52 PM (UTC+1030),6278937.251,493779.962,84.117,0.155
27/01/2026 03:59:53 PM (UTC+1030),6278937.099,493778.814,84.172,0.155
27/01/2026 03:59:54 PM (UTC+1030),6278936.893,493777.65,84.279,0.153
27/01/2026 03:59:55 PM (UTC+1030),6278936.673,493776.55,84.258,0.153
27/01/2026 03:59:56 PM (UTC+1030),6278936.516,493775.38,84.266,0.155
27/01/2026 03:59:57 PM (UTC+1030),6278936.483,493774.243,84.329,0.155
27/01/2026 03:59:58 PM (UTC+1030),6278936.411,493773.114,84.276,0.155
27/01/2026 03:59:59 PM (UTC+1030),6278936.211,493771.992,84.315,0.155
27/01/2026 04:00:00 PM (UTC+1030),6278936.004,493770.837,84.348,0.153
27/01/2026 04:00:01 PM (UTC+1030),6278935.859,493769.665,84.273,0.155
27/01/2026 04:00:02 PM (UTC+1030),6278935.712,493768.483,84.27,0.155
27/01/2026 04:00:03 PM (UTC+1030),6278935.554,493767.287,84.338,0.155
27/01/2026 04:00:04 PM (UTC+1030),6278935.42,493766.2,84.271,0.155
27/01/2026 04:00:05 PM (UTC+1030),6278935.232,493765.028,84.298,0.153
27/01/2026 04:00:06 PM (UTC+1030),6278934.996,493763.947,84.356,0.155
27/01/2026 04:00:07 PM (UTC+1030),6278934.718,493762.844,84.293,0.155
27/01/2026 04:00:08 PM (UTC+1030),6278934.619,493761.646,84.299,0.155
27/01/2026 04:00:09 PM (UTC+1030),6278934.559,493760.519,84.332,0.149
27/01/2026 04:00:10 PM (UTC+1030),6278934.529,493759.368,84.288,0.149
27/01/2026 04:00:11 PM (UTC+1030),6278934.44,493758.198,84.241,0.151
27/01/2026 04:00:12 PM (UTC+1030),6278934.273,493756.973,84.282,0.151
27/01/2026 04:00:13 PM (UTC+1030),6278934.097,493755.769,84.251,0.151
27/01/2026 04:00:14 PM (UTC+1030),6278933.874,493754.573,84.148,0.151
27/01/2026 04:00:15 PM (UTC+1030),6278933.807,493753.425,84.142,0.151
27/01/2026 04:00:16 PM (UTC+1030),6278933.692,493752.181,84.144,0.153
27/01/2026 04:00:17 PM (UTC+1030),6278933.559,493750.947,84.078,0.153
27/01/2026 04:00:18 PM (UTC+1030),6278933.365,493749.772,84.053,0.153
27/01/2026 04:00:19 PM (UTC+1030),6278933.169,493748.54,84.071,0.153
27/01/2026 04:00:20 PM (UTC+1030),6278933.116,493747.314,83.971,0.155
27/01/2026 04:00:21 PM (UTC+1030),6278933.056,493746.138,83.878,0.155
27/01/2026 04:00:22 PM (UTC+1030),6278932.87,493744.959,83.841,0.157
27/01/2026 04:00:23 PM (UTC+1030),6278932.695,493743.832,83.788,0.157
27/01/2026 04:00:24 PM (UTC+1030),6278932.597,493742.645,83.671,0.157
27/01/2026 04:00:25 PM (UTC+1030),6278932.474,493741.488,83.637,0.156
27/01/2026 04:00:26 PM (UTC+1030),6278932.281,493740.312,83.523,0.157
27/01/2026 04:00:27 PM (UTC+1030),6278932.187,493739.111,83.404,0.157
27/01/2026 04:00:28 PM (UTC+1030),6278932.108,493737.917,83.37,0.157
27/01/2026 04:00:29 PM (UTC+1030),6278931.957,493736.68,83.303,0.151
27/01/2026 04:00:30 PM (UTC+1030),6278931.817,493735.558,83.192,0.151
27/01/2026 04:00:31 PM (UTC+1030),6278931.721,493734.457,83.182,0.153
27/01/2026 04:00:32 PM (UTC+1030),6278931.63,493733.235,83.094,0.153
27/01/2026 04:00:33 PM (UTC+1030),6278931.588,493732.02,82.981,0.155
27/01/2026 04:00:34 PM (UTC+1030),6278931.558,493730.772,82.926,0.153
27/01/2026 04:00:35 PM (UTC+1030),6278931.511,493729.487,82.864,0.151
27/01/2026 04:00:36 PM (UTC+1030),6278931.458,493728.27,82.701,0.153
27/01/2026 04:00:37 PM (UTC+1030),6278931.243,493727.103,82.646,0.153
27/01/2026 04:00:38 PM (UTC+1030),6278931.194,493725.842,82.579,0.151
27/01/2026 04:00:39 PM (UTC+1030),6278931.175,493724.652,82.422,0.151
27/01/2026 04:00:40 PM (UTC+1030),6278931.118,493723.482,82.333,0.151
27/01/2026 04:00:41 PM (UTC+1030),6278931.087,493722.334,82.265,0.151
27/01/2026 04:00:42 PM (UTC+1030),6278931.027,493721.162,82.145,0.149
27/01/2026 04:00:43 PM (UTC+1030),6278930.803,493720.109,82.027,0.149
27/01/2026 04:00:44 PM (UTC+1030),6278930.579,493719.05,81.972,0.149
27/01/2026 04:00:45 PM (UTC+1030),6278930.608,493717.903,81.884,0.149
27/01/2026 04:00:46 PM (UTC+1030),6278930.532,493716.715,81.758,0.149
27/01/2026 04:00:47 PM (UTC+1030),6278930.535,493715.494,81.666,0.151
27/01/2026 04:00:48 PM (UTC+1030),6278930.389,493714.363,81.635,0.151
27/01/2026 04:00:49 PM (UTC+1030),6278930.347,493713.316,81.495,0.151
27/01/2026 04:00:50 PM (UTC+1030),6278930.375,493712.156,81.43,0.151
27/01/2026 04:00:51 PM (UTC+1030),6278930.438,493711.003,81.383,0.153
27/01/2026 04:00:52 PM (UTC+1030),6278930.43,493709.846,81.286,0.151
27/01/2026 04:00:53 PM (UTC+1030),6278930.487,493708.665,81.172,0.151
27/01/2026 04:00:54 PM (UTC+1030),6278930.447,493707.495,81.118,0.153
27/01/2026 04:00:55 PM (UTC+1030),6278930.434,493706.27,81.046,0.146
27/01/2026 04:00:56 PM (UTC+1030),6278930.272,493705.13,80.927,0.148
27/01/2026 04:00:57 PM (UTC+1030),6278930.069,493703.965,80.857,0.148
27/01/2026 04:00:58 PM (UTC+1030),6278929.916,493702.784,80.842,0.148
27/01/2026 04:00:59 PM (UTC+1030),6278929.817,493701.632,80.756,0.147
27/01/2026 04:01:00 PM (UTC+1030),6278929.77,493700.38,80.633,0.146
27/01/2026 04:01:01 PM (UTC+1030),6278929.778,493699.193,80.583,0.148
27/01/2026 04:01:02 PM (UTC+1030),6278929.648,493698.059,80.544,0.146
27/01/2026 04:01:03 PM (UTC+1030),6278929.479,493696.929,80.438,0.146
27/01/2026 04:01:04 PM (UTC+1030),6278929.43,493695.745,80.36,0.146
27/01/2026 04:01:05 PM (UTC+1030),6278929.329,493694.558,80.313,0.144
27/01/2026 04:01:06 PM (UTC+1030),6278929.134,493693.419,80.301,0.146
27/01/2026 04:01:07 PM (UTC+1030),6278929.032,493692.289,80.166,0.144
27/01/2026 04:01:08 PM (UTC+1030),6278929.165,493691.126,80.114,0.144
27/01/2026 04:01:09 PM (UTC+1030),6278929.139,493689.943,80.074,0.14
27/01/2026 04:01:10 PM (UTC+1030),6278929.008,493688.767,80.016,0.14
27/01/2026 04:01:11 PM (UTC+1030),6278928.938,493687.517,79.905,0.142
27/01/2026 04:01:12 PM (UTC+1030),6278928.878,493686.247,79.817,0.14
27/01/2026 04:01:13 PM (UTC+1030),6278928.806,493685.054,79.787,0.14
27/01/2026 04:01:14 PM (UTC+1030),6278928.741,493683.773,79.751,0.142
27/01/2026 04:01:15 PM (UTC+1030),6278928.717,493682.488,79.664,0.14
27/01/2026 04:01:16 PM (UTC+1030),6278928.641,493681.21,79.57,0.142
27/01/2026 04:01:17 PM (UTC+1030),6278928.518,493680.033,79.506,0.142
27/01/2026 04:01:18 PM (UTC+1030),6278928.374,493678.817,79.484,0.142
27/01/2026 04:01:19 PM (UTC+1030),6278928.355,493677.678,79.44,0.14
27/01/2026 04:01:20 PM (UTC+1030),6278928.434,493676.432,79.366,0.14
27/01/2026 04:01:21 PM (UTC+1030),6278928.441,493675.217,79.279,0.142
27/01/2026 04:01:22 PM (UTC+1030),6278928.475,493673.956,79.224,0.142
27/01/2026 04:01:23 PM (UTC+1030),6278928.494,493672.688,79.166,0.142
27/01/2026 04:01:24 PM (UTC+1030),6278928.488,493671.456,79.132,0.14
27/01/2026 04:01:25 PM (UTC+1030),6278928.512,493670.254,79.037,0.142
27/01/2026 04:01:26 PM (UTC+1030),6278928.437,493669.057,78.953,0.144
27/01/2026 04:01:27 PM (UTC+1030),6278928.231,493667.831,78.903,0.144
27/01/2026 04:01:28 PM (UTC+1030),6278928.13,493666.637,78.885,0.144
27/01/2026 04:01:29 PM (UTC+1030),6278928.084,493665.392,78.843,0.142
27/01/2026 04:01:30 PM (UTC+1030),6278927.835,493664.274,78.771,0.142
27/01/2026 04:01:31 PM (UTC+1030),6278927.551,493663.094,78.699,0.144
27/01/2026 04:01:32 PM (UTC+1030),6278927.379,493661.904,78.682,0.144
27/01/2026 04:01:33 PM (UTC+1030),6278927.29,493660.64,78.638,0.144
27/01/2026 04:01:34 PM (UTC+1030),6278927.265,493659.41,78.527,0.144
27/01/2026 04:01:35 PM (UTC+1030),6278927.192,493658.244,78.478,0.146
27/01/2026 04:01:36 PM (UTC+1030),6278927.141,493657.06,78.479,0.144
27/01/2026 04:01:37 PM (UTC+1030),6278927.171,493655.818,78.43,0.144
27/01/2026 04:01:38 PM (UTC+1030),6278927.205,493654.614,78.356,0.146
27/01/2026 04:01:39 PM (UTC+1030),6278927.043,493653.348,78.299,0.144
27/01/2026 04:01:40 PM (UTC+1030),6278926.95,493652.141,78.262,0.144
27/01/2026 04:01:41 PM (UTC+1030),6278926.913,493650.924,78.249,0.146
27/01/2026 04:01:42 PM (UTC+1030),6278926.805,493649.688,78.157,0.148
27/01/2026 04:01:43 PM (UTC+1030),6278926.675,493648.425,78.087,0.146
27/01/2026 04:01:44 PM (UTC+1030),6278926.563,493647.136,78.04,0.146
27/01/2026 04:01:45 PM (UTC+1030),6278926.56,493645.925,78.043,0.147
27/01/2026 04:01:46 PM (UTC+1030),6278926.492,493644.674,77.995,0.148
27/01/2026 04:01:47 PM (UTC+1030),6278926.403,493643.439,77.889,0.149
27/01/2026 04:01:48 PM (UTC+1030),6278926.358,493642.22,77.86,0.149
27/01/2026 04:01:49 PM (UTC+1030),6278926.418,493641.007,77.841,0.149
27/01/2026 04:01:50 PM (UTC+1030),6278926.504,493639.837,77.746,0.151
27/01/2026 04:01:51 PM (UTC+1030),6278926.497,493638.57,77.687,0.151
27/01/2026 04:01:52 PM (UTC+1030),6278926.409,493637.322,77.663,0.151
27/01/2026 04:01:53 PM (UTC+1030),6278926.424,493636.126,77.646,0.151
27/01/2026 04:01:54 PM (UTC+1030),6278926.498,493634.877,77.591,0.151
27/01/2026 04:01:55 PM (UTC+1030),6278926.316,493633.576,77.504,0.153
27/01/2026 04:01:56 PM (UTC+1030),6278926.172,493632.316,77.433,0.148
27/01/2026 04:01:57 PM (UTC+1030),6278926.129,493631.031,77.413,0.148
27/01/2026 04:01:58 PM (UTC+1030),6278926.118,493629.774,77.354,0.149
27/01/2026 04:01:59 PM (UTC+1030),6278926.06,493628.532,77.289,0.148
27/01/2026 04:02:00 PM (UTC+1030),6278925.978,493627.261,77.229,0.148
27/01/2026 04:02:01 PM (UTC+1030),6278925.872,493625.996,77.174,0.148
27/01/2026 04:02:02 PM (UTC+1030),6278925.791,493624.709,77.166,0.148
27/01/2026 04:02:03 PM (UTC+1030),6278925.783,493623.442,77.081,0.148
27/01/2026 04:02:04 PM (UTC+1030),6278925.671,493622.214,77.026,0.148
27/01/2026 04:02:05 PM (UTC+1030),6278925.495,493620.97,76.987,0.148
27/01/2026 04:02:06 PM (UTC+1030),6278925.399,493619.702,76.998,0.151
27/01/2026 04:02:07 PM (UTC+1030),6278925.357,493618.453,76.98,0.151
27/01/2026 04:02:08 PM (UTC+1030),6278925.285,493617.211,76.917,0.151
27/01/2026 04:02:09 PM (UTC+1030),6278925.273,493615.951,76.858,0.153
27/01/2026 04:02:10 PM (UTC+1030),6278925.383,493614.743,76.839,0.153
27/01/2026 04:02:11 PM (UTC+1030),6278925.343,493613.514,76.837,0.153
27/01/2026 04:02:12 PM (UTC+1030),6278925.266,493612.315,76.813,0.156
27/01/2026 04:02:13 PM (UTC+1030),6278925.325,493611.092,76.739,0.155
27/01/2026 04:02:14 PM (UTC+1030),6278925.41,493609.833,76.727,0.155
27/01/2026 04:02:15 PM (UTC+1030),6278925.525,493608.57,76.716,0.154
27/01/2026 04:02:16 PM (UTC+1030),6278925.502,493607.265,76.714,0.156
27/01/2026 04:02:17 PM (UTC+1030),6278925.43,493606.013,76.66,0.153
27/01/2026 04:02:18 PM (UTC+1030),6278925.397,493604.783,76.636,0.153
27/01/2026 04:02:19 PM (UTC+1030),6278925.519,493603.584,76.642,0.155
27/01/2026 04:02:20 PM (UTC+1030),6278925.635,493602.39,76.669,0.153
27/01/2026 04:02:21 PM (UTC+1030),6278925.655,493601.145,76.705,0.155
27/01/2026 04:02:22 PM (UTC+1030),6278925.709,493599.983,76.729,0.151
27/01/2026 04:02:23 PM (UTC+1030),6278925.711,493598.767,76.685,0.151
27/01/2026 04:02:24 PM (UTC+1030),6278925.672,493597.587,76.721,0.151
27/01/2026 04:02:25 PM (UTC+1030),6278925.75,493596.399,76.775,0.149
27/01/2026 04:02:26 PM (UTC+1030),6278925.747,493595.246,76.776,0.151
27/01/2026 04:02:27 PM (UTC+1030),6278925.699,493594.011,76.751,0.148
27/01/2026 04:02:28 PM (UTC+1030),6278925.836,493592.898,76.766,0.149
27/01/2026 04:02:29 PM (UTC+1030),6278925.914,493591.738,76.834,0.146
27/01/2026 04:02:30 PM (UTC+1030),6278925.78,493590.572,76.896,0.146
27/01/2026 04:02:31 PM (UTC+1030),6278925.849,493589.429,76.912,0.148
27/01/2026 04:02:32 PM (UTC+1030),6278925.851,493588.417,76.912,0.149
27/01/2026 04:02:33 PM (UTC+1030),6278925.744,493587.269,76.978,0.149
27/01/2026 04:02:34 PM (UTC+1030),6278925.681,493586.153,77.007,0.149
27/01/2026 04:02:35 PM (UTC+1030),6278925.767,493585.03,76.979,0.151
27/01/2026 04:02:36 PM (UTC+1030),6278925.734,493583.823,76.98,0.149
27/01/2026 04:02:37 PM (UTC+1030),6278925.609,493582.736,77.019,0.148
27/01/2026 04:02:38 PM (UTC+1030),6278925.549,493581.688,77.073,0.148
27/01/2026 04:02:39 PM (UTC+1030),6278925.484,493580.695,77.074,0.146
27/01/2026 04:02:40 PM (UTC+1030),6278925.438,493579.577,77.139,0.146
27/01/2026 04:02:41 PM (UTC+1030),6278925.543,493578.463,77.109,0.146
27/01/2026 04:02:42 PM (UTC+1030),6278925.59,493577.294,77.081,0.146
27/01/2026 04:02:43 PM (UTC+1030),6278925.665,493576.152,77.022,0.146
27/01/2026 04:02:44 PM (UTC+1030),6278925.666,493574.988,77.02,0.148
27/01/2026 04:02:45 PM (UTC+1030),6278925.55,493573.774,77.03,0.145
27/01/2026 04:02:46 PM (UTC+1030),6278925.49,493572.647,77.028,0.146
27/01/2026 04:02:47 PM (UTC+1030),6278925.454,493571.454,76.998,0.148
27/01/2026 04:02:48 PM (UTC+1030),6278925.433,493570.304,77.054,0.148
27/01/2026 04:02:49 PM (UTC+1030),6278925.439,493569.372,77.1,0.146
27/01/2026 04:02:50 PM (UTC+1030),6278925.491,493568.279,77.035,0.144
27/01/2026 04:02:51 PM (UTC+1030),6278925.299,493567.138,77.039,0.146
27/01/2026 04:02:52 PM (UTC+1030),6278925.21,493566.091,77.073,0.146
27/01/2026 04:02:53 PM (UTC+1030),6278925.175,493565.058,77.021,0.146
27/01/2026 04:02:54 PM (UTC+1030),6278925.167,493564.031,77.04,0.146
27/01/2026 04:02:55 PM (UTC+1030),6278925.228,493563.047,77.089,0.148
27/01/2026 04:02:56 PM (UTC+1030),6278925.182,493562.039,77.105,0.146
27/01/2026 04:02:57 PM (UTC+1030),6278925.164,493561.038,77.062,0.146
27/01/2026 04:02:58 PM (UTC+1030),6278925.237,493560.111,77.117,0.148
27/01/2026 04:02:59 PM (UTC+1030),6278925.312,493559.104,77.137,0.148
27/01/2026 04:03:00 PM (UTC+1030),6278925.31,493558.188,77.141,0.148
27/01/2026 04:03:01 PM (UTC+1030),6278925.449,493557.279,77.122,0.149
27/01/2026 04:03:02 PM (UTC+1030),6278925.57,493556.246,77.1,0.151
27/01/2026 04:03:03 PM (UTC+1030),6278925.502,493555.187,77.144,0.151
27/01/2026 04:03:04 PM (UTC+1030),6278925.555,493554.151,77.111,0.151
27/01/2026 04:03:05 PM (UTC+1030),6278925.635,493553.053,77.071,0.149
27/01/2026 04:03:06 PM (UTC+1030),6278925.723,493551.956,77.095,0.153
27/01/2026 04:03:07 PM (UTC+1030),6278925.786,493550.863,77.107,0.153
27/01/2026 04:03:08 PM (UTC+1030),6278925.827,493549.837,77.064,0.153
27/01/2026 04:03:09 PM (UTC+1030),6278925.849,493548.754,77.122,0.153
27/01/2026 04:03:10 PM (UTC+1030),6278925.956,493547.686,77.132,0.151
27/01/2026 04:03:11 PM (UTC+1030),6278926.129,493546.639,77.07,0.153
27/01/2026 04:03:12 PM (UTC+1030),6278926.14,493545.569,77.084,0.153
27/01/2026 04:03:13 PM (UTC+1030),6278926.116,493544.508,77.131,0.153
27/01/2026 04:03:14 PM (UTC+1030),6278926.107,493543.543,77.121,0.153
27/01/2026 04:03:15 PM (UTC+1030),6278926.123,493542.487,77.064,0.153
27/01/2026 04:03:16 PM (UTC+1030),6278926.285,493541.482,77.089,0.153
27/01/2026 04:03:17 PM (UTC+1030),6278926.565,493540.477,77.076,0.153
27/01/2026 04:03:18 PM (UTC+1030),6278926.65,493539.533,77.067,0.155
27/01/2026 04:03:19 PM (UTC+1030),6278926.735,493538.429,77.094,0.155
27/01/2026 04:03:20 PM (UTC+1030),6278926.732,493537.363,77.095,0.151
27/01/2026 04:03:21 PM (UTC+1030),6278926.705,493536.297,77.061,0.153
27/01/2026 04:03:22 PM (UTC+1030),6278926.683,493535.203,77.096,0.153
27/01/2026 04:03:23 PM (UTC+1030),6278926.61,493534.194,77.13,0.155
27/01/2026 04:03:24 PM (UTC+1030),6278926.547,493533.161,77.082,0.153
27/01/2026 04:03:25 PM (UTC+1030),6278926.524,493532.097,77.121,0.155
27/01/2026 04:03:26 PM (UTC+1030),6278926.61,493531.019,77.154,0.155
27/01/2026 04:03:27 PM (UTC+1030),6278926.537,493530.006,77.182,0.153
27/01/2026 04:03:28 PM (UTC+1030),6278926.552,493528.966,77.126,0.155
27/01/2026 04:03:29 PM (UTC+1030),6278926.534,493527.911,77.181,0.153
27/01/2026 04:03:30 PM (UTC+1030),6278926.532,493526.834,77.188,0.153
27/01/2026 04:03:31 PM (UTC+1030),6278926.459,493525.778,77.178,0.155
27/01/2026 04:03:32 PM (UTC+1030),6278926.469,493524.656,77.212,0.157
27/01/2026 04:03:33 PM (UTC+1030),6278926.504,493523.623,77.233,0.155
27/01/2026 04:03:34 PM (UTC+1030),6278926.553,493522.605,77.212,0.157
27/01/2026 04:03:35 PM (UTC+1030),6278926.632,493521.649,77.25,0.157
27/01/2026 04:03:36 PM (UTC+1030),6278926.731,493520.608,77.263,0.155
27/01/2026 04:03:37 PM (UTC+1030),6278926.626,493519.552,77.261,0.155
27/01/2026 04:03:38 PM (UTC+1030),6278926.545,493518.514,77.307,0.155
27/01/2026 04:03:39 PM (UTC+1030),6278926.497,493517.483,77.323,0.155
27/01/2026 04:03:40 PM (UTC+1030),6278926.545,493516.54,77.291,0.151
27/01/2026 04:03:41 PM (UTC+1030),6278926.663,493515.518,77.328,0.153
27/01/2026 04:03:42 PM (UTC+1030),6278926.744,493514.537,77.315,0.153
27/01/2026 04:03:43 PM (UTC+1030),6278926.658,493513.59,77.342,0.151
27/01/2026 04:03:44 PM (UTC+1030),6278926.638,493512.688,77.389,0.151
27/01/2026 04:03:45 PM (UTC+1030),6278926.82,493511.716,77.355,0.153
27/01/2026 04:03:46 PM (UTC+1030),6278926.921,493510.73,77.391,0.153
27/01/2026 04:03:47 PM (UTC+1030),6278926.846,493509.821,77.347,0.153
27/01/2026 04:03:48 PM (UTC+1030),6278926.818,493508.809,77.399,0.153
27/01/2026 04:03:49 PM (UTC+1030),6278926.869,493507.787,77.352,0.153
27/01/2026 04:03:50 PM (UTC+1030),6278926.914,493506.712,77.397,0.151
27/01/2026 04:03:51 PM (UTC+1030),6278926.983,493505.727,77.436,0.151
27/01/2026 04:03:52 PM (UTC+1030),6278926.935,493504.746,77.415,0.151
27/01/2026 04:03:53 PM (UTC+1030),6278926.896,493503.741,77.477,0.149
27/01/2026 04:03:54 PM (UTC+1030),6278926.928,493502.699,77.487,0.149
27/01/2026 04:03:55 PM (UTC+1030),6278927.067,493501.697,77.445,0.148
27/01/2026 04:03:56 PM (UTC+1030),6278927.218,493500.669,77.473,0.149
27/01/2026 04:03:57 PM (UTC+1030),6278927.242,493499.69,77.513,0.151
27/01/2026 04:03:58 PM (UTC+1030),6278927.234,493498.662,77.495,0.151
27/01/2026 04:03:59 PM (UTC+1030),6278927.173,493497.734,77.584,0.149
27/01/2026 04:04:00 PM (UTC+1030),6278927.213,493496.807,77.595,0.149
27/01/2026 04:04:01 PM (UTC+1030),6278927.286,493495.774,77.585,0.153
27/01/2026 04:04:02 PM (UTC+1030),6278927.311,493494.746,77.667,0.153
27/01/2026 04:04:03 PM (UTC+1030),6278927.266,493493.764,77.643,0.153
27/01/2026 04:04:04 PM (UTC+1030),6278927.309,493492.751,77.668,0.153
27/01/2026 04:04:05 PM (UTC+1030),6278927.484,493491.796,77.759,0.151
27/01/2026 04:04:06 PM (UTC+1030),6278927.617,493490.808,77.729,0.153
27/01/2026 04:04:07 PM (UTC+1030),6278927.73,493489.921,77.781,0.155
27/01/2026 04:04:08 PM (UTC+1030),6278927.719,493489.062,77.824,0.16
27/01/2026 04:04:09 PM (UTC+1030),6278927.724,493488.117,77.846,0.16
27/01/2026 04:04:10 PM (UTC+1030),6278927.705,493487.132,77.903,0.159
27/01/2026 04:04:11 PM (UTC+1030),6278927.735,493486.207,77.868,0.164
27/01/2026 04:04:12 PM (UTC+1030),6278927.728,493485.23,77.927,0.164
27/01/2026 04:04:13 PM (UTC+1030),6278927.681,493484.366,77.969,0.164
27/01/2026 04:04:14 PM (UTC+1030),6278927.627,493483.387,77.981,0.164
27/01/2026 04:04:15 PM (UTC+1030),6278927.726,493482.359,78.024,0.162
27/01/2026 04:04:16 PM (UTC+1030),6278927.663,493481.383,78.059,0.164
27/01/2026 04:04:17 PM (UTC+1030),6278927.666,493480.462,78.035,0.164
27/01/2026 04:04:18 PM (UTC+1030),6278927.584,493479.498,78.105,0.164
27/01/2026 04:04:19 PM (UTC+1030),6278927.433,493478.535,78.109,0.16
27/01/2026 04:04:20 PM (UTC+1030),6278927.329,493477.519,78.201,0.16
27/01/2026 04:04:21 PM (UTC+1030),6278927.313,493476.625,78.276,0.159
27/01/2026 04:04:22 PM (UTC+1030),6278927.409,493475.655,78.261,0.159
27/01/2026 04:04:23 PM (UTC+1030),6278927.484,493474.66,78.343,0.159
27/01/2026 04:04:24 PM (UTC+1030),6278927.579,493473.676,78.355,0.159
27/01/2026 04:04:25 PM (UTC+1030),6278927.52,493472.753,78.439,0.157
27/01/2026 04:04:26 PM (UTC+1030),6278927.431,493471.74,78.498,0.159
27/01/2026 04:04:27 PM (UTC+1030),6278927.553,493470.776,78.478,0.161
27/01/2026 04:04:28 PM (UTC+1030),6278927.636,493469.791,78.551,0.161
27/01/2026 04:04:29 PM (UTC+1030),6278927.583,493468.834,78.579,0.159
27/01/2026 04:04:30 PM (UTC+1030),6278927.397,493467.982,78.647,0.16
27/01/2026 04:04:31 PM (UTC+1030),6278927.472,493467.025,78.691,0.161
27/01/2026 04:04:32 PM (UTC+1030),6278927.679,493466.057,78.66,0.161
27/01/2026 04:04:33 PM (UTC+1030),6278927.747,493465.111,78.707,0.161
27/01/2026 04:04:34 PM (UTC+1030),6278927.734,493464.249,78.719,0.163
27/01/2026 04:04:35 PM (UTC+1030),6278927.662,493463.293,78.752,0.163
27/01/2026 04:04:36 PM (UTC+1030),6278927.656,493462.339,78.842,0.161
27/01/2026 04:04:37 PM (UTC+1030),6278927.679,493461.331,78.829,0.162
27/01/2026 04:04:38 PM (UTC+1030),6278927.83,493460.354,78.848,0.162
27/01/2026 04:04:39 PM (UTC+1030),6278927.93,493459.484,78.914,0.159
27/01/2026 04:04:40 PM (UTC+1030),6278927.936,493458.613,78.896,0.16
27/01/2026 04:04:41 PM (UTC+1030),6278927.897,493457.709,78.988,0.162
27/01/2026 04:04:42 PM (UTC+1030),6278928.036,493456.803,78.95,0.159
27/01/2026 04:04:43 PM (UTC+1030),6278928.156,493455.843,78.995,0.16
27/01/2026 04:04:44 PM (UTC+1030),6278928.13,493454.94,79.073,0.16
27/01/2026 04:04:45 PM (UTC+1030),6278927.951,493454.085,79.069,0.159
27/01/2026 04:04:46 PM (UTC+1030),6278927.819,493453.092,79.146,0.159
27/01/2026 04:04:47 PM (UTC+1030),6278927.786,493452.097,79.145,0.16
27/01/2026 04:04:48 PM (UTC+1030),6278927.839,493451.14,79.141,0.16
27/01/2026 04:04:49 PM (UTC+1030),6278927.92,493450.187,79.213,0.157
27/01/2026 04:04:50 PM (UTC+1030),6278927.862,493449.231,79.171,0.157
27/01/2026 04:04:51 PM (UTC+1030),6278927.795,493448.238,79.267,0.157
27/01/2026 04:04:52 PM (UTC+1030),6278927.785,493447.306,79.269,0.157
27/01/2026 04:04:53 PM (UTC+1030),6278927.798,493446.244,79.223,0.157
27/01/2026 04:04:54 PM (UTC+1030),6278927.861,493445.217,79.269,0.157
27/01/2026 04:04:55 PM (UTC+1030),6278927.89,493444.241,79.226,0.155
27/01/2026 04:04:56 PM (UTC+1030),6278927.868,493443.193,79.277,0.157
27/01/2026 04:04:57 PM (UTC+1030),6278927.865,493442.149,79.281,0.157
27/01/2026 04:04:58 PM (UTC+1030),6278927.965,493441.152,79.236,0.157
27/01/2026 04:04:59 PM (UTC+1030),6278927.791,493440.162,79.295,0.159
27/01/2026 04:05:00 PM (UTC+1030),6278927.771,493439.051,79.228,0.159
27/01/2026 04:05:01 PM (UTC+1030),6278927.66,493438.051,79.286,0.162
27/01/2026 04:05:02 PM (UTC+1030),6278927.65,493436.97,79.304,0.162
27/01/2026 04:05:03 PM (UTC+1030),6278927.67,493435.918,79.217,0.162
27/01/2026 04:05:04 PM (UTC+1030),6278927.734,493434.851,79.252,0.162
27/01/2026 04:05:05 PM (UTC+1030),6278927.756,493433.786,79.225,0.16
27/01/2026 04:05:06 PM (UTC+1030),6278927.658,493432.766,79.213,0.162
27/01/2026 04:05:07 PM (UTC+1030),6278927.635,493431.692,79.227,0.16
27/01/2026 04:05:08 PM (UTC+1030),6278927.66,493430.622,79.143,0.162
27/01/2026 04:05:09 PM (UTC+1030),6278927.689,493429.595,79.16,0.157
27/01/2026 04:05:10 PM (UTC+1030),6278927.664,493428.559,79.141,0.159
27/01/2026 04:05:11 PM (UTC+1030),6278927.535,493427.485,79.111,0.159
27/01/2026 04:05:12 PM (UTC+1030),6278927.446,493426.397,79.129,0.159
27/01/2026 04:05:13 PM (UTC+1030),6278927.394,493425.277,79.099,0.159
27/01/2026 04:05:14 PM (UTC+1030),6278927.485,493424.129,79.022,0.159
27/01/2026 04:05:15 PM (UTC+1030),6278927.46,493423.067,79.031,0.159
27/01/2026 04:05:16 PM (UTC+1030),6278927.414,493421.957,78.967,0.159
27/01/2026 04:05:17 PM (UTC+1030),6278927.296,493420.857,78.938,0.157
27/01/2026 04:05:18 PM (UTC+1030),6278927.262,493419.706,78.95,0.157
27/01/2026 04:05:19 PM (UTC+1030),6278927.315,493418.534,78.861,0.157
27/01/2026 04:05:20 PM (UTC+1030),6278927.34,493417.367,78.798,0.157
27/01/2026 04:05:21 PM (UTC+1030),6278927.4,493416.196,78.778,0.157
27/01/2026 04:05:22 PM (UTC+1030),6278927.296,493415.078,78.801,0.157
27/01/2026 04:05:23 PM (UTC+1030),6278927.226,493413.895,78.718,0.159
27/01/2026 04:05:24 PM (UTC+1030),6278927.1,493412.734,78.722,0.157
27/01/2026 04:05:25 PM (UTC+1030),6278927.012,493411.623,78.756,0.159
27/01/2026 04:05:26 PM (UTC+1030),6278926.968,493410.498,78.707,0.161
27/01/2026 04:05:27 PM (UTC+1030),6278926.963,493409.41,78.659,0.161
27/01/2026 04:05:28 PM (UTC+1030),6278926.936,493408.246,78.656,0.161
27/01/2026 04:05:29 PM (UTC+1030),6278926.869,493407.098,78.605,0.161
27/01/2026 04:05:30 PM (UTC+1030),6278926.743,493405.99,78.577,0.161
27/01/2026 04:05:31 PM (UTC+1030),6278926.697,493404.887,78.576,0.163
27/01/2026 04:05:32 PM (UTC+1030),6278926.616,493403.742,78.546,0.164
27/01/2026 04:05:33 PM (UTC+1030),6278926.657,493402.588,78.427,0.163
27/01/2026 04:05:34 PM (UTC+1030),6278926.564,493401.51,78.448,0.163
27/01/2026 04:05:35 PM (UTC+1030),6278926.502,493400.423,78.38,0.157
27/01/2026 04:05:36 PM (UTC+1030),6278926.406,493399.31,78.284,0.157
27/01/2026 04:05:37 PM (UTC+1030),6278926.378,493398.205,78.258,0.157
27/01/2026 04:05:38 PM (UTC+1030),6278926.394,493397.026,78.186,0.159
27/01/2026 04:05:39 PM (UTC+1030),6278926.401,493395.904,78.097,0.154
27/01/2026 04:05:40 PM (UTC+1030),6278926.393,493394.795,78.089,0.153
27/01/2026 04:05:41 PM (UTC+1030),6278926.367,493393.69,78.035,0.154
27/01/2026 04:05:42 PM (UTC+1030),6278926.318,493392.61,77.945,0.154
27/01/2026 04:05:43 PM (UTC+1030),6278926.262,493391.503,77.901,0.154
27/01/2026 04:05:44 PM (UTC+1030),6278926.297,493390.443,77.855,0.152
27/01/2026 04:05:45 PM (UTC+1030),6278926.432,493389.401,77.744,0.153
27/01/2026 04:05:46 PM (UTC+1030),6278926.568,493388.325,77.699,0.152
27/01/2026 04:05:47 PM (UTC+1030),6278926.571,493387.275,77.672,0.152
27/01/2026 04:05:48 PM (UTC+1030),6278926.599,493386.209,77.565,0.151
27/01/2026 04:05:49 PM (UTC+1030),6278926.601,493385.169,77.536,0.151
27/01/2026 04:05:50 PM (UTC+1030),6278926.696,493384.135,77.478,0.153
27/01/2026 04:05:51 PM (UTC+1030),6278926.872,493383.127,77.368,0.155
27/01/2026 04:05:52 PM (UTC+1030),6278926.851,493381.986,77.319,0.155
27/01/2026 04:05:53 PM (UTC+1030),6278926.706,493380.902,77.302,0.155
27/01/2026 04:05:54 PM (UTC+1030),6278926.618,493379.825,77.192,0.155
27/01/2026 04:05:55 PM (UTC+1030),6278926.513,493378.75,77.118,0.155
27/01/2026 04:05:56 PM (UTC+1030),6278926.453,493377.637,77.081,0.157
27/01/2026 04:05:57 PM (UTC+1030),6278926.459,493376.613,77.006,0.157
27/01/2026 04:05:58 PM (UTC+1030),6278926.53,493375.551,76.922,0.157
27/01/2026 04:05:59 PM (UTC+1030),6278926.488,493374.396,76.884,0.157
27/01/2026 04:06:00 PM (UTC+1030),6278926.422,493373.383,76.818,0.155
27/01/2026 04:06:01 PM (UTC+1030),6278926.374,493372.315,76.754,0.157
27/01/2026 04:06:02 PM (UTC+1030),6278926.399,493371.267,76.716,0.157
27/01/2026 04:06:03 PM (UTC+1030),6278926.34,493370.192,76.646,0.153
27/01/2026 04:06:04 PM (UTC+1030),6278926.316,493369.081,76.564,0.153
27/01/2026 04:06:05 PM (UTC+1030),6278926.214,493367.98,76.551,0.151
27/01/2026 04:06:06 PM (UTC+1030),6278926.239,493366.92,76.48,0.153
27/01/2026 04:06:07 PM (UTC+1030),6278926.174,493365.802,76.376,0.155
27/01/2026 04:06:08 PM (UTC+1030),6278926.033,493364.665,76.337,0.155
27/01/2026 04:06:09 PM (UTC+1030),6278926.004,493363.521,76.29,0.152
27/01/2026 04:06:10 PM (UTC+1030),6278925.998,493362.44,76.183,0.152
27/01/2026 04:06:11 PM (UTC+1030),6278925.962,493361.297,76.11,0.153
27/01/2026 04:06:12 PM (UTC+1030),6278925.967,493360.122,76.074,0.153
27/01/2026 04:06:13 PM (UTC+1030),6278926.003,493359.003,75.996,0.152
27/01/2026 04:06:14 PM (UTC+1030),6278926.002,493357.896,75.912,0.154
27/01/2026 04:06:15 PM (UTC+1030),6278925.975,493356.8,75.881,0.154
27/01/2026 04:06:16 PM (UTC+1030),6278925.905,493355.673,75.856,0.155
27/01/2026 04:06:17 PM (UTC+1030),6278925.873,493354.575,75.759,0.155
27/01/2026 04:06:18 PM (UTC+1030),6278925.894,493353.443,75.708,0.155
27/01/2026 04:06:19 PM (UTC+1030),6278925.896,493352.316,75.666,0.152
27/01/2026 04:06:20 PM (UTC+1030),6278925.844,493351.198,75.558,0.155
27/01/2026 04:06:21 PM (UTC+1030),6278925.795,493350.075,75.526,0.157
27/01/2026 04:06:22 PM (UTC+1030),6278925.794,493348.98,75.47,0.157
27/01/2026 04:06:23 PM (UTC+1030),6278925.765,493347.87,75.374,0.157
27/01/2026 04:06:24 PM (UTC+1030),6278925.731,493346.764,75.342,0.155
27/01/2026 04:06:25 PM (UTC+1030),6278925.71,493345.572,75.285,0.155
27/01/2026 04:06:26 PM (UTC+1030),6278925.662,493344.43,75.176,0.157
27/01/2026 04:06:27 PM (UTC+1030),6278925.623,493343.306,75.15,0.157
27/01/2026 04:06:28 PM (UTC+1030),6278925.606,493342.155,75.084,0.157
27/01/2026 04:06:29 PM (UTC+1030),6278925.622,493341.045,74.971,0.155
27/01/2026 04:06:30 PM (UTC+1030),6278925.562,493339.919,74.937,0.155
27/01/2026 04:06:31 PM (UTC+1030),6278925.531,493338.838,74.861,0.153
27/01/2026 04:06:32 PM (UTC+1030),6278925.469,493337.769,74.779,0.155
27/01/2026 04:06:33 PM (UTC+1030),6278925.474,493336.683,74.745,0.153
27/01/2026 04:06:34 PM (UTC+1030),6278925.449,493335.563,74.695,0.151
27/01/2026 04:06:35 PM (UTC+1030),6278925.444,493334.423,74.601,0.153
27/01/2026 04:06:36 PM (UTC+1030),6278925.378,493333.362,74.579,0.152
27/01/2026 04:06:37 PM (UTC+1030),6278925.353,493332.27,74.551,0.153
27/01/2026 04:06:38 PM (UTC+1030),6278925.239,493331.144,74.455,0.153
27/01/2026 04:06:39 PM (UTC+1030),6278925.183,493330.06,74.433,0.153
27/01/2026 04:06:40 PM (UTC+1030),6278925.238,493328.929,74.361,0.152
27/01/2026 04:06:41 PM (UTC+1030),6278925.309,493327.815,74.246,0.154
27/01/2026 04:06:42 PM (UTC+1030),6278925.244,493326.697,74.221,0.154
27/01/2026 04:06:43 PM (UTC+1030),6278925.144,493325.582,74.161,0.152
27/01/2026 04:06:44 PM (UTC+1030),6278925.085,493324.515,74.038,0.154
27/01/2026 04:06:45 PM (UTC+1030),6278925.142,493323.406,73.973,0.153
27/01/2026 04:06:46 PM (UTC+1030),6278925.214,493322.311,73.936,0.155
27/01/2026 04:06:47 PM (UTC+1030),6278925.174,493321.201,73.813,0.159
27/01/2026 04:06:48 PM (UTC+1030),6278925.143,493320.119,73.76,0.157
27/01/2026 04:06:49 PM (UTC+1030),6278925.11,493319.03,73.714,0.157
27/01/2026 04:06:50 PM (UTC+1030),6278925.038,493317.996,73.566,0.159
27/01/2026 04:06:51 PM (UTC+1030),6278924.991,493316.907,73.53,0.16
27/01/2026 04:06:52 PM (UTC+1030),6278925.048,493315.765,73.47,0.16
27/01/2026 04:06:53 PM (UTC+1030),6278925.105,493314.702,73.371,0.16
27/01/2026 04:06:54 PM (UTC+1030),6278925.155,493313.56,73.282,0.161
27/01/2026 04:06:55 PM (UTC+1030),6278925.175,493312.488,73.251,0.159
27/01/2026 04:06:56 PM (UTC+1030),6278925.143,493311.364,73.172,0.159
27/01/2026 04:06:57 PM (UTC+1030),6278925.133,493310.252,73.052,0.159
27/01/2026 04:06:58 PM (UTC+1030),6278924.989,493309.227,73.019,0.159
27/01/2026 04:06:59 PM (UTC+1030),6278924.807,493308.161,72.987,0.157
27/01/2026 04:07:00 PM (UTC+1030),6278924.781,493307.076,72.873,0.157
27/01/2026 04:07:01 PM (UTC+1030),6278924.849,493305.955,72.807,0.159
27/01/2026 04:07:02 PM (UTC+1030),6278924.868,493304.89,72.75,0.159
27/01/2026 04:07:03 PM (UTC+1030),6278925.021,493303.877,72.703,0.161
27/01/2026 04:07:04 PM (UTC+1030),6278924.977,493302.881,72.63,0.159
27/01/2026 04:07:05 PM (UTC+1030),6278924.859,493301.803,72.6,0.155
27/01/2026 04:07:06 PM (UTC+1030),6278924.842,493300.709,72.541,0.157
27/01/2026 04:07:07 PM (UTC+1030),6278924.814,493299.661,72.44,0.157
27/01/2026 04:07:08 PM (UTC+1030),6278924.752,493298.69,72.428,0.157
27/01/2026 04:07:09 PM (UTC+1030),6278924.811,493297.672,72.327,0.154
27/01/2026 04:07:10 PM (UTC+1030),6278924.809,493296.543,72.293,0.155
27/01/2026 04:07:11 PM (UTC+1030),6278924.84,493295.484,72.273,0.154
27/01/2026 04:07:12 PM (UTC+1030),6278924.763,493294.432,72.18,0.157
27/01/2026 04:07:13 PM (UTC+1030),6278924.752,493293.301,72.121,0.155
27/01/2026 04:07:14 PM (UTC+1030),6278924.696,493292.189,72.101,0.155
27/01/2026 04:07:15 PM (UTC+1030),6278924.708,493291.11,72.011,0.157
27/01/2026 04:07:16 PM (UTC+1030),6278924.658,493289.937,71.952,0.159
27/01/2026 04:07:17 PM (UTC+1030),6278924.678,493288.763,71.929,0.159
27/01/2026 04:07:18 PM (UTC+1030),6278924.736,493287.602,71.88,0.159
27/01/2026 04:07:19 PM (UTC+1030),6278924.785,493286.497,71.789,0.157
27/01/2026 04:07:20 PM (UTC+1030),6278924.768,493285.499,71.798,0.157
27/01/2026 04:07:21 PM (UTC+1030),6278924.69,493284.438,71.729,0.155
27/01/2026 04:07:22 PM (UTC+1030),6278924.642,493283.348,71.71,0.155
27/01/2026 04:07:23 PM (UTC+1030),6278924.686,493282.238,71.69,0.155
27/01/2026 04:07:24 PM (UTC+1030),6278924.759,493281.16,71.612,0.155
27/01/2026 04:07:25 PM (UTC+1030),6278924.752,493280.055,71.591,0.149
27/01/2026 04:07:26 PM (UTC+1030),6278924.687,493278.96,71.529,0.15
27/01/2026 04:07:27 PM (UTC+1030),6278924.56,493277.946,71.476,0.149
27/01/2026 04:07:28 PM (UTC+1030),6278924.571,493276.798,71.447,0.149
27/01/2026 04:07:29 PM (UTC+1030),6278924.568,493275.691,71.362,0.146
27/01/2026 04:07:30 PM (UTC+1030),6278924.579,493274.657,71.319,0.146
27/01/2026 04:07:31 PM (UTC+1030),6278924.619,493273.568,71.263,0.148
27/01/2026 04:07:32 PM (UTC+1030),6278924.543,493272.509,71.208,0.148
27/01/2026 04:07:33 PM (UTC+1030),6278924.563,493271.431,71.206,0.15
27/01/2026 04:07:34 PM (UTC+1030),6278924.576,493270.385,71.111,0.15
27/01/2026 04:07:35 PM (UTC+1030),6278924.558,493269.304,71.119,0.145
27/01/2026 04:07:36 PM (UTC+1030),6278924.512,493268.232,71.059,0.146
27/01/2026 04:07:37 PM (UTC+1030),6278924.417,493267.221,71.062,0.148
27/01/2026 04:07:38 PM (UTC+1030),6278924.435,493266.129,71.026,0.148
27/01/2026 04:07:39 PM (UTC+1030),6278924.583,493265.03,70.97,0.148
27/01/2026 04:07:40 PM (UTC+1030),6278924.501,493263.931,70.968,0.148
27/01/2026 04:07:41 PM (UTC+1030),6278924.44,493262.775,70.943,0.148
27/01/2026 04:07:42 PM (UTC+1030),6278924.447,493261.649,70.864,0.148
27/01/2026 04:07:43 PM (UTC+1030),6278924.5,493260.551,70.88,0.148
27/01/2026 04:07:44 PM (UTC+1030),6278924.441,493259.408,70.824,0.15
27/01/2026 04:07:45 PM (UTC+1030),6278924.469,493258.313,70.767,0.146
27/01/2026 04:07:46 PM (UTC+1030),6278924.501,493257.22,70.76,0.148
27/01/2026 04:07:47 PM (UTC+1030),6278924.377,493256.23,70.691,0.146
27/01/2026 04:07:48 PM (UTC+1030),6278924.309,493255.134,70.693,0.146
27/01/2026 04:07:49 PM (UTC+1030),6278924.246,493254.023,70.659,0.145
27/01/2026 04:07:50 PM (UTC+1030),6278924.247,493252.961,70.615,0.145
27/01/2026 04:07:51 PM (UTC+1030),6278924.287,493251.824,70.562,0.146
27/01/2026 04:07:52 PM (UTC+1030),6278924.182,493250.723,70.499,0.146
27/01/2026 04:07:53 PM (UTC+1030),6278924.14,493249.604,70.473,0.146
27/01/2026 04:07:54 PM (UTC+1030),6278924.142,493248.464,70.407,0.146
27/01/2026 04:07:55 PM (UTC+1030),6278924.211,493247.337,70.314,0.148
27/01/2026 04:07:56 PM (UTC+1030),6278924.223,493246.297,70.282,0.145
27/01/2026 04:07:57 PM (UTC+1030),6278924.158,493245.236,70.2,0.145
27/01/2026 04:07:58 PM (UTC+1030),6278924.1,493244.149,70.149,0.145
27/01/2026 04:07:59 PM (UTC+1030),6278924.104,493243.038,70.107,0.146
27/01/2026 04:08:00 PM (UTC+1030),6278924.118,493241.926,70.034,0.146
27/01/2026 04:08:01 PM (UTC+1030),6278924.183,493240.861,69.983,0.148
27/01/2026 04:08:02 PM (UTC+1030),6278924.153,493239.796,69.962,0.148
27/01/2026 04:08:03 PM (UTC+1030),6278924.146,493238.77,69.868,0.148
27/01/2026 04:08:04 PM (UTC+1030),6278924.005,493237.726,69.853,0.148
27/01/2026 04:08:05 PM (UTC+1030),6278923.983,493236.657,69.809,0.148
27/01/2026 04:08:06 PM (UTC+1030),6278923.988,493235.528,69.721,0.148
27/01/2026 04:08:07 PM (UTC+1030),6278924.1,493234.437,69.708,0.149
27/01/2026 04:08:08 PM (UTC+1030),6278924.067,493233.273,69.665,0.151
27/01/2026 04:08:09 PM (UTC+1030),6278924.034,493232.193,69.563,0.15
27/01/2026 04:08:10 PM (UTC+1030),6278923.989,493231.106,69.544,0.15
27/01/2026 04:08:11 PM (UTC+1030),6278924.034,493230.053,69.487,0.153
27/01/2026 04:08:12 PM (UTC+1030),6278924.005,493228.967,69.405,0.151
27/01/2026 04:08:13 PM (UTC+1030),6278924.079,493227.942,69.387,0.151
27/01/2026 04:08:14 PM (UTC+1030),6278924.048,493226.911,69.301,0.151
27/01/2026 04:08:15 PM (UTC+1030),6278923.989,493225.799,69.269,0.149
27/01/2026 04:08:16 PM (UTC+1030),6278923.852,493224.673,69.253,0.151
27/01/2026 04:08:17 PM (UTC+1030),6278923.866,493223.551,69.17,0.151
27/01/2026 04:08:18 PM (UTC+1030),6278923.901,493222.42,69.108,0.151
27/01/2026 04:08:19 PM (UTC+1030),6278923.888,493221.273,69.088,0.149
27/01/2026 04:08:20 PM (UTC+1030),6278923.814,493220.144,69.024,0.149
27/01/2026 04:08:21 PM (UTC+1030),6278923.739,493219.073,68.961,0.151
27/01/2026 04:08:22 PM (UTC+1030),6278923.674,493217.996,68.948,0.151
27/01/2026 04:08:23 PM (UTC+1030),6278923.687,493216.876,68.882,0.149
27/01/2026 04:08:24 PM (UTC+1030),6278923.788,493215.79,68.786,0.149
27/01/2026 04:08:25 PM (UTC+1030),6278923.787,493214.696,68.776,0.149
27/01/2026 04:08:26 PM (UTC+1030),6278923.786,493213.625,68.72,0.149
27/01/2026 04:08:27 PM (UTC+1030),6278923.749,493212.536,68.639,0.148
27/01/2026 04:08:28 PM (UTC+1030),6278923.698,493211.459,68.619,0.148
27/01/2026 04:08:29 PM (UTC+1030),6278923.685,493210.378,68.566,0.146
27/01/2026 04:08:30 PM (UTC+1030),6278923.737,493209.288,68.498,0.146
27/01/2026 04:08:31 PM (UTC+1030),6278923.809,493208.263,68.483,0.148
27/01/2026 04:08:32 PM (UTC+1030),6278923.794,493207.135,68.431,0.146
27/01/2026 04:08:33 PM (UTC+1030),6278923.717,493206.032,68.36,0.148
27/01/2026 04:08:34 PM (UTC+1030),6278923.611,493204.942,68.342,0.146
27/01/2026 04:08:35 PM (UTC+1030),6278923.56,493203.887,68.321,0.143
27/01/2026 04:08:36 PM (UTC+1030),6278923.552,493202.839,68.232,0.145
27/01/2026 04:08:37 PM (UTC+1030),6278923.636,493201.749,68.227,0.145
27/01/2026 04:08:38 PM (UTC+1030),6278923.581,493200.683,68.214,0.145
27/01/2026 04:08:39 PM (UTC+1030),6278923.592,493199.628,68.131,0.143
27/01/2026 04:08:40 PM (UTC+1030),6278923.622,493198.534,68.115,0.143
27/01/2026 04:08:41 PM (UTC+1030),6278923.757,493197.369,68.087,0.145
27/01/2026 04:08:42 PM (UTC+1030),6278923.741,493196.225,68.064,0.144
27/01/2026 04:08:43 PM (UTC+1030),6278923.784,493195.146,67.985,0.146
27/01/2026 04:08:44 PM (UTC+1030),6278923.883,493194.078,67.99,0.144
27/01/2026 04:08:45 PM (UTC+1030),6278923.92,493192.985,67.986,0.142
27/01/2026 04:08:46 PM (UTC+1030),6278923.874,493191.859,67.933,0.144
27/01/2026 04:08:47 PM (UTC+1030),6278923.788,493190.76,67.967,0.144
27/01/2026 04:08:48 PM (UTC+1030),6278923.739,493189.631,67.983,0.146
27/01/2026 04:08:49 PM (UTC+1030),6278923.727,493188.541,67.925,0.143
27/01/2026 04:08:50 PM (UTC+1030),6278923.834,493187.465,67.935,0.143
27/01/2026 04:08:51 PM (UTC+1030),6278923.891,493186.406,67.948,0.143
27/01/2026 04:08:52 PM (UTC+1030),6278923.802,493185.283,67.914,0.141
27/01/2026 04:08:53 PM (UTC+1030),6278923.821,493184.238,67.943,0.141
27/01/2026 04:08:54 PM (UTC+1030),6278923.782,493183.221,67.967,0.141
27/01/2026 04:08:55 PM (UTC+1030),6278923.792,493182.146,67.919,0.141
27/01/2026 04:08:56 PM (UTC+1030),6278923.796,493181.046,67.94,0.143
27/01/2026 04:08:57 PM (UTC+1030),6278923.803,493179.982,67.936,0.143
27/01/2026 04:08:58 PM (UTC+1030),6278923.784,493178.85,67.887,0.143
27/01/2026 04:08:59 PM (UTC+1030),6278923.753,493177.753,67.914,0.143
27/01/2026 04:09:00 PM (UTC+1030),6278923.732,493176.601,67.867,0.145
27/01/2026 04:09:01 PM (UTC+1030),6278923.79,493175.47,67.835,0.143
27/01/2026 04:09:02 PM (UTC+1030),6278923.82,493174.406,67.845,0.143
27/01/2026 04:09:03 PM (UTC+1030),6278923.758,493173.339,67.837,0.143
27/01/2026 04:09:04 PM (UTC+1030),6278923.68,493172.265,67.806,0.141
27/01/2026 04:09:05 PM (UTC+1030),6278923.669,493171.138,67.807,0.141
27/01/2026 04:09:06 PM (UTC+1030),6278923.633,493170.009,67.765,0.145
27/01/2026 04:09:07 PM (UTC+1030),6278923.608,493168.939,67.744,0.143
27/01/2026 04:09:08 PM (UTC+1030),6278923.601,493167.916,67.782,0.143
27/01/2026 04:09:09 PM (UTC+1030),6278923.635,493166.851,67.706,0.143
27/01/2026 04:09:10 PM (UTC+1030),6278923.577,493166.19,67.736,0.141
27/01/2026 04:09:11 PM (UTC+1030),6278923.675,493166.082,67.732,0.143
27/01/2026 04:09:12 PM (UTC+1030),6278923.685,493166.109,67.735,0.143
27/01/2026 04:09:13 PM (UTC+1030),6278923.671,493166.086,67.741,0.143
27/01/2026 04:09:14 PM (UTC+1030),6278923.634,493166.086,67.751,0.143
27/01/2026 04:09:15 PM (UTC+1030),6278923.587,493166.058,67.76,0.139
27/01/2026 04:09:16 PM (UTC+1030),6278923.645,493165.781,67.741,0.141
27/01/2026 04:09:17 PM (UTC+1030),6278923.59,493165.619,67.737,0.112
27/01/2026 04:09:18 PM (UTC+1030),6278923.583,493165.6,67.732,0.111
27/01/2026 04:09:19 PM (UTC+1030),6278923.449,493165.523,67.746,0.109
27/01/2026 04:09:20 PM (UTC+1030),6278923.571,493164.977,67.714,0.108
27/01/2026 04:09:21 PM (UTC+1030),6278923.485,493164.515,67.718,0.126
27/01/2026 04:09:22 PM (UTC+1030),6278923.626,493164.032,67.692,0.126
27/01/2026 04:09:23 PM (UTC+1030),6278923.566,493163.5,67.667,0.113
27/01/2026 04:09:24 PM (UTC+1030),6278923.424,493162.888,67.69,0.113
27/01/2026 04:09:25 PM (UTC+1030),6278923.423,493162.362,67.666,0.113
27/01/2026 04:09:26 PM (UTC+1030),6278923.555,493161.684,67.642,0.133
27/01/2026 04:09:27 PM (UTC+1030),6278923.657,493161.093,67.608,0.136
27/01/2026 04:09:28 PM (UTC+1030),6278923.727,493160.58,67.616,0.136
27/01/2026 04:09:29 PM (UTC+1030),6278923.7,493160.445,67.617,0.136
27/01/2026 04:09:30 PM (UTC+1030),6278923.659,493160.437,67.615,0.138
27/01/2026 04:09:31 PM (UTC+1030),6278923.653,493160.433,67.625,0.138
27/01/2026 04:09:32 PM (UTC+1030),6278923.632,493160.444,67.621,0.138
27/01/2026 04:09:33 PM (UTC+1030),6278923.636,493160.442,67.622,0.136
27/01/2026 04:09:34 PM (UTC+1030),6278923.648,493160.449,67.616,0.136
27/01/2026 04:09:35 PM (UTC+1030),6278923.664,493160.441,67.615,0.136
27/01/2026 04:09:36 PM (UTC+1030),6278923.655,493160.454,67.628,0.113
27/01/2026 04:09:37 PM (UTC+1030),6278923.629,493160.471,67.629,0.113
27/01/2026 04:09:38 PM (UTC+1030),6278923.62,493160.484,67.632,0.113
27/01/2026 04:09:39 PM (UTC+1030),6278923.612,493160.475,67.635,0.111
27/01/2026 04:09:40 PM (UTC+1030),6278923.612,493160.479,67.635,0.113
27/01/2026 04:09:41 PM (UTC+1030),6278923.584,493160.484,67.63,0.115
27/01/2026 04:09:42 PM (UTC+1030),6278923.575,493160.484,67.627,0.115
27/01/2026 04:09:43 PM (UTC+1030),6278923.593,493160.488,67.628,0.116
27/01/2026 04:09:44 PM (UTC+1030),6278923.618,493160.48,67.626,0.116
27/01/2026 04:09:45 PM (UTC+1030),6278923.627,493160.479,67.623,0.116
27/01/2026 04:09:46 PM (UTC+1030),6278923.626,493160.476,67.614,0.117
27/01/2026 04:09:47 PM (UTC+1030),6278923.623,493160.485,67.617,0.117
27/01/2026 04:09:48 PM (UTC+1030),6278923.628,493160.475,67.627,0.117
27/01/2026 04:09:49 PM (UTC+1030),6278923.638,493160.483,67.623,0.119
27/01/2026 04:09:50 PM (UTC+1030),6278923.647,493160.48,67.637,0.119
27/01/2026 04:09:51 PM (UTC+1030),6278923.681,493160.485,67.632,0.121
27/01/2026 04:09:52 PM (UTC+1030),6278923.698,493160.503,67.622,0.121
27/01/2026 04:09:53 PM (UTC+1030),6278923.68,493160.499,67.624,0.121
27/01/2026 04:09:54 PM (UTC+1030),6278923.674,493160.493,67.62,0.123
27/01/2026 04:09:55 PM (UTC+1030),6278923.669,493160.495,67.622,0.125
27/01/2026 04:09:56 PM (UTC+1030),6278923.665,493160.498,67.632,0.125
27/01/2026 04:09:57 PM (UTC+1030),6278923.677,493160.497,67.634,0.125
27/01/2026 04:09:58 PM (UTC+1030),6278923.661,493160.509,67.627,0.125
27/01/2026 04:09:59 PM (UTC+1030),6278923.658,493160.511,67.633,0.124
27/01/2026 04:10:00 PM (UTC+1030),6278923.655,493160.521,67.636,0.125
27/01/2026 04:10:01 PM (UTC+1030),6278923.651,493160.503,67.633,0.127
27/01/2026 04:10:02 PM (UTC+1030),6278923.649,493160.491,67.636,0.127
27/01/2026 04:10:03 PM (UTC+1030),6278923.665,493160.483,67.625,0.127
27/01/2026 04:10:04 PM (UTC+1030),6278923.664,493160.486,67.628,0.127
27/01/2026 04:10:05 PM (UTC+1030),6278923.67,493160.486,67.616,0.127
27/01/2026 04:10:06 PM (UTC+1030),6278923.679,493160.482,67.608,0.129
27/01/2026 04:10:07 PM (UTC+1030),6278923.684,493160.476,67.606,0.129
27/01/2026 04:10:08 PM (UTC+1030),6278923.685,493160.472,67.611,0.129
27/01/2026 04:10:09 PM (UTC+1030),6278923.677,493160.474,67.615,0.129
27/01/2026 04:10:10 PM (UTC+1030),6278923.684,493160.482,67.611,0.129
27/01/2026 04:10:11 PM (UTC+1030),6278923.702,493160.481,67.623,0.131
27/01/2026 04:10:12 PM (UTC+1030),6278923.691,493160.471,67.615,0.131
27/01/2026 04:10:13 PM (UTC+1030),6278923.684,493160.465,67.612,0.133
27/01/2026 04:10:14 PM (UTC+1030),6278923.68,493160.485,67.616,0.133
27/01/2026 04:10:15 PM (UTC+1030),6278923.686,493160.484,67.614,0.133
27/01/2026 04:10:16 PM (UTC+1030),6278923.684,493160.492,67.622,0.133
27/01/2026 04:10:17 PM (UTC+1030),6278923.688,493160.485,67.614,0.131
27/01/2026 04:10:18 PM (UTC+1030),6278923.692,493160.482,67.61,0.133
27/01/2026 04:10:19 PM (UTC+1030),6278923.687,493160.485,67.625,0.131
27/01/2026 04:10:20 PM (UTC+1030),6278923.688,493160.478,67.625,0.131
27/01/2026 04:10:21 PM (UTC+1030),6278923.688,493160.475,67.623,0.133
27/01/2026 04:10:22 PM (UTC+1030),6278923.698,493160.471,67.606,0.133
27/01/2026 04:10:23 PM (UTC+1030),6278923.698,493160.461,67.617,0.133
27/01/2026 04:10:24 PM (UTC+1030),6278923.699,493160.477,67.619,0.133
27/01/2026 04:10:25 PM (UTC+1030),6278923.694,493160.479,67.62,0.133
27/01/2026 04:10:26 PM (UTC+1030),6278923.693,493160.483,67.612,0.134
27/01/2026 04:10:27 PM (UTC+1030),6278923.687,493160.49,67.613,0.134
27/01/2026 04:10:28 PM (UTC+1030),6278923.687,493160.487,67.611,0.134
27/01/2026 04:10:29 PM (UTC+1030),6278923.693,493160.483,67.605,0.134
27/01/2026 04:10:30 PM (UTC+1030),6278923.692,493160.489,67.599,0.134
27/01/2026 04:10:31 PM (UTC+1030),6278923.693,493160.486,67.605,0.136
27/01/2026 04:10:32 PM (UTC+1030),6278923.689,493160.487,67.625,0.136
27/01/2026 04:10:33 PM (UTC+1030),6278923.689,493160.491,67.62,0.136
27/01/2026 04:10:34 PM (UTC+1030),6278923.691,493160.482,67.614,0.136
27/01/2026 04:10:35 PM (UTC+1030),6278923.693,493160.482,67.612,0.136
27/01/2026 04:10:36 PM (UTC+1030),6278923.684,493160.478,67.611,0.136
27/01/2026 04:10:37 PM (UTC+1030),6278923.624,493160.462,67.628,0.136
27/01/2026 04:10:38 PM (UTC+1030),6278923.563,493160.503,67.64,0.136
27/01/2026 04:10:39 PM (UTC+1030),6278923.588,493160.545,67.633,0.136
27/01/2026 04:10:40 PM (UTC+1030),6278923.632,493160.528,67.617,0.136
27/01/2026 04:10:41 PM (UTC+1030),6278923.65,493160.506,67.62,0.138
27/01/2026 04:10:42 PM (UTC+1030),6278923.632,493160.467,67.617,0.138
27/01/2026 04:10:43 PM (UTC+1030),6278923.628,493160.479,67.628,0.138
27/01/2026 04:10:44 PM (UTC+1030),6278923.646,493160.487,67.634,0.138
27/01/2026 04:10:45 PM (UTC+1030),6278923.653,493160.557,67.63,0.138
27/01/2026 04:10:46 PM (UTC+1030),6278923.675,493160.56,67.618,0.138
27/01/2026 04:10:47 PM (UTC+1030),6278923.714,493160.468,67.609,0.14
27/01/2026 04:10:48 PM (UTC+1030),6278923.683,493160.466,67.62,0.14
27/01/2026 04:10:49 PM (UTC+1030),6278923.648,493160.482,67.629,0.14
27/01/2026 04:10:50 PM (UTC+1030),6278923.618,493160.497,67.634,0.138
27/01/2026 04:10:51 PM (UTC+1030),6278923.579,493160.425,67.632,0.14
27/01/2026 04:10:52 PM (UTC+1030),6278923.613,493160.396,67.635,0.14
27/01/2026 04:10:53 PM (UTC+1030),6278923.632,493160.464,67.645,0.139
27/01/2026 04:10:54 PM (UTC+1030),6278923.643,493160.457,67.646,0.14
27/01/2026 04:10:55 PM (UTC+1030),6278923.655,493160.451,67.615,0.138
27/01/2026 04:10:56 PM (UTC+1030),6278923.659,493160.449,67.611,0.142
27/01/2026 04:10:57 PM (UTC+1030),6278923.66,493160.448,67.612,0.142
27/01/2026 04:10:58 PM (UTC+1030),6278923.66,493160.438,67.604,0.142
27/01/2026 04:10:59 PM (UTC+1030),6278923.658,493160.434,67.606,0.142
27/01/2026 04:11:00 PM (UTC+1030),6278923.67,493160.433,67.615,0.142
27/01/2026 04:11:01 PM (UTC+1030),6278923.674,493160.434,67.617,0.143
27/01/2026 04:11:02 PM (UTC+1030),6278923.68,493160.434,67.617,0.143
27/01/2026 04:11:03 PM (UTC+1030),6278923.673,493160.455,67.62,0.143
27/01/2026 04:11:04 PM (UTC+1030),6278923.666,493160.479,67.622,0.142
27/01/2026 04:11:05 PM (UTC+1030),6278923.681,493160.48,67.614,0.143
27/01/2026 04:11:06 PM (UTC+1030),6278923.677,493160.477,67.619,0.145
27/01/2026 04:11:07 PM (UTC+1030),6278923.671,493160.473,67.617,0.145
27/01/2026 04:11:08 PM (UTC+1030),6278923.668,493160.476,67.611,0.143
27/01/2026 04:11:09 PM (UTC+1030),6278923.668,493160.462,67.612,0.143
27/01/2026 04:11:10 PM (UTC+1030),6278923.679,493160.46,67.617,0.143
27/01/2026 04:11:11 PM (UTC+1030),6278923.68,493160.444,67.613,0.145
27/01/2026 04:11:12 PM (UTC+1030),6278923.67,493160.453,67.615,0.145
27/01/2026 04:11:13 PM (UTC+1030),6278923.669,493160.469,67.606,0.145
27/01/2026 04:11:14 PM (UTC+1030),6278923.676,493160.475,67.607,0.145
27/01/2026 04:11:15 PM (UTC+1030),6278923.673,493160.448,67.607,0.145
27/01/2026 04:11:16 PM (UTC+1030),6278923.657,493160.453,67.612,0.147
27/01/2026 04:11:17 PM (UTC+1030),6278923.661,493160.454,67.613,0.147
27/01/2026 04:11:18 PM (UTC+1030),6278923.664,493160.458,67.61,0.147
27/01/2026 04:11:19 PM (UTC+1030),6278923.67,493160.447,67.612,0.145
27/01/2026 04:11:20 PM (UTC+1030),6278923.669,493160.462,67.61,0.145
27/01/2026 04:11:21 PM (UTC+1030),6278923.665,493160.463,67.611,0.147
27/01/2026 04:11:22 PM (UTC+1030),6278923.683,493160.474,67.608,0.147
27/01/2026 04:11:23 PM (UTC+1030),6278923.686,493160.472,67.616,0.147
27/01/2026 04:11:24 PM (UTC+1030),6278923.681,493160.43,67.609,0.145
27/01/2026 04:11:25 PM (UTC+1030),6278923.676,493160.411,67.612,0.147
27/01/2026 04:11:26 PM (UTC+1030),6278923.69,493160.429,67.611,0.149
27/01/2026 04:11:27 PM (UTC+1030),6278923.675,493160.439,67.609,0.147
27/01/2026 04:11:28 PM (UTC+1030),6278923.68,493160.414,67.605,0.147
27/01/2026 04:11:29 PM (UTC+1030),6278923.677,493160.402,67.622,0.147
27/01/2026 04:11:30 PM (UTC+1030),6278923.664,493160.416,67.623,0.147
27/01/2026 04:11:31 PM (UTC+1030),6278923.661,493160.405,67.616,0.147
27/01/2026 04:11:32 PM (UTC+1030),6278923.672,493160.391,67.612,0.147
27/01/2026 04:11:33 PM (UTC+1030),6278923.676,493160.382,67.615,0.147
27/01/2026 04:11:34 PM (UTC+1030),6278923.665,493160.401,67.615,0.149
27/01/2026 04:11:35 PM (UTC+1030),6278923.666,493160.411,67.614,0.145
27/01/2026 04:11:36 PM (UTC+1030),6278923.679,493160.405,67.612,0.145
27/01/2026 04:11:37 PM (UTC+1030),6278923.676,493160.406,67.61,0.147
27/01/2026 04:11:38 PM (UTC+1030),6278923.672,493160.412,67.608,0.145
27/01/2026 04:11:39 PM (UTC+1030),6278923.665,493160.436,67.609,0.145
27/01/2026 04:11:40 PM (UTC+1030),6278923.659,493160.431,67.606,0.145
27/01/2026 04:11:41 PM (UTC+1030),6278923.647,493160.437,67.608,0.147
27/01/2026 04:11:42 PM (UTC+1030),6278923.63,493160.447,67.609,0.145
27/01/2026 04:11:43 PM (UTC+1030),6278923.612,493160.538,67.617,0.145
27/01/2026 04:11:44 PM (UTC+1030),6278923.669,493160.482,67.601,0.145
27/01/2026 04:11:45 PM (UTC+1030),6278923.639,493160.424,67.62,0.145
27/01/2026 04:11:46 PM (UTC+1030),6278923.659,493160.449,67.632,0.147
27/01/2026 04:11:47 PM (UTC+1030),6278923.696,493160.474,67.623,0.147
27/01/2026 04:11:48 PM (UTC+1030),6278923.709,493160.408,67.622,0.147
27/01/2026 04:11:49 PM (UTC+1030),6278923.688,493160.409,67.631,0.147
27/01/2026 04:11:50 PM (UTC+1030),6278923.572,493160.497,67.642,0.145
27/01/2026 04:11:51 PM (UTC+1030),6278923.686,493160.447,67.62,0.147
27/01/2026 04:11:52 PM (UTC+1030),6278923.712,493160.474,67.608,0.147
27/01/2026 04:11:53 PM (UTC+1030),6278923.736,493160.459,67.59,0.147
27/01/2026 04:11:54 PM (UTC+1030),6278923.714,493160.445,67.594,0.147
27/01/2026 04:11:55 PM (UTC+1030),6278923.721,493160.432,67.589,0.147
27/01/2026 04:11:56 PM (UTC+1030),6278923.729,493160.429,67.608,0.16
27/01/2026 04:11:57 PM (UTC+1030),6278923.728,493160.434,67.601,0.16
27/01/2026 04:11:58 PM (UTC+1030),6278923.722,493160.447,67.606,0.147
27/01/2026 04:11:59 PM (UTC+1030),6278923.69,493160.498,67.609,0.145
27/01/2026 04:12:00 PM (UTC+1030),6278923.707,493160.479,67.604,0.145
27/01/2026 04:12:01 PM (UTC+1030),6278923.702,493160.484,67.615,0.147
27/01/2026 04:12:02 PM (UTC+1030),6278923.699,493160.502,67.625,0.147
27/01/2026 04:12:03 PM (UTC+1030),6278923.71,493160.528,67.629,0.147
27/01/2026 04:12:04 PM (UTC+1030),6278923.662,493160.545,67.639,0.147
27/01/2026 04:12:05 PM (UTC+1030),6278923.635,493160.478,67.639,0.147
27/01/2026 04:12:06 PM (UTC+1030),6278923.615,493160.474,67.631,0.145
27/01/2026 04:12:07 PM (UTC+1030),6278923.627,493160.501,67.627,0.145
27/01/2026 04:12:08 PM (UTC+1030),6278923.623,493160.502,67.627,0.145
27/01/2026 04:12:09 PM (UTC+1030),6278923.619,493160.491,67.624,0.143
27/01/2026 04:12:10 PM (UTC+1030),6278923.622,493160.497,67.627,0.145
27/01/2026 04:12:11 PM (UTC+1030),6278923.622,493160.502,67.629,0.146
27/01/2026 04:12:12 PM (UTC+1030),6278923.615,493160.504,67.631,0.145
27/01/2026 04:12:13 PM (UTC+1030),6278923.611,493160.503,67.63,0.143
27/01/2026 04:12:14 PM (UTC+1030),6278923.578,493160.517,67.633,0.143
27/01/2026 04:12:15 PM (UTC+1030),6278923.574,493160.536,67.631,0.143
27/01/2026 04:12:16 PM (UTC+1030),6278923.616,493160.507,67.624,0.145
27/01/2026 04:12:17 PM (UTC+1030),6278923.599,493160.513,67.625,0.145
27/01/2026 04:12:18 PM (UTC+1030),6278923.59,493160.526,67.629,0.145
27/01/2026 04:12:19 PM (UTC+1030),6278923.598,493160.534,67.631,0.143
27/01/2026 04:12:20 PM (UTC+1030),6278923.598,493160.524,67.624,0.143
27/01/2026 04:12:21 PM (UTC+1030),6278923.608,493160.511,67.626,0.145
27/01/2026 04:12:22 PM (UTC+1030),6278923.614,493160.524,67.627,0.145
27/01/2026 04:12:23 PM (UTC+1030),6278923.614,493160.516,67.62,0.145
27/01/2026 04:12:24 PM (UTC+1030),6278923.609,493160.528,67.622,0.145
27/01/2026 04:12:25 PM (UTC+1030),6278923.614,493160.524,67.616,0.145
27/01/2026 04:12:26 PM (UTC+1030),6278923.615,493160.526,67.628,0.143
27/01/2026 04:12:27 PM (UTC+1030),6278923.62,493160.521,67.629,0.143
27/01/2026 04:12:28 PM (UTC+1030),6278923.684,493160.56,67.617,0.143
27/01/2026 04:12:29 PM (UTC+1030),6278923.694,493160.557,67.605,0.142
27/01/2026 04:12:30 PM (UTC+1030),6278923.623,493160.513,67.621,0.143
27/01/2026 04:12:31 PM (UTC+1030),6278923.623,493160.475,67.631,0.143
27/01/2026 04:12:32 PM (UTC+1030),6278923.598,493160.523,67.627,0.143
27/01/2026 04:12:33 PM (UTC+1030),6278923.608,493160.5,67.634,0.143
27/01/2026 04:12:34 PM (UTC+1030),6278923.614,493160.495,67.651,0.143
27/01/2026 04:12:35 PM (UTC+1030),6278923.625,493160.503,67.643,0.143
27/01/2026 04:12:36 PM (UTC+1030),6278923.603,493160.507,67.638,0.143
27/01/2026 04:12:37 PM (UTC+1030),6278923.605,493160.505,67.635,0.143
27/01/2026 04:12:38 PM (UTC+1030),6278923.601,493160.502,67.622,0.143
27/01/2026 04:12:39 PM (UTC+1030),6278923.616,493160.488,67.622,0.143
27/01/2026 04:12:40 PM (UTC+1030),6278923.63,493160.47,67.62,0.143
27/01/2026 04:12:41 PM (UTC+1030),6278923.633,493160.49,67.628,0.143
27/01/2026 04:12:42 PM (UTC+1030),6278923.64,493160.458,67.615,0.143
27/01/2026 04:12:43 PM (UTC+1030),6278923.633,493160.472,67.631,0.143
27/01/2026 04:12:44 PM (UTC+1030),6278923.645,493160.475,67.636,0.143
27/01/2026 04:12:45 PM (UTC+1030),6278923.651,493160.489,67.641,0.143
27/01/2026 04:12:46 PM (UTC+1030),6278923.633,493160.522,67.644,0.143
27/01/2026 04:12:47 PM (UTC+1030),6278923.622,493160.502,67.638,0.143
27/01/2026 04:12:48 PM (UTC+1030),6278923.618,493160.514,67.641,0.142
27/01/2026 04:12:49 PM (UTC+1030),6278923.616,493160.508,67.641,0.143
27/01/2026 04:12:50 PM (UTC+1030),6278923.621,493160.493,67.637,0.142
27/01/2026 04:12:51 PM (UTC+1030),6278923.624,493160.5,67.639,0.142
27/01/2026 04:12:52 PM (UTC+1030),6278923.618,493160.506,67.63,0.142
27/01/2026 04:12:53 PM (UTC+1030),6278923.627,493160.509,67.631,0.142
27/01/2026 04:12:54 PM (UTC+1030),6278923.623,493160.511,67.631,0.142
27/01/2026 04:12:55 PM (UTC+1030),6278923.631,493160.505,67.631,0.14
27/01/2026 04:12:56 PM (UTC+1030),6278923.63,493160.504,67.634,0.142
27/01/2026 04:12:57 PM (UTC+1030),6278923.63,493160.499,67.63,0.142
27/01/2026 04:12:58 PM (UTC+1030),6278923.635,493160.49,67.634,0.142
27/01/2026 04:12:59 PM (UTC+1030),6278923.637,493160.492,67.635,0.142
27/01/2026 04:13:00 PM (UTC+1030),6278923.628,493160.494,67.632,0.14
27/01/2026 04:13:01 PM (UTC+1030),6278923.612,493160.564,67.633,0.142
27/01/2026 04:13:02 PM (UTC+1030),6278923.613,493160.572,67.624,0.142
27/01/2026 04:13:03 PM (UTC+1030),6278923.615,493160.499,67.625,0.142
27/01/2026 04:13:04 PM (UTC+1030),6278923.619,493160.48,67.627,0.142
27/01/2026 04:13:05 PM (UTC+1030),6278923.618,493160.484,67.63,0.14
27/01/2026 04:13:06 PM (UTC+1030),6278923.623,493160.474,67.632,0.142
27/01/2026 04:13:07 PM (UTC+1030),6278923.618,493160.483,67.633,0.14
27/01/2026 04:13:08 PM (UTC+1030),6278923.625,493160.477,67.637,0.14
27/01/2026 04:13:09 PM (UTC+1030),6278923.618,493160.479,67.637,0.14
27/01/2026 04:13:10 PM (UTC+1030),6278923.615,493160.483,67.633,0.14
27/01/2026 04:13:11 PM (UTC+1030),6278923.613,493160.481,67.625,0.14
27/01/2026 04:13:12 PM (UTC+1030),6278923.612,493160.476,67.625,0.14
27/01/2026 04:13:13 PM (UTC+1030),6278923.6,493160.487,67.62,0.14
27/01/2026 04:13:14 PM (UTC+1030),6278923.588,493160.508,67.625,0.14
27/01/2026 04:13:15 PM (UTC+1030),6278923.589,493160.483,67.629,0.14
27/01/2026 04:13:16 PM (UTC+1030),6278923.587,493160.482,67.63,0.142
27/01/2026 04:13:17 PM (UTC+1030),6278923.601,493160.446,67.631,0.142
27/01/2026 04:13:18 PM (UTC+1030),6278923.627,493160.464,67.633,0.142
27/01/2026 04:13:19 PM (UTC+1030),6278923.616,493160.474,67.634,0.142
27/01/2026 04:13:20 PM (UTC+1030),6278923.595,493160.484,67.634,0.14
27/01/2026 04:13:21 PM (UTC+1030),6278923.595,493160.483,67.621,0.14
27/01/2026 04:13:22 PM (UTC+1030),6278923.607,493160.482,67.621,0.14
27/01/2026 04:13:23 PM (UTC+1030),6278923.608,493160.487,67.619,0.14
27/01/2026 04:13:24 PM (UTC+1030),6278923.614,493160.479,67.621,0.14
27/01/2026 04:13:25 PM (UTC+1030),6278923.615,493160.481,67.629,0.14
27/01/2026 04:13:26 PM (UTC+1030),6278923.578,493160.477,67.637,0.14
27/01/2026 04:13:27 PM (UTC+1030),6278923.547,493160.466,67.63,0.14
27/01/2026 04:13:28 PM (UTC+1030),6278923.572,493160.417,67.615,0.14
27/01/2026 04:13:29 PM (UTC+1030),6278923.606,493160.358,67.622,0.138
27/01/2026 04:13:30 PM (UTC+1030),6278923.639,493160.397,67.619,0.14
27/01/2026 04:13:31 PM (UTC+1030),6278923.621,493160.459,67.612,0.14
27/01/2026 04:13:32 PM (UTC+1030),6278923.649,493160.421,67.604,0.14
27/01/2026 04:13:33 PM (UTC+1030),6278923.664,493160.353,67.599,0.14
27/01/2026 04:13:34 PM (UTC+1030),6278923.71,493160.417,67.587,0.14
27/01/2026 04:13:35 PM (UTC+1030),6278923.677,493160.382,67.586,0.138
27/01/2026 04:13:36 PM (UTC+1030),6278923.578,493160.48,67.601,0.14
27/01/2026 04:13:37 PM (UTC+1030),6278923.631,493160.433,67.599,0.14
27/01/2026 04:13:38 PM (UTC+1030),6278923.545,493160.176,67.575,0.14
27/01/2026 04:13:39 PM (UTC+1030),6278923.472,493159.601,67.572,0.138
27/01/2026 04:13:40 PM (UTC+1030),6278923.517,493158.839,67.59,0.15
27/01/2026 04:13:41 PM (UTC+1030),6278923.468,493157.949,67.509,0.152
27/01/2026 04:13:42 PM (UTC+1030),6278923.533,493157.037,67.542,0.154
27/01/2026 04:13:43 PM (UTC+1030),6278923.611,493156.101,67.448,0.154
27/01/2026 04:13:44 PM (UTC+1030),6278923.717,493155.172,67.473,0.155
27/01/2026 04:13:45 PM (UTC+1030),6278923.698,493154.187,67.451,0.156
27/01/2026 04:13:46 PM (UTC+1030),6278923.604,493153.184,67.411,0.156
27/01/2026 04:13:47 PM (UTC+1030),6278923.557,493152.181,67.426,0.158
27/01/2026 04:13:48 PM (UTC+1030),6278923.544,493151.186,67.425,0.158
27/01/2026 04:13:49 PM (UTC+1030),6278923.637,493150.2,67.337,0.155
27/01/2026 04:13:50 PM (UTC+1030),6278923.655,493149.253,67.364,0.155
27/01/2026 04:13:51 PM (UTC+1030),6278923.609,493148.243,67.343,0.153
27/01/2026 04:13:52 PM (UTC+1030),6278923.564,493147.244,67.281,0.153
27/01/2026 04:13:53 PM (UTC+1030),6278923.504,493146.249,67.271,0.151
27/01/2026 04:13:54 PM (UTC+1030),6278923.524,493145.124,67.257,0.151
27/01/2026 04:13:55 PM (UTC+1030),6278923.53,493144.031,67.205,0.149
27/01/2026 04:13:56 PM (UTC+1030),6278923.634,493142.943,67.188,0.151
27/01/2026 04:13:57 PM (UTC+1030),6278923.692,493141.848,67.192,0.149
27/01/2026 04:13:58 PM (UTC+1030),6278923.641,493140.839,67.148,0.149
27/01/2026 04:13:59 PM (UTC+1030),6278923.561,493139.789,67.084,0.147
27/01/2026 04:14:00 PM (UTC+1030),6278923.502,493138.681,67.112,0.147
27/01/2026 04:14:01 PM (UTC+1030),6278923.473,493137.619,67.076,0.149
27/01/2026 04:14:02 PM (UTC+1030),6278923.482,493136.5,67.003,0.149
27/01/2026 04:14:03 PM (UTC+1030),6278923.473,493135.399,67.019,0.149
27/01/2026 04:14:04 PM (UTC+1030),6278923.392,493134.329,67.003,0.15
27/01/2026 04:14:05 PM (UTC+1030),6278923.363,493133.199,66.943,0.147
27/01/2026 04:14:06 PM (UTC+1030),6278923.367,493132.128,66.934,0.149
27/01/2026 04:14:07 PM (UTC+1030),6278923.494,493131.044,66.924,0.147
27/01/2026 04:14:08 PM (UTC+1030),6278923.556,493130.049,66.855,0.149
27/01/2026 04:14:09 PM (UTC+1030),6278923.469,493128.995,66.895,0.145
27/01/2026 04:14:10 PM (UTC+1030),6278923.35,493127.988,66.871,0.145
27/01/2026 04:14:11 PM (UTC+1030),6278923.262,493126.979,66.858,0.145
27/01/2026 04:14:12 PM (UTC+1030),6278923.288,493125.874,66.896,0.145
27/01/2026 04:14:13 PM (UTC+1030),6278923.304,493124.796,66.818,0.145
27/01/2026 04:14:14 PM (UTC+1030),6278923.225,493123.646,66.788,0.144
27/01/2026 04:14:15 PM (UTC+1030),6278923.205,493122.509,66.778,0.14
27/01/2026 04:14:16 PM (UTC+1030),6278923.09,493121.45,66.813,0.142
27/01/2026 04:14:17 PM (UTC+1030),6278923.142,493120.376,66.73,0.142
27/01/2026 04:14:18 PM (UTC+1030),6278923.183,493119.367,66.736,0.142
27/01/2026 04:14:19 PM (UTC+1030),6278923.191,493118.271,66.755,0.14
27/01/2026 04:14:20 PM (UTC+1030),6278923.22,493117.173,66.689,0.14
27/01/2026 04:14:21 PM (UTC+1030),6278923.191,493116.058,66.687,0.139
27/01/2026 04:14:22 PM (UTC+1030),6278923.136,493114.962,66.709,0.14
27/01/2026 04:14:23 PM (UTC+1030),6278923.193,493113.887,66.649,0.14
27/01/2026 04:14:24 PM (UTC+1030),6278923.162,493112.79,66.677,0.14
27/01/2026 04:14:25 PM (UTC+1030),6278923.131,493111.724,66.708,0.137
27/01/2026 04:14:26 PM (UTC+1030),6278923.172,493110.652,66.651,0.139
27/01/2026 04:14:27 PM (UTC+1030),6278923.169,493109.643,66.691,0.139
27/01/2026 04:14:28 PM (UTC+1030),6278923.167,493108.666,66.691,0.139
27/01/2026 04:14:29 PM (UTC+1030),6278923.132,493107.702,66.689,0.137
27/01/2026 04:14:30 PM (UTC+1030),6278923.104,493106.635,66.713,0.137
27/01/2026 04:14:31 PM (UTC+1030),6278923.096,493105.522,66.701,0.137
27/01/2026 04:14:32 PM (UTC+1030),6278923.132,493104.538,66.672,0.139
27/01/2026 04:14:33 PM (UTC+1030),6278923.044,493103.364,66.696,0.138
27/01/2026 04:14:34 PM (UTC+1030),6278922.846,493102.283,66.711,0.138
27/01/2026 04:14:35 PM (UTC+1030),6278922.832,493101.167,66.668,0.135
27/01/2026 04:14:36 PM (UTC+1030),6278922.812,493100.05,66.663,0.137
27/01/2026 04:14:37 PM (UTC+1030),6278922.785,493099.018,66.699,0.137
27/01/2026 04:14:38 PM (UTC+1030),6278922.722,493097.892,66.653,0.137
27/01/2026 04:14:39 PM (UTC+1030),6278922.618,493096.811,66.664,0.136
27/01/2026 04:14:40 PM (UTC+1030),6278922.596,493095.74,66.702,0.136
27/01/2026 04:14:41 PM (UTC+1030),6278922.617,493094.718,66.655,0.135
27/01/2026 04:14:42 PM (UTC+1030),6278922.539,493093.632,66.689,0.137
27/01/2026 04:14:43 PM (UTC+1030),6278922.353,493092.578,66.688,0.136
27/01/2026 04:14:44 PM (UTC+1030),6278922.403,493091.488,66.655,0.136
27/01/2026 04:14:45 PM (UTC+1030),6278922.493,493090.409,66.674,0.133
27/01/2026 04:14:46 PM (UTC+1030),6278922.445,493089.383,66.617,0.135
27/01/2026 04:14:47 PM (UTC+1030),6278922.441,493088.27,66.648,0.133
27/01/2026 04:14:48 PM (UTC+1030),6278922.462,493087.189,66.632,0.133
27/01/2026 04:14:49 PM (UTC+1030),6278922.468,493086.125,66.576,0.131
27/01/2026 04:14:50 PM (UTC+1030),6278922.445,493085.026,66.593,0.131
27/01/2026 04:14:51 PM (UTC+1030),6278922.379,493083.958,66.552,0.133
27/01/2026 04:14:52 PM (UTC+1030),6278922.37,493082.916,66.543,0.133
27/01/2026 04:14:53 PM (UTC+1030),6278922.451,493081.79,66.533,0.133
27/01/2026 04:14:54 PM (UTC+1030),6278922.503,493080.789,66.484,0.137
27/01/2026 04:14:55 PM (UTC+1030),6278922.49,493079.699,66.501,0.136
27/01/2026 04:14:56 PM (UTC+1030),6278922.492,493078.583,66.461,0.138
27/01/2026 04:14:57 PM (UTC+1030),6278922.406,493077.519,66.427,0.14
27/01/2026 04:14:58 PM (UTC+1030),6278922.312,493076.444,66.443,0.14
27/01/2026 04:14:59 PM (UTC+1030),6278922.289,493075.369,66.366,0.134
27/01/2026 04:15:00 PM (UTC+1030),6278922.328,493074.362,66.362,0.136
27/01/2026 04:15:01 PM (UTC+1030),6278922.272,493073.305,66.309,0.138
27/01/2026 04:15:02 PM (UTC+1030),6278922.204,493072.307,66.295,0.138
27/01/2026 04:15:03 PM (UTC+1030),6278922.176,493071.296,66.271,0.14
27/01/2026 04:15:04 PM (UTC+1030),6278922.24,493070.281,66.175,0.142
27/01/2026 04:15:05 PM (UTC+1030),6278922.138,493069.34,66.193,0.142
27/01/2026 04:15:06 PM (UTC+1030),6278922.077,493068.421,66.099,0.142
27/01/2026 04:15:07 PM (UTC+1030),6278922.092,493067.429,66.082,0.142
27/01/2026 04:15:08 PM (UTC+1030),6278922.098,493066.418,65.999,0.14
27/01/2026 04:15:09 PM (UTC+1030),6278922.053,493065.369,65.938,0.14
27/01/2026 04:15:10 PM (UTC+1030),6278921.987,493064.448,65.854,0.135
27/01/2026 04:15:11 PM (UTC+1030),6278921.893,493063.471,65.788,0.135
27/01/2026 04:15:12 PM (UTC+1030),6278921.882,493062.539,65.694,0.135
27/01/2026 04:15:13 PM (UTC+1030),6278921.905,493061.59,65.627,0.131
27/01/2026 04:15:14 PM (UTC+1030),6278921.924,493060.604,65.592,0.133
27/01/2026 04:15:15 PM (UTC+1030),6278922.095,493059.625,65.501,0.131
27/01/2026 04:15:16 PM (UTC+1030),6278922.032,493058.721,65.421,0.133
27/01/2026 04:15:17 PM (UTC+1030),6278921.95,493057.79,65.38,0.133
27/01/2026 04:15:18 PM (UTC+1030),6278921.937,493056.772,65.252,0.133
27/01/2026 04:15:19 PM (UTC+1030),6278921.984,493055.818,65.245,0.131
27/01/2026 04:15:20 PM (UTC+1030),6278921.943,493054.863,65.194,0.131
27/01/2026 04:15:21 PM (UTC+1030),6278921.895,493053.887,65.087,0.133
27/01/2026 04:15:22 PM (UTC+1030),6278921.767,493052.869,65.036,0.133
27/01/2026 04:15:23 PM (UTC+1030),6278921.69,493051.937,64.928,0.131
27/01/2026 04:15:24 PM (UTC+1030),6278921.613,493050.998,64.903,0.131
27/01/2026 04:15:25 PM (UTC+1030),6278921.595,493050.075,64.841,0.13
27/01/2026 04:15:26 PM (UTC+1030),6278921.533,493049.103,64.743,0.133
27/01/2026 04:15:27 PM (UTC+1030),6278921.402,493048.179,64.707,0.133
27/01/2026 04:15:28 PM (UTC+1030),6278921.431,493047.207,64.615,0.131
27/01/2026 04:15:29 PM (UTC+1030),6278921.483,493046.177,64.542,0.131
27/01/2026 04:15:30 PM (UTC+1030),6278921.486,493045.115,64.525,0.13
27/01/2026 04:15:31 PM (UTC+1030),6278921.455,493044.131,64.406,0.131
27/01/2026 04:15:32 PM (UTC+1030),6278921.325,493043.196,64.373,0.133
27/01/2026 04:15:33 PM (UTC+1030),6278921.444,493042.211,64.311,0.133
27/01/2026 04:15:34 PM (UTC+1030),6278921.674,493041.185,64.214,0.133
27/01/2026 04:15:35 PM (UTC+1030),6278921.76,493040.155,64.205,0.131
27/01/2026 04:15:36 PM (UTC+1030),6278921.808,493039.195,64.084,0.131
27/01/2026 04:15:37 PM (UTC+1030),6278921.842,493038.199,64.065,0.131
27/01/2026 04:15:38 PM (UTC+1030),6278921.8,493037.295,63.982,0.133
27/01/2026 04:15:39 PM (UTC+1030),6278921.836,493036.287,63.897,0.128
27/01/2026 04:15:40 PM (UTC+1030),6278921.828,493035.31,63.835,0.128
27/01/2026 04:15:41 PM (UTC+1030),6278921.854,493034.313,63.721,0.128
27/01/2026 04:15:42 PM (UTC+1030),6278921.77,493033.336,63.679,0.128
27/01/2026 04:15:43 PM (UTC+1030),6278921.794,493032.285,63.573,0.128
27/01/2026 04:15:44 PM (UTC+1030),6278921.846,493031.278,63.507,0.13
27/01/2026 04:15:45 PM (UTC+1030),6278921.796,493030.266,63.458,0.128
27/01/2026 04:15:46 PM (UTC+1030),6278921.695,493029.328,63.344,0.13
27/01/2026 04:15:47 PM (UTC+1030),6278921.69,493028.384,63.313,0.13
27/01/2026 04:15:48 PM (UTC+1030),6278921.784,493027.452,63.205,0.13
27/01/2026 04:15:49 PM (UTC+1030),6278921.804,493026.374,63.144,0.126
27/01/2026 04:15:50 PM (UTC+1030),6278921.667,493025.38,63.041,0.126
27/01/2026 04:15:51 PM (UTC+1030),6278921.545,493024.427,62.995,0.128
27/01/2026 04:15:52 PM (UTC+1030),6278921.72,493023.38,62.89,0.128
27/01/2026 04:15:53 PM (UTC+1030),6278921.894,493022.445,62.82,0.126
27/01/2026 04:15:54 PM (UTC+1030),6278921.858,493021.493,62.783,0.128
27/01/2026 04:15:55 PM (UTC+1030),6278921.796,493020.476,62.685,0.126
27/01/2026 04:15:56 PM (UTC+1030),6278921.732,493019.505,62.596,0.13
27/01/2026 04:15:57 PM (UTC+1030),6278921.784,493018.481,62.545,0.13
27/01/2026 04:15:58 PM (UTC+1030),6278921.818,493017.347,62.416,0.13
27/01/2026 04:15:59 PM (UTC+1030),6278921.677,493016.267,62.367,0.126
27/01/2026 04:16:00 PM (UTC+1030),6278921.692,493015.211,62.325,0.126
27/01/2026 04:16:01 PM (UTC+1030),6278921.728,493014.111,62.25,0.13
27/01/2026 04:16:02 PM (UTC+1030),6278921.62,493013.105,62.162,0.131
27/01/2026 04:16:03 PM (UTC+1030),6278921.513,493011.933,62.103,0.131
27/01/2026 04:16:04 PM (UTC+1030),6278921.431,493010.786,61.986,0.126
27/01/2026 04:16:05 PM (UTC+1030),6278921.508,493009.668,61.895,0.128
27/01/2026 04:16:06 PM (UTC+1030),6278921.482,493008.528,61.852,0.13
27/01/2026 04:16:07 PM (UTC+1030),6278921.391,493007.442,61.779,0.13
27/01/2026 04:16:08 PM (UTC+1030),6278921.435,493006.394,61.67,0.13
27/01/2026 04:16:09 PM (UTC+1030),6278921.441,493005.252,61.606,0.128
27/01/2026 04:16:10 PM (UTC+1030),6278921.398,493004.23,61.558,0.128
27/01/2026 04:16:11 PM (UTC+1030),6278921.331,493003.184,61.409,0.13
27/01/2026 04:16:12 PM (UTC+1030),6278921.305,493002.06,61.323,0.13
27/01/2026 04:16:13 PM (UTC+1030),6278921.3,493000.948,61.278,0.128
27/01/2026 04:16:14 PM (UTC+1030),6278921.263,492999.864,61.165,0.127
27/01/2026 04:16:15 PM (UTC+1030),6278921.171,492998.796,61.105,0.126
27/01/2026 04:16:16 PM (UTC+1030),6278921.107,492997.784,61.07,0.13
27/01/2026 04:16:17 PM (UTC+1030),6278921.101,492996.795,60.956,0.128
27/01/2026 04:16:18 PM (UTC+1030),6278921.132,492995.671,60.904,0.128
27/01/2026 04:16:19 PM (UTC+1030),6278921.196,492994.596,60.847,0.126
27/01/2026 04:16:20 PM (UTC+1030),6278921.228,492993.656,60.727,0.126
27/01/2026 04:16:21 PM (UTC+1030),6278921.152,492992.658,60.693,0.128
27/01/2026 04:16:22 PM (UTC+1030),6278921.162,492991.637,60.619,0.128
27/01/2026 04:16:23 PM (UTC+1030),6278921.204,492990.654,60.545,0.128
27/01/2026 04:16:24 PM (UTC+1030),6278921.23,492989.702,60.521,0.13
27/01/2026 04:16:25 PM (UTC+1030),6278921.313,492988.679,60.464,0.126
27/01/2026 04:16:26 PM (UTC+1030),6278921.263,492987.62,60.369,0.128
27/01/2026 04:16:27 PM (UTC+1030),6278921.144,492986.539,60.318,0.13
27/01/2026 04:16:28 PM (UTC+1030),6278921.09,492985.49,60.27,0.131
27/01/2026 04:16:29 PM (UTC+1030),6278921.08,492984.396,60.16,0.128
27/01/2026 04:16:30 PM (UTC+1030),6278921.151,492983.307,60.113,0.128
27/01/2026 04:16:31 PM (UTC+1030),6278921.216,492982.267,60.058,0.13
27/01/2026 04:16:32 PM (UTC+1030),6278921.172,492981.174,59.948,0.13
27/01/2026 04:16:33 PM (UTC+1030),6278920.972,492980.139,59.903,0.128
27/01/2026 04:16:34 PM (UTC+1030),6278920.879,492979.082,59.814,0.13
27/01/2026 04:16:35 PM (UTC+1030),6278920.794,492977.979,59.742,0.13
27/01/2026 04:16:36 PM (UTC+1030),6278920.592,492976.852,59.696,0.127
27/01/2026 04:16:37 PM (UTC+1030),6278920.484,492975.718,59.598,0.126
27/01/2026 04:16:38 PM (UTC+1030),6278920.478,492974.6,59.515,0.126
27/01/2026 04:16:39 PM (UTC+1030),6278920.473,492973.552,59.474,0.123
27/01/2026 04:16:40 PM (UTC+1030),6278920.44,492972.456,59.396,0.126
27/01/2026 04:16:41 PM (UTC+1030),6278920.449,492971.352,59.297,0.123
27/01/2026 04:16:42 PM (UTC+1030),6278920.438,492970.272,59.287,0.123
27/01/2026 04:16:43 PM (UTC+1030),6278920.39,492969.196,59.22,0.126
27/01/2026 04:16:44 PM (UTC+1030),6278920.319,492968.073,59.12,0.126
27/01/2026 04:16:45 PM (UTC+1030),6278920.242,492966.994,59.074,0.124
27/01/2026 04:16:46 PM (UTC+1030),6278920.186,492965.837,59.025,0.126
27/01/2026 04:16:47 PM (UTC+1030),6278920.097,492964.79,58.914,0.126
27/01/2026 04:16:48 PM (UTC+1030),6278920.003,492963.699,58.864,0.126
27/01/2026 04:16:49 PM (UTC+1030),6278919.931,492962.601,58.833,0.124
27/01/2026 04:16:50 PM (UTC+1030),6278919.887,492961.557,58.742,0.124
27/01/2026 04:16:51 PM (UTC+1030),6278919.809,492960.478,58.667,0.126
27/01/2026 04:16:52 PM (UTC+1030),6278919.775,492959.379,58.613,0.126
27/01/2026 04:16:53 PM (UTC+1030),6278919.815,492958.288,58.546,0.126
27/01/2026 04:16:54 PM (UTC+1030),6278919.741,492957.179,58.451,0.126
27/01/2026 04:16:55 PM (UTC+1030),6278919.73,492956.127,58.412,0.126
27/01/2026 04:16:56 PM (UTC+1030),6278919.863,492955.045,58.329,0.126
27/01/2026 04:16:57 PM (UTC+1030),6278919.841,492954.018,58.245,0.126
27/01/2026 04:16:58 PM (UTC+1030),6278919.773,492952.934,58.213,0.126
27/01/2026 04:16:59 PM (UTC+1030),6278919.736,492951.913,58.142,0.123
27/01/2026 04:17:00 PM (UTC+1030),6278919.824,492950.83,58.063,0.123
27/01/2026 04:17:01 PM (UTC+1030),6278919.812,492949.741,58.054,0.128
27/01/2026 04:17:02 PM (UTC+1030),6278919.672,492948.729,57.987,0.128
27/01/2026 04:17:03 PM (UTC+1030),6278919.696,492947.653,57.906,0.128
27/01/2026 04:17:04 PM (UTC+1030),6278919.732,492946.601,57.873,0.123
27/01/2026 04:17:05 PM (UTC+1030),6278919.783,492945.53,57.815,0.12
27/01/2026 04:17:06 PM (UTC+1030),6278919.747,492944.45,57.719,0.122
27/01/2026 04:17:07 PM (UTC+1030),6278919.756,492943.351,57.676,0.122
27/01/2026 04:17:08 PM (UTC+1030),6278919.737,492942.255,57.64,0.122
27/01/2026 04:17:09 PM (UTC+1030),6278919.78,492941.15,57.523,0.12
27/01/2026 04:17:10 PM (UTC+1030),6278919.679,492940.054,57.484,0.122
27/01/2026 04:17:11 PM (UTC+1030),6278919.608,492938.952,57.456,0.123
27/01/2026 04:17:12 PM (UTC+1030),6278919.63,492937.765,57.426,0.122
27/01/2026 04:17:13 PM (UTC+1030),6278919.751,492936.591,57.318,0.125
27/01/2026 04:17:14 PM (UTC+1030),6278919.866,492935.361,57.229,0.125
27/01/2026 04:17:15 PM (UTC+1030),6278919.816,492934.221,57.216,0.127
27/01/2026 04:17:15 PM (UTC+1030),6278919.816,492934.221,57.216,0.127
27/01/2026 04:17:16 PM (UTC+1030),6278919.823,492933.059,57.155,0.126
27/01/2026 04:17:17 PM (UTC+1030),6278919.848,492931.959,57.062,0.126
27/01/2026 04:17:18 PM (UTC+1030),6278919.887,492930.881,56.969,0.126
27/01/2026 04:17:19 PM (UTC+1030),6278919.904,492929.847,56.953,0.128
27/01/2026 04:17:20 PM (UTC+1030),6278919.889,492928.888,56.885,0.128
27/01/2026 04:17:21 PM (UTC+1030),6278920.003,492927.914,56.834,0.128
27/01/2026 04:17:22 PM (UTC+1030),6278920.008,492926.856,56.813,0.13
27/01/2026 04:17:23 PM (UTC+1030),6278920.057,492925.816,56.725,0.126
27/01/2026 04:17:24 PM (UTC+1030),6278920.04,492924.723,56.652,0.128
27/01/2026 04:17:25 PM (UTC+1030),6278920.025,492923.674,56.64,0.124
27/01/2026 04:17:26 PM (UTC+1030),6278920.007,492922.562,56.528,0.126
27/01/2026 04:17:27 PM (UTC+1030),6278920.102,492921.378,56.48,0.128
27/01/2026 04:17:28 PM (UTC+1030),6278920.106,492920.154,56.424,0.127
27/01/2026 04:17:29 PM (UTC+1030),6278920.036,492919.072,56.343,0.124
27/01/2026 04:17:30 PM (UTC+1030),6278919.997,492917.947,56.277,0.124
27/01/2026 04:17:31 PM (UTC+1030),6278920.114,492916.779,56.241,0.123
27/01/2026 04:17:32 PM (UTC+1030),6278920.171,492915.692,56.162,0.123
27/01/2026 04:17:33 PM (UTC+1030),6278920.215,492914.527,56.097,0.122
27/01/2026 04:17:34 PM (UTC+1030),6278920.141,492913.416,56.063,0.122
27/01/2026 04:17:35 PM (UTC+1030),6278920.115,492912.265,56.007,0.122
27/01/2026 04:17:36 PM (UTC+1030),6278920.164,492911.113,55.902,0.122
27/01/2026 04:17:37 PM (UTC+1030),6278920.15,492909.871,55.85,0.12
27/01/2026 04:17:38 PM (UTC+1030),6278920.166,492908.658,55.837,0.12
27/01/2026 04:17:39 PM (UTC+1030),6278920.235,492907.46,55.726,0.118
27/01/2026 04:17:40 PM (UTC+1030),6278920.319,492906.291,55.653,0.12
27/01/2026 04:17:41 PM (UTC+1030),6278920.194,492905.195,55.649,0.12
27/01/2026 04:17:42 PM (UTC+1030),6278920.095,492904.12,55.591,0.12
27/01/2026 04:17:43 PM (UTC+1030),6278920.13,492902.921,55.483,0.12
27/01/2026 04:17:44 PM (UTC+1030),6278920.175,492901.793,55.463,0.122
27/01/2026 04:17:45 PM (UTC+1030),6278920.175,492900.671,55.423,0.12
27/01/2026 04:17:46 PM (UTC+1030),6278920.142,492899.53,55.321,0.123
27/01/2026 04:17:47 PM (UTC+1030),6278920.151,492898.373,55.279,0.123
27/01/2026 04:17:48 PM (UTC+1030),6278920.176,492897.204,55.251,0.125
27/01/2026 04:17:49 PM (UTC+1030),6278920.126,492896.031,55.183,0.125
27/01/2026 04:17:50 PM (UTC+1030),6278920.136,492894.886,55.078,0.124
27/01/2026 04:17:51 PM (UTC+1030),6278920.093,492893.768,55.08,0.125
27/01/2026 04:17:52 PM (UTC+1030),6278919.965,492892.626,55.035,0.123
27/01/2026 04:17:53 PM (UTC+1030),6278919.938,492891.419,54.92,0.123
27/01/2026 04:17:54 PM (UTC+1030),6278919.902,492890.267,54.895,0.123
27/01/2026 04:17:55 PM (UTC+1030),6278919.928,492889.128,54.873,0.123
27/01/2026 04:17:56 PM (UTC+1030),6278919.947,492887.964,54.761,0.122
27/01/2026 04:17:57 PM (UTC+1030),6278919.915,492886.836,54.738,0.122
27/01/2026 04:17:58 PM (UTC+1030),6278919.903,492885.619,54.716,0.12
27/01/2026 04:17:59 PM (UTC+1030),6278919.825,492884.419,54.589,0.12
27/01/2026 04:18:00 PM (UTC+1030),6278919.869,492883.258,54.541,0.12
27/01/2026 04:18:01 PM (UTC+1030),6278919.913,492882.112,54.555,0.123
27/01/2026 04:18:02 PM (UTC+1030),6278919.905,492880.982,54.454,0.123
27/01/2026 04:18:03 PM (UTC+1030),6278919.821,492879.799,54.404,0.125
27/01/2026 04:18:04 PM (UTC+1030),6278919.751,492878.642,54.393,0.125
27/01/2026 04:18:05 PM (UTC+1030),6278919.716,492877.415,54.341,0.125
27/01/2026 04:18:06 PM (UTC+1030),6278919.692,492876.189,54.241,0.125
27/01/2026 04:18:07 PM (UTC+1030),6278919.631,492875.009,54.181,0.125
27/01/2026 04:18:08 PM (UTC+1030),6278919.625,492873.863,54.146,0.128
27/01/2026 04:18:09 PM (UTC+1030),6278919.667,492872.681,54.111,0.124
27/01/2026 04:18:10 PM (UTC+1030),6278919.641,492871.61,54.008,0.126
27/01/2026 04:18:11 PM (UTC+1030),6278919.553,492870.453,53.994,0.128
27/01/2026 04:18:12 PM (UTC+1030),6278919.398,492869.263,53.955,0.128
27/01/2026 04:18:13 PM (UTC+1030),6278919.38,492868.14,53.873,0.131
27/01/2026 04:18:14 PM (UTC+1030),6278919.526,492867.033,53.854,0.131
27/01/2026 04:18:15 PM (UTC+1030),6278919.542,492865.878,53.851,0.13
27/01/2026 04:18:16 PM (UTC+1030),6278919.513,492864.676,53.753,0.131
27/01/2026 04:18:17 PM (UTC+1030),6278919.496,492863.494,53.702,0.131
27/01/2026 04:18:18 PM (UTC+1030),6278919.466,492862.279,53.689,0.133
27/01/2026 04:18:19 PM (UTC+1030),6278919.439,492861.095,53.65,0.131
27/01/2026 04:18:20 PM (UTC+1030),6278919.457,492859.938,53.558,0.131
27/01/2026 04:18:21 PM (UTC+1030),6278919.447,492858.801,53.539,0.131
27/01/2026 04:18:22 PM (UTC+1030),6278919.368,492857.675,53.528,0.131
27/01/2026 04:18:23 PM (UTC+1030),6278919.341,492856.51,53.417,0.131
27/01/2026 04:18:24 PM (UTC+1030),6278919.228,492855.365,53.384,0.131
27/01/2026 04:18:25 PM (UTC+1030),6278919.213,492854.173,53.372,0.13
27/01/2026 04:18:26 PM (UTC+1030),6278919.234,492852.995,53.287,0.131
27/01/2026 04:18:27 PM (UTC+1030),6278919.285,492851.832,53.217,0.127
27/01/2026 04:18:28 PM (UTC+1030),6278919.347,492850.723,53.211,0.129
27/01/2026 04:18:29 PM (UTC+1030),6278919.366,492849.595,53.168,0.129
27/01/2026 04:18:30 PM (UTC+1030),6278919.363,492848.518,53.133,0.128
27/01/2026 04:18:31 PM (UTC+1030),6278919.356,492847.411,53.138,0.129
27/01/2026 04:18:32 PM (UTC+1030),6278919.335,492846.329,53.079,0.129
27/01/2026 04:18:33 PM (UTC+1030),6278919.354,492845.241,53.032,0.129
27/01/2026 04:18:34 PM (UTC+1030),6278919.249,492844.116,53.024,0.129
27/01/2026 04:18:35 PM (UTC+1030),6278919.202,492843.004,52.974,0.128
27/01/2026 04:18:36 PM (UTC+1030),6278919.19,492841.896,52.971,0.131
27/01/2026 04:18:37 PM (UTC+1030),6278919.236,492840.794,52.954,0.131
27/01/2026 04:18:38 PM (UTC+1030),6278919.231,492839.72,52.896,0.133
27/01/2026 04:18:39 PM (UTC+1030),6278919.289,492838.614,52.872,0.13
27/01/2026 04:18:40 PM (UTC+1030),6278919.244,492837.508,52.874,0.131
27/01/2026 04:18:41 PM (UTC+1030),6278919.171,492836.466,52.806,0.133
27/01/2026 04:18:42 PM (UTC+1030),6278919.115,492835.415,52.825,0.131
27/01/2026 04:18:43 PM (UTC+1030),6278919.202,492834.348,52.816,0.131
27/01/2026 04:18:44 PM (UTC+1030),6278919.293,492833.305,52.794,0.13
27/01/2026 04:18:45 PM (UTC+1030),6278919.328,492832.301,52.827,0.13
27/01/2026 04:18:46 PM (UTC+1030),6278919.332,492831.207,52.782,0.128
27/01/2026 04:18:47 PM (UTC+1030),6278919.357,492830.084,52.778,0.123
27/01/2026 04:18:48 PM (UTC+1030),6278919.329,492829.011,52.823,0.123
27/01/2026 04:18:49 PM (UTC+1030),6278919.251,492827.887,52.814,0.123
27/01/2026 04:18:50 PM (UTC+1030),6278919.338,492826.778,52.755,0.123
27/01/2026 04:18:51 PM (UTC+1030),6278919.323,492825.836,52.845,0.124
27/01/2026 04:18:52 PM (UTC+1030),6278919.293,492824.689,52.85,0.123
27/01/2026 04:18:53 PM (UTC+1030),6278919.229,492823.49,52.813,0.123
27/01/2026 04:18:54 PM (UTC+1030),6278919.169,492822.457,52.851,0.126
27/01/2026 04:18:55 PM (UTC+1030),6278919.101,492821.384,52.897,0.128
27/01/2026 04:18:56 PM (UTC+1030),6278919.021,492820.209,52.904,0.125
27/01/2026 04:18:57 PM (UTC+1030),6278919.131,492819.093,52.848,0.127
27/01/2026 04:18:58 PM (UTC+1030),6278919.156,492818.07,52.926,0.125
27/01/2026 04:18:59 PM (UTC+1030),6278919.184,492817.034,52.936,0.124
27/01/2026 04:19:00 PM (UTC+1030),6278919.028,492816.022,52.95,0.124
27/01/2026 04:19:01 PM (UTC+1030),6278918.998,492814.935,52.999,0.127
27/01/2026 04:19:02 PM (UTC+1030),6278919.065,492813.848,52.956,0.129
27/01/2026 04:19:03 PM (UTC+1030),6278919.147,492812.776,53.032,0.126
27/01/2026 04:19:04 PM (UTC+1030),6278919.147,492811.743,53.055,0.126
27/01/2026 04:19:05 PM (UTC+1030),6278919.095,492810.711,53.068,0.128
27/01/2026 04:19:06 PM (UTC+1030),6278919.037,492809.669,53.154,0.128
27/01/2026 04:19:07 PM (UTC+1030),6278919.051,492808.647,53.113,0.126
27/01/2026 04:19:08 PM (UTC+1030),6278919.127,492807.648,53.176,0.126
27/01/2026 04:19:09 PM (UTC+1030),6278919.115,492806.65,53.243,0.128
27/01/2026 04:19:10 PM (UTC+1030),6278919.108,492805.737,53.29,0.124
27/01/2026 04:19:11 PM (UTC+1030),6278919.158,492804.719,53.349,0.126
27/01/2026 04:19:12 PM (UTC+1030),6278919.242,492803.752,53.325,0.126
27/01/2026 04:19:13 PM (UTC+1030),6278919.232,492802.842,53.423,0.126
27/01/2026 04:19:14 PM (UTC+1030),6278919.195,492801.95,53.429,0.126
27/01/2026 04:19:15 PM (UTC+1030),6278919.178,492801.097,53.507,0.128
27/01/2026 04:19:16 PM (UTC+1030),6278919.221,492800.216,53.485,0.126
27/01/2026 04:19:17 PM (UTC+1030),6278919.199,492799.381,53.601,0.126
27/01/2026 04:19:18 PM (UTC+1030),6278919.024,492798.63,53.594,0.126
27/01/2026 04:19:19 PM (UTC+1030),6278919.019,492797.763,53.684,0.126
27/01/2026 04:19:20 PM (UTC+1030),6278919.05,492796.889,53.673,0.124
27/01/2026 04:19:21 PM (UTC+1030),6278919.017,492795.995,53.765,0.126
27/01/2026 04:19:22 PM (UTC+1030),6278918.995,492795.081,53.763,0.126
27/01/2026 04:19:23 PM (UTC+1030),6278918.968,492794.304,53.842,0.126
27/01/2026 04:19:24 PM (UTC+1030),6278919.014,492793.515,53.833,0.126
27/01/2026 04:19:25 PM (UTC+1030),6278918.918,492792.575,53.9,0.126
27/01/2026 04:19:26 PM (UTC+1030),6278918.941,492791.819,53.909,0.123
27/01/2026 04:19:27 PM (UTC+1030),6278918.969,492790.887,53.911,0.124
27/01/2026 04:19:28 PM (UTC+1030),6278919.035,492790.098,53.972,0.123
27/01/2026 04:19:29 PM (UTC+1030),6278918.966,492789.165,53.982,0.123
27/01/2026 04:19:30 PM (UTC+1030),6278918.821,492788.368,54.044,0.121
27/01/2026 04:19:31 PM (UTC+1030),6278918.749,492787.491,54.035,0.123
27/01/2026 04:19:32 PM (UTC+1030),6278918.724,492786.59,54.069,0.123
27/01/2026 04:19:33 PM (UTC+1030),6278918.66,492785.715,54.035,0.123
27/01/2026 04:19:34 PM (UTC+1030),6278918.693,492784.891,54.111,0.123
27/01/2026 04:19:35 PM (UTC+1030),6278918.743,492783.982,54.094,0.123
27/01/2026 04:19:36 PM (UTC+1030),6278918.68,492783.156,54.147,0.123
27/01/2026 04:19:37 PM (UTC+1030),6278918.663,492782.274,54.123,0.121
27/01/2026 04:19:38 PM (UTC+1030),6278918.701,492781.363,54.163,0.123
27/01/2026 04:19:39 PM (UTC+1030),6278918.753,492780.423,54.167,0.121
27/01/2026 04:19:40 PM (UTC+1030),6278918.655,492779.506,54.198,0.121
27/01/2026 04:19:41 PM (UTC+1030),6278918.545,492778.606,54.214,0.123
27/01/2026 04:19:42 PM (UTC+1030),6278918.518,492777.609,54.248,0.123
27/01/2026 04:19:43 PM (UTC+1030),6278918.593,492776.687,54.241,0.123
27/01/2026 04:19:44 PM (UTC+1030),6278918.686,492775.718,54.287,0.123
27/01/2026 04:19:45 PM (UTC+1030),6278918.614,492774.865,54.281,0.119
27/01/2026 04:19:46 PM (UTC+1030),6278918.572,492773.879,54.313,0.121
27/01/2026 04:19:47 PM (UTC+1030),6278918.499,492772.873,54.297,0.119
27/01/2026 04:19:48 PM (UTC+1030),6278918.556,492771.89,54.328,0.119
27/01/2026 04:19:49 PM (UTC+1030),6278918.528,492770.917,54.299,0.119
27/01/2026 04:19:50 PM (UTC+1030),6278918.597,492769.932,54.373,0.119
27/01/2026 04:19:51 PM (UTC+1030),6278918.696,492769.021,54.386,0.118
27/01/2026 04:19:52 PM (UTC+1030),6278918.724,492768.075,54.378,0.12
27/01/2026 04:19:53 PM (UTC+1030),6278918.611,492767.131,54.39,0.12
27/01/2026 04:19:54 PM (UTC+1030),6278918.477,492766.112,54.364,0.118
27/01/2026 04:19:55 PM (UTC+1030),6278918.446,492765.143,54.414,0.12
27/01/2026 04:19:56 PM (UTC+1030),6278918.502,492764.109,54.357,0.121
27/01/2026 04:19:57 PM (UTC+1030),6278918.553,492763.131,54.425,0.121
27/01/2026 04:19:58 PM (UTC+1030),6278918.467,492762.194,54.415,0.121
27/01/2026 04:19:59 PM (UTC+1030),6278918.394,492761.234,54.455,0.121
27/01/2026 04:20:00 PM (UTC+1030),6278918.336,492760.308,54.496,0.119
27/01/2026 04:20:01 PM (UTC+1030),6278918.382,492759.377,54.465,0.121
27/01/2026 04:20:02 PM (UTC+1030),6278918.316,492758.472,54.528,0.121
27/01/2026 04:20:03 PM (UTC+1030),6278918.291,492757.564,54.531,0.123
27/01/2026 04:20:04 PM (UTC+1030),6278918.422,492756.649,54.583,0.121
27/01/2026 04:20:05 PM (UTC+1030),6278918.531,492755.674,54.559,0.119
27/01/2026 04:20:06 PM (UTC+1030),6278918.512,492754.705,54.617,0.121
27/01/2026 04:20:07 PM (UTC+1030),6278918.378,492753.842,54.628,0.121
27/01/2026 04:20:08 PM (UTC+1030),6278918.28,492752.948,54.681,0.121
27/01/2026 04:20:09 PM (UTC+1030),6278918.334,492752.155,54.699,0.117
27/01/2026 04:20:10 PM (UTC+1030),6278918.353,492751.307,54.727,0.119
27/01/2026 04:20:11 PM (UTC+1030),6278918.284,492750.391,54.78,0.121
27/01/2026 04:20:12 PM (UTC+1030),6278918.259,492749.472,54.833,0.121
27/01/2026 04:20:13 PM (UTC+1030),6278918.324,492748.548,54.83,0.121
27/01/2026 04:20:14 PM (UTC+1030),6278918.328,492747.636,54.854,0.119
27/01/2026 04:20:15 PM (UTC+1030),6278918.275,492746.758,54.925,0.119
27/01/2026 04:20:16 PM (UTC+1030),6278918.219,492745.796,54.954,0.12
27/01/2026 04:20:17 PM (UTC+1030),6278918.198,492744.897,54.996,0.12
27/01/2026 04:20:18 PM (UTC+1030),6278918.21,492743.962,55.023,0.12
27/01/2026 04:20:19 PM (UTC+1030),6278918.147,492743.146,55.088,0.12
27/01/2026 04:20:20 PM (UTC+1030),6278918.126,492742.261,55.092,0.122
27/01/2026 04:20:21 PM (UTC+1030),6278918.186,492741.325,55.13,0.123
27/01/2026 04:20:22 PM (UTC+1030),6278918.091,492740.475,55.176,0.125
27/01/2026 04:20:23 PM (UTC+1030),6278917.987,492739.644,55.238,0.125
27/01/2026 04:20:24 PM (UTC+1030),6278917.992,492738.738,55.28,0.124
27/01/2026 04:20:25 PM (UTC+1030),6278918.096,492737.845,55.295,0.124
27/01/2026 04:20:26 PM (UTC+1030),6278918.052,492737.004,55.348,0.126
27/01/2026 04:20:27 PM (UTC+1030),6278917.926,492736.219,55.412,0.124
27/01/2026 04:20:28 PM (UTC+1030),6278917.949,492735.284,55.426,0.126
27/01/2026 04:20:29 PM (UTC+1030),6278918.024,492734.368,55.481,0.123
27/01/2026 04:20:30 PM (UTC+1030),6278918.001,492733.509,55.491,0.124
27/01/2026 04:20:31 PM (UTC+1030),6278917.909,492732.689,55.58,0.126
27/01/2026 04:20:32 PM (UTC+1030),6278917.88,492731.833,55.589,0.126
27/01/2026 04:20:33 PM (UTC+1030),6278917.87,492730.958,55.69,0.126
27/01/2026 04:20:34 PM (UTC+1030),6278917.715,492730.257,55.707,0.126
27/01/2026 04:20:35 PM (UTC+1030),6278917.659,492729.361,55.772,0.123
27/01/2026 04:20:36 PM (UTC+1030),6278917.739,492728.477,55.792,0.126
27/01/2026 04:20:37 PM (UTC+1030),6278917.672,492727.629,55.821,0.124
27/01/2026 04:20:38 PM (UTC+1030),6278917.626,492726.817,55.907,0.126
27/01/2026 04:20:39 PM (UTC+1030),6278917.588,492725.99,55.919,0.121
27/01/2026 04:20:40 PM (UTC+1030),6278917.485,492725.19,56.005,0.121
27/01/2026 04:20:41 PM (UTC+1030),6278917.431,492724.433,56.056,0.122
27/01/2026 04:20:42 PM (UTC+1030),6278917.573,492723.554,56.052,0.123
27/01/2026 04:20:43 PM (UTC+1030),6278917.712,492722.733,56.144,0.119
27/01/2026 04:20:44 PM (UTC+1030),6278917.813,492721.89,56.163,0.12
27/01/2026 04:20:45 PM (UTC+1030),6278917.67,492721.113,56.231,0.117
27/01/2026 04:20:46 PM (UTC+1030),6278917.458,492720.344,56.275,0.119
27/01/2026 04:20:47 PM (UTC+1030),6278917.599,492719.553,56.321,0.121
27/01/2026 04:20:48 PM (UTC+1030),6278917.717,492718.721,56.322,0.118
27/01/2026 04:20:49 PM (UTC+1030),6278917.72,492717.863,56.419,0.121
27/01/2026 04:20:50 PM (UTC+1030),6278917.758,492717.066,56.435,0.121
27/01/2026 04:20:51 PM (UTC+1030),6278917.685,492716.229,56.464,0.121
27/01/2026 04:20:52 PM (UTC+1030),6278917.791,492715.444,56.535,0.12
27/01/2026 04:20:53 PM (UTC+1030),6278917.914,492714.564,56.488,0.12
27/01/2026 04:20:54 PM (UTC+1030),6278918.036,492713.746,56.561,0.12
27/01/2026 04:20:55 PM (UTC+1030),6278917.873,492712.898,56.56,0.118
27/01/2026 04:20:56 PM (UTC+1030),6278917.743,492712.021,56.621,0.12
27/01/2026 04:20:57 PM (UTC+1030),6278917.848,492711.139,56.612,0.121
27/01/2026 04:20:58 PM (UTC+1030),6278917.955,492710.203,56.637,0.121
27/01/2026 04:20:59 PM (UTC+1030),6278917.924,492709.308,56.63,0.121
27/01/2026 04:21:00 PM (UTC+1030),6278918.026,492708.452,56.65,0.119
27/01/2026 04:21:01 PM (UTC+1030),6278918.197,492707.499,56.625,0.121
27/01/2026 04:21:02 PM (UTC+1030),6278918.158,492706.583,56.635,0.119
27/01/2026 04:21:03 PM (UTC+1030),6278917.963,492705.756,56.665,0.121
27/01/2026 04:21:04 PM (UTC+1030),6278917.826,492704.824,56.641,0.117
27/01/2026 04:21:05 PM (UTC+1030),6278917.827,492703.947,56.677,0.117
27/01/2026 04:21:06 PM (UTC+1030),6278917.838,492702.973,56.675,0.119
27/01/2026 04:21:07 PM (UTC+1030),6278917.712,492702.036,56.674,0.115
27/01/2026 04:21:08 PM (UTC+1030),6278917.661,492701.133,56.675,0.115
27/01/2026 04:21:09 PM (UTC+1030),6278917.608,492700.229,56.663,0.117
27/01/2026 04:21:10 PM (UTC+1030),6278917.538,492699.377,56.637,0.117
27/01/2026 04:21:11 PM (UTC+1030),6278917.432,492698.477,56.65,0.116
27/01/2026 04:21:12 PM (UTC+1030),6278917.405,492697.595,56.615,0.116
27/01/2026 04:21:13 PM (UTC+1030),6278917.354,492696.733,56.608,0.118
27/01/2026 04:21:14 PM (UTC+1030),6278917.159,492695.894,56.577,0.116
27/01/2026 04:21:15 PM (UTC+1030),6278916.925,492694.981,56.582,0.116
27/01/2026 04:21:16 PM (UTC+1030),6278916.764,492694.058,56.583,0.118
27/01/2026 04:21:17 PM (UTC+1030),6278916.764,492693.128,56.543,0.118
27/01/2026 04:21:18 PM (UTC+1030),6278916.715,492692.224,56.489,0.12
27/01/2026 04:21:19 PM (UTC+1030),6278916.573,492691.35,56.505,0.114
27/01/2026 04:21:20 PM (UTC+1030),6278916.472,492690.341,56.437,0.114
27/01/2026 04:21:21 PM (UTC+1030),6278916.458,492689.37,56.395,0.119
27/01/2026 04:21:22 PM (UTC+1030),6278916.473,492688.424,56.366,0.119
27/01/2026 04:21:23 PM (UTC+1030),6278916.363,492687.513,56.314,0.119
27/01/2026 04:21:24 PM (UTC+1030),6278916.2,492686.518,56.271,0.119
27/01/2026 04:21:25 PM (UTC+1030),6278916.12,492685.612,56.196,0.117
27/01/2026 04:21:26 PM (UTC+1030),6278916.098,492684.681,56.161,0.119
27/01/2026 04:21:27 PM (UTC+1030),6278916.068,492683.774,56.08,0.119
27/01/2026 04:21:28 PM (UTC+1030),6278916,492682.79,56.042,0.119
27/01/2026 04:21:29 PM (UTC+1030),6278915.805,492681.826,55.911,0.115
27/01/2026 04:21:30 PM (UTC+1030),6278915.75,492680.883,55.863,0.115
27/01/2026 04:21:31 PM (UTC+1030),6278915.644,492679.967,55.761,0.114
27/01/2026 04:21:32 PM (UTC+1030),6278915.534,492679.017,55.707,0.114
27/01/2026 04:21:33 PM (UTC+1030),6278915.441,492678.094,55.594,0.111
27/01/2026 04:21:34 PM (UTC+1030),6278915.431,492677.077,55.538,0.111
27/01/2026 04:21:35 PM (UTC+1030),6278915.427,492676.066,55.447,0.109
27/01/2026 04:21:36 PM (UTC+1030),6278915.216,492675.189,55.363,0.111
27/01/2026 04:21:37 PM (UTC+1030),6278915.025,492674.193,55.271,0.111
27/01/2026 04:21:38 PM (UTC+1030),6278914.909,492673.194,55.175,0.11
27/01/2026 04:21:39 PM (UTC+1030),6278914.744,492672.18,55.112,0.109
27/01/2026 04:21:40 PM (UTC+1030),6278914.518,492671.286,54.966,0.109
27/01/2026 04:21:41 PM (UTC+1030),6278914.382,492670.306,54.893,0.113
27/01/2026 04:21:42 PM (UTC+1030),6278914.268,492669.274,54.761,0.113
27/01/2026 04:21:43 PM (UTC+1030),6278914.155,492668.25,54.67,0.114
27/01/2026 04:21:44 PM (UTC+1030),6278914.03,492667.423,54.564,0.114
27/01/2026 04:21:45 PM (UTC+1030),6278913.879,492666.39,54.481,0.113
27/01/2026 04:21:46 PM (UTC+1030),6278913.776,492665.472,54.413,0.114
27/01/2026 04:21:47 PM (UTC+1030),6278913.569,492664.496,54.278,0.114
27/01/2026 04:21:48 PM (UTC+1030),6278913.42,492663.567,54.235,0.114
27/01/2026 04:21:49 PM (UTC+1030),6278913.488,492662.629,54.125,0.116
27/01/2026 04:21:50 PM (UTC+1030),6278913.428,492661.664,54.075,0.116
27/01/2026 04:21:51 PM (UTC+1030),6278913.187,492660.723,53.968,0.12
27/01/2026 04:21:52 PM (UTC+1030),6278912.854,492659.775,53.884,0.122
27/01/2026 04:21:53 PM (UTC+1030),6278912.558,492658.864,53.808,0.122
27/01/2026 04:21:54 PM (UTC+1030),6278912.306,492657.897,53.666,0.12
27/01/2026 04:21:55 PM (UTC+1030),6278912.035,492656.966,53.606,0.122
27/01/2026 04:21:56 PM (UTC+1030),6278911.792,492655.988,53.489,0.122
27/01/2026 04:21:57 PM (UTC+1030),6278911.579,492655.036,53.424,0.122
27/01/2026 04:21:58 PM (UTC+1030),6278911.271,492654.096,53.289,0.121
27/01/2026 04:21:59 PM (UTC+1030),6278911.045,492653.063,53.19,0.116
27/01/2026 04:22:00 PM (UTC+1030),6278910.754,492652.091,53.099,0.116
27/01/2026 04:22:01 PM (UTC+1030),6278910.476,492651.107,53.007,0.116
27/01/2026 04:22:02 PM (UTC+1030),6278910.374,492650.092,52.873,0.116
27/01/2026 04:22:03 PM (UTC+1030),6278910.303,492649.09,52.824,0.116
27/01/2026 04:22:04 PM (UTC+1030),6278910.214,492648.088,52.704,0.114
27/01/2026 04:22:05 PM (UTC+1030),6278909.987,492647.108,52.616,0.114
27/01/2026 04:22:06 PM (UTC+1030),6278909.855,492646.066,52.535,0.116
27/01/2026 04:22:07 PM (UTC+1030),6278909.708,492645.047,52.399,0.116
27/01/2026 04:22:08 PM (UTC+1030),6278909.504,492643.994,52.34,0.114
27/01/2026 04:22:09 PM (UTC+1030),6278909.259,492642.963,52.241,0.114
27/01/2026 04:22:10 PM (UTC+1030),6278909.021,492641.894,52.082,0.114
27/01/2026 04:22:11 PM (UTC+1030),6278908.801,492640.917,52.042,0.114
27/01/2026 04:22:12 PM (UTC+1030),6278908.591,492639.931,51.904,0.114
27/01/2026 04:22:13 PM (UTC+1030),6278908.421,492638.934,51.864,0.114
27/01/2026 04:22:14 PM (UTC+1030),6278908.201,492637.89,51.769,0.114
27/01/2026 04:22:15 PM (UTC+1030),6278907.952,492636.916,51.638,0.114
27/01/2026 04:22:16 PM (UTC+1030),6278907.698,492635.986,51.608,0.114
27/01/2026 04:22:17 PM (UTC+1030),6278907.473,492634.927,51.529,0.116
27/01/2026 04:22:18 PM (UTC+1030),6278907.313,492633.919,51.452,0.116
27/01/2026 04:22:19 PM (UTC+1030),6278907.179,492632.91,51.377,0.113
27/01/2026 04:22:20 PM (UTC+1030),6278906.925,492631.994,51.268,0.114
27/01/2026 04:22:21 PM (UTC+1030),6278906.698,492631.052,51.237,0.114
27/01/2026 04:22:22 PM (UTC+1030),6278906.472,492630.113,51.128,0.114
27/01/2026 04:22:23 PM (UTC+1030),6278906.342,492629.179,51.101,0.113
27/01/2026 04:22:24 PM (UTC+1030),6278906.129,492628.181,51.039,0.113
27/01/2026 04:22:25 PM (UTC+1030),6278905.848,492627.288,50.983,0.109
27/01/2026 04:22:26 PM (UTC+1030),6278905.687,492626.313,50.926,0.113
27/01/2026 04:22:27 PM (UTC+1030),6278905.526,492625.334,50.802,0.113
27/01/2026 04:22:28 PM (UTC+1030),6278905.447,492624.389,50.763,0.114
27/01/2026 04:22:29 PM (UTC+1030),6278905.256,492623.415,50.647,0.111
27/01/2026 04:22:30 PM (UTC+1030),6278905.013,492622.456,50.549,0.111
27/01/2026 04:22:31 PM (UTC+1030),6278904.797,492621.448,50.466,0.113
27/01/2026 04:22:32 PM (UTC+1030),6278904.59,492620.468,50.347,0.114
27/01/2026 04:22:33 PM (UTC+1030),6278904.314,492619.473,50.284,0.114
27/01/2026 04:22:34 PM (UTC+1030),6278904.085,492618.531,50.133,0.114
27/01/2026 04:22:35 PM (UTC+1030),6278903.871,492617.543,50.026,0.109
27/01/2026 04:22:36 PM (UTC+1030),6278903.66,492616.616,49.941,0.109
27/01/2026 04:22:37 PM (UTC+1030),6278903.385,492615.591,49.812,0.111
27/01/2026 04:22:38 PM (UTC+1030),6278903.169,492614.567,49.734,0.111
27/01/2026 04:22:39 PM (UTC+1030),6278902.983,492613.559,49.619,0.109
27/01/2026 04:22:40 PM (UTC+1030),6278902.707,492612.625,49.53,0.109
27/01/2026 04:22:41 PM (UTC+1030),6278902.534,492611.642,49.456,0.113
27/01/2026 04:22:42 PM (UTC+1030),6278902.237,492610.671,49.339,0.114
27/01/2026 04:22:43 PM (UTC+1030),6278902.072,492609.664,49.291,0.114
27/01/2026 04:22:44 PM (UTC+1030),6278901.953,492608.647,49.19,0.114
27/01/2026 04:22:45 PM (UTC+1030),6278901.828,492607.634,49.104,0.114
27/01/2026 04:22:46 PM (UTC+1030),6278901.624,492606.521,49.049,0.116
27/01/2026 04:22:47 PM (UTC+1030),6278901.405,492605.492,48.932,0.116
27/01/2026 04:22:48 PM (UTC+1030),6278901.167,492604.404,48.879,0.116
27/01/2026 04:22:49 PM (UTC+1030),6278900.925,492603.296,48.837,0.113
27/01/2026 04:22:50 PM (UTC+1030),6278900.664,492602.267,48.747,0.113
27/01/2026 04:22:51 PM (UTC+1030),6278900.465,492601.26,48.654,0.116
27/01/2026 04:22:52 PM (UTC+1030),6278900.197,492600.238,48.599,0.116
27/01/2026 04:22:53 PM (UTC+1030),6278899.988,492599.367,48.511,0.114
27/01/2026 04:22:54 PM (UTC+1030),6278899.785,492598.37,48.453,0.114
27/01/2026 04:22:55 PM (UTC+1030),6278899.57,492597.446,48.392,0.113
27/01/2026 04:22:56 PM (UTC+1030),6278899.356,492596.499,48.32,0.114
27/01/2026 04:22:57 PM (UTC+1030),6278899.206,492595.456,48.276,0.114
27/01/2026 04:22:58 PM (UTC+1030),6278899.016,492594.447,48.16,0.114
27/01/2026 04:22:59 PM (UTC+1030),6278898.872,492593.448,48.115,0.114
27/01/2026 04:23:00 PM (UTC+1030),6278898.756,492592.423,48.082,0.111
27/01/2026 04:23:01 PM (UTC+1030),6278898.699,492591.413,47.991,0.114
27/01/2026 04:23:02 PM (UTC+1030),6278898.583,492590.424,47.902,0.114
27/01/2026 04:23:03 PM (UTC+1030),6278898.426,492589.455,47.856,0.114
27/01/2026 04:23:04 PM (UTC+1030),6278898.269,492588.474,47.747,0.114
27/01/2026 04:23:05 PM (UTC+1030),6278898.005,492587.431,47.698,0.114
27/01/2026 04:23:06 PM (UTC+1030),6278897.769,492586.503,47.612,0.113
27/01/2026 04:23:07 PM (UTC+1030),6278897.51,492585.451,47.513,0.113
27/01/2026 04:23:08 PM (UTC+1030),6278897.314,492584.382,47.468,0.113
27/01/2026 04:23:09 PM (UTC+1030),6278897.118,492583.386,47.359,0.112
27/01/2026 04:23:10 PM (UTC+1030),6278897.019,492582.248,47.264,0.114
27/01/2026 04:23:11 PM (UTC+1030),6278896.842,492581.202,47.227,0.114
27/01/2026 04:23:12 PM (UTC+1030),6278896.663,492580.087,47.134,0.114
27/01/2026 04:23:13 PM (UTC+1030),6278896.452,492579.141,47.031,0.114
27/01/2026 04:23:14 PM (UTC+1030),6278896.261,492578.065,46.972,0.112
27/01/2026 04:23:15 PM (UTC+1030),6278896.15,492577.021,46.877,0.112
27/01/2026 04:23:16 PM (UTC+1030),6278896.006,492576.003,46.827,0.114
27/01/2026 04:23:17 PM (UTC+1030),6278895.796,492574.96,46.709,0.112
27/01/2026 04:23:18 PM (UTC+1030),6278895.597,492573.979,46.682,0.112
27/01/2026 04:23:19 PM (UTC+1030),6278895.437,492572.892,46.592,0.112
27/01/2026 04:23:20 PM (UTC+1030),6278895.314,492571.782,46.485,0.112
27/01/2026 04:23:21 PM (UTC+1030),6278895.131,492570.722,46.438,0.115
27/01/2026 04:23:22 PM (UTC+1030),6278894.882,492569.66,46.355,0.115
27/01/2026 04:23:23 PM (UTC+1030),6278894.541,492568.587,46.217,0.115
27/01/2026 04:23:24 PM (UTC+1030),6278894.264,492567.496,46.166,0.117
27/01/2026 04:23:25 PM (UTC+1030),6278894.12,492566.389,46.06,0.115
27/01/2026 04:23:26 PM (UTC+1030),6278893.94,492565.28,45.939,0.117
27/01/2026 04:23:27 PM (UTC+1030),6278893.759,492564.152,45.88,0.117
27/01/2026 04:23:28 PM (UTC+1030),6278893.508,492563.092,45.795,0.117
27/01/2026 04:23:29 PM (UTC+1030),6278893.246,492561.906,45.707,0.114
27/01/2026 04:23:30 PM (UTC+1030),6278893.074,492560.75,45.658,0.114
27/01/2026 04:23:31 PM (UTC+1030),6278893.012,492559.663,45.613,0.115
27/01/2026 04:23:32 PM (UTC+1030),6278892.788,492558.524,45.5,0.115
27/01/2026 04:23:33 PM (UTC+1030),6278892.612,492557.402,45.435,0.115
27/01/2026 04:23:34 PM (UTC+1030),6278892.364,492556.34,45.432,0.115
27/01/2026 04:23:35 PM (UTC+1030),6278892.067,492555.327,45.297,0.115
27/01/2026 04:23:36 PM (UTC+1030),6278891.773,492554.289,45.254,0.117
27/01/2026 04:23:37 PM (UTC+1030),6278891.69,492553.199,45.2,0.115
27/01/2026 04:23:38 PM (UTC+1030),6278891.533,492552.145,45.088,0.115
27/01/2026 04:23:39 PM (UTC+1030),6278891.421,492551.077,45.062,0.114
27/01/2026 04:23:40 PM (UTC+1030),6278891.146,492549.963,44.985,0.115
27/01/2026 04:23:41 PM (UTC+1030),6278890.879,492548.913,44.904,0.115
27/01/2026 04:23:42 PM (UTC+1030),6278890.548,492547.83,44.871,0.115
27/01/2026 04:23:43 PM (UTC+1030),6278890.25,492546.731,44.819,0.115
27/01/2026 04:23:44 PM (UTC+1030),6278890.016,492545.634,44.684,0.117
27/01/2026 04:23:45 PM (UTC+1030),6278889.82,492544.517,44.645,0.114
27/01/2026 04:23:46 PM (UTC+1030),6278889.551,492543.488,44.6,0.117
27/01/2026 04:23:47 PM (UTC+1030),6278889.3,492542.451,44.496,0.117
27/01/2026 04:23:48 PM (UTC+1030),6278889.067,492541.417,44.477,0.112
27/01/2026 04:23:49 PM (UTC+1030),6278888.748,492540.336,44.413,0.112
27/01/2026 04:23:50 PM (UTC+1030),6278888.6,492539.322,44.321,0.114
27/01/2026 04:23:51 PM (UTC+1030),6278888.341,492538.201,44.28,0.115
27/01/2026 04:23:52 PM (UTC+1030),6278888.092,492537.114,44.202,0.114
27/01/2026 04:23:53 PM (UTC+1030),6278887.821,492536.022,44.102,0.114
27/01/2026 04:23:54 PM (UTC+1030),6278887.54,492534.929,44.092,0.114
27/01/2026 04:23:55 PM (UTC+1030),6278887.315,492533.786,43.999,0.112
27/01/2026 04:23:56 PM (UTC+1030),6278887.201,492532.682,43.906,0.114
27/01/2026 04:23:57 PM (UTC+1030),6278887.059,492531.536,43.871,0.115
27/01/2026 04:23:58 PM (UTC+1030),6278886.77,492530.406,43.787,0.115
27/01/2026 04:23:59 PM (UTC+1030),6278886.457,492529.345,43.706,0.112
27/01/2026 04:24:00 PM (UTC+1030),6278886.265,492528.315,43.687,0.114
27/01/2026 04:24:01 PM (UTC+1030),6278886.077,492527.232,43.589,0.114
27/01/2026 04:24:02 PM (UTC+1030),6278885.876,492526.087,43.519,0.114
27/01/2026 04:24:03 PM (UTC+1030),6278885.664,492524.966,43.494,0.114
27/01/2026 04:24:04 PM (UTC+1030),6278885.433,492523.901,43.378,0.114
27/01/2026 04:24:05 PM (UTC+1030),6278885.175,492522.8,43.305,0.112
27/01/2026 04:24:06 PM (UTC+1030),6278884.961,492521.703,43.267,0.114
27/01/2026 04:24:07 PM (UTC+1030),6278884.639,492520.694,43.215,0.114
27/01/2026 04:24:08 PM (UTC+1030),6278884.457,492519.576,43.102,0.114
27/01/2026 04:24:09 PM (UTC+1030),6278884.353,492518.406,43.065,0.112
27/01/2026 04:24:10 PM (UTC+1030),6278883.995,492517.336,43.011,0.112
27/01/2026 04:24:11 PM (UTC+1030),6278883.719,492516.243,42.924,0.114
27/01/2026 04:24:12 PM (UTC+1030),6278883.437,492515.132,42.885,0.112
27/01/2026 04:24:13 PM (UTC+1030),6278883.185,492513.99,42.863,0.114
27/01/2026 04:24:14 PM (UTC+1030),6278882.971,492512.9,42.739,0.114
27/01/2026 04:24:15 PM (UTC+1030),6278882.812,492511.708,42.674,0.114
27/01/2026 04:24:16 PM (UTC+1030),6278882.613,492510.598,42.657,0.114
27/01/2026 04:24:17 PM (UTC+1030),6278882.425,492509.428,42.604,0.114
27/01/2026 04:24:18 PM (UTC+1030),6278882.109,492508.343,42.487,0.114
27/01/2026 04:24:19 PM (UTC+1030),6278881.859,492507.284,42.446,0.114
27/01/2026 04:24:20 PM (UTC+1030),6278881.531,492506.141,42.422,0.112
27/01/2026 04:24:21 PM (UTC+1030),6278881.371,492505.008,42.299,0.114
27/01/2026 04:24:22 PM (UTC+1030),6278881.237,492503.819,42.231,0.114
27/01/2026 04:24:23 PM (UTC+1030),6278880.956,492502.705,42.21,0.114
27/01/2026 04:24:24 PM (UTC+1030),6278880.742,492501.667,42.16,0.112
27/01/2026 04:24:25 PM (UTC+1030),6278880.476,492500.559,42.116,0.11
27/01/2026 04:24:26 PM (UTC+1030),6278880.317,492499.481,42.103,0.11
27/01/2026 04:24:27 PM (UTC+1030),6278880.102,492498.379,42.001,0.112
27/01/2026 04:24:28 PM (UTC+1030),6278880.028,492497.283,41.94,0.112
27/01/2026 04:24:29 PM (UTC+1030),6278879.805,492496.204,41.9,0.108
27/01/2026 04:24:30 PM (UTC+1030),6278879.66,492495.032,41.802,0.11
27/01/2026 04:24:31 PM (UTC+1030),6278879.514,492493.904,41.726,0.112
27/01/2026 04:24:32 PM (UTC+1030),6278879.27,492492.731,41.698,0.112
27/01/2026 04:24:33 PM (UTC+1030),6278878.977,492491.616,41.637,0.11
27/01/2026 04:24:34 PM (UTC+1030),6278878.723,492490.505,41.535,0.11
27/01/2026 04:24:35 PM (UTC+1030),6278878.505,492489.425,41.513,0.112
27/01/2026 04:24:36 PM (UTC+1030),6278878.329,492488.371,41.432,0.112
27/01/2026 04:24:37 PM (UTC+1030),6278878.039,492487.301,41.372,0.112
27/01/2026 04:24:38 PM (UTC+1030),6278877.763,492486.221,41.356,0.114
27/01/2026 04:24:39 PM (UTC+1030),6278877.599,492485.136,41.264,0.114
27/01/2026 04:24:40 PM (UTC+1030),6278877.434,492483.994,41.191,0.11
27/01/2026 04:24:41 PM (UTC+1030),6278877.134,492482.915,41.19,0.112
27/01/2026 04:24:42 PM (UTC+1030),6278876.904,492481.81,41.1,0.112
27/01/2026 04:24:43 PM (UTC+1030),6278876.689,492480.76,41.027,0.112
27/01/2026 04:24:44 PM (UTC+1030),6278876.357,492479.746,41.053,0.114
27/01/2026 04:24:45 PM (UTC+1030),6278876.276,492478.717,40.956,0.11
27/01/2026 04:24:46 PM (UTC+1030),6278876.09,492477.542,40.926,0.112
27/01/2026 04:24:47 PM (UTC+1030),6278875.834,492476.494,40.875,0.114
27/01/2026 04:24:48 PM (UTC+1030),6278875.595,492475.476,40.789,0.114
27/01/2026 04:24:49 PM (UTC+1030),6278875.455,492474.33,40.754,0.11
27/01/2026 04:24:50 PM (UTC+1030),6278875.265,492473.201,40.699,0.112
27/01/2026 04:24:51 PM (UTC+1030),6278875.044,492472.057,40.568,0.112
27/01/2026 04:24:52 PM (UTC+1030),6278874.865,492471.006,40.545,0.112
27/01/2026 04:24:53 PM (UTC+1030),6278874.693,492469.92,40.463,0.112
27/01/2026 04:24:54 PM (UTC+1030),6278874.407,492468.869,40.418,0.112
27/01/2026 04:24:55 PM (UTC+1030),6278874.152,492467.787,40.425,0.112
27/01/2026 04:24:56 PM (UTC+1030),6278873.922,492466.732,40.338,0.114
27/01/2026 04:24:57 PM (UTC+1030),6278873.809,492465.657,40.299,0.114
27/01/2026 04:24:58 PM (UTC+1030),6278873.632,492464.582,40.277,0.114
27/01/2026 04:24:59 PM (UTC+1030),6278873.299,492463.521,40.19,0.112
27/01/2026 04:25:00 PM (UTC+1030),6278873.01,492462.468,40.194,0.112
27/01/2026 04:25:01 PM (UTC+1030),6278872.756,492461.368,40.118,0.114
27/01/2026 04:25:02 PM (UTC+1030),6278872.487,492460.284,40.038,0.114
27/01/2026 04:25:03 PM (UTC+1030),6278872.312,492459.252,40.047,0.114
27/01/2026 04:25:04 PM (UTC+1030),6278872.244,492458.17,39.943,0.114
27/01/2026 04:25:05 PM (UTC+1030),6278872.099,492457.091,39.911,0.112
27/01/2026 04:25:06 PM (UTC+1030),6278871.937,492456.008,39.915,0.114
27/01/2026 04:25:07 PM (UTC+1030),6278871.761,492454.848,39.807,0.117
27/01/2026 04:25:08 PM (UTC+1030),6278871.584,492453.702,39.75,0.117
27/01/2026 04:25:09 PM (UTC+1030),6278871.3,492452.647,39.744,0.114
27/01/2026 04:25:10 PM (UTC+1030),6278871.087,492451.619,39.649,0.114
27/01/2026 04:25:11 PM (UTC+1030),6278870.887,492450.517,39.644,0.114
27/01/2026 04:25:12 PM (UTC+1030),6278870.669,492449.348,39.63,0.114
27/01/2026 04:25:13 PM (UTC+1030),6278870.453,492448.237,39.57,0.112
27/01/2026 04:25:14 PM (UTC+1030),6278870.303,492447.112,39.515,0.112
27/01/2026 04:25:15 PM (UTC+1030),6278870.104,492446.036,39.509,0.112
27/01/2026 04:25:16 PM (UTC+1030),6278869.871,492444.919,39.417,0.114
27/01/2026 04:25:17 PM (UTC+1030),6278869.621,492443.814,39.41,0.114
27/01/2026 04:25:18 PM (UTC+1030),6278869.34,492442.737,39.415,0.115
27/01/2026 04:25:19 PM (UTC+1030),6278869.064,492441.673,39.345,0.112
27/01/2026 04:25:20 PM (UTC+1030),6278868.794,492440.578,39.317,0.114
27/01/2026 04:25:21 PM (UTC+1030),6278868.568,492439.5,39.307,0.117
27/01/2026 04:25:22 PM (UTC+1030),6278868.338,492438.449,39.219,0.117
27/01/2026 04:25:23 PM (UTC+1030),6278868.084,492437.304,39.26,0.117
27/01/2026 04:25:24 PM (UTC+1030),6278867.922,492436.275,39.204,0.114
27/01/2026 04:25:25 PM (UTC+1030),6278867.785,492435.183,39.179,0.114
27/01/2026 04:25:26 PM (UTC+1030),6278867.542,492434.119,39.171,0.115
27/01/2026 04:25:27 PM (UTC+1030),6278867.191,492433.102,39.1,0.115
27/01/2026 04:25:28 PM (UTC+1030),6278866.891,492432.076,39.122,0.117
27/01/2026 04:25:29 PM (UTC+1030),6278866.728,492431.054,39.027,0.114
27/01/2026 04:25:30 PM (UTC+1030),6278866.6,492429.996,39.031,0.114
27/01/2026 04:25:31 PM (UTC+1030),6278866.359,492429.012,38.987,0.115
27/01/2026 04:25:32 PM (UTC+1030),6278866.079,492427.98,38.99,0.117
27/01/2026 04:25:33 PM (UTC+1030),6278865.859,492426.922,38.957,0.115
27/01/2026 04:25:34 PM (UTC+1030),6278865.622,492425.827,38.91,0.115
27/01/2026 04:25:35 PM (UTC+1030),6278865.378,492424.785,38.934,0.114
27/01/2026 04:25:36 PM (UTC+1030),6278865.145,492423.775,38.862,0.117
27/01/2026 04:25:37 PM (UTC+1030),6278864.854,492422.726,38.877,0.117
27/01/2026 04:25:38 PM (UTC+1030),6278864.537,492421.608,38.794,0.117
27/01/2026 04:25:39 PM (UTC+1030),6278864.308,492420.537,38.756,0.114
27/01/2026 04:25:40 PM (UTC+1030),6278863.976,492419.511,38.751,0.114
27/01/2026 04:25:41 PM (UTC+1030),6278863.587,492418.503,38.704,0.115
27/01/2026 04:25:42 PM (UTC+1030),6278863.289,492417.448,38.707,0.115
27/01/2026 04:25:43 PM (UTC+1030),6278863.114,492416.37,38.638,0.114
27/01/2026 04:25:44 PM (UTC+1030),6278862.908,492415.289,38.617,0.114
27/01/2026 04:25:45 PM (UTC+1030),6278862.663,492414.184,38.633,0.112
27/01/2026 04:25:46 PM (UTC+1030),6278862.453,492413.043,38.59,0.114
27/01/2026 04:25:47 PM (UTC+1030),6278862.143,492411.966,38.485,0.114
27/01/2026 04:25:48 PM (UTC+1030),6278861.852,492410.893,38.501,0.114
27/01/2026 04:25:49 PM (UTC+1030),6278861.647,492409.849,38.467,0.114
27/01/2026 04:25:50 PM (UTC+1030),6278861.454,492408.821,38.385,0.11
27/01/2026 04:25:51 PM (UTC+1030),6278861.144,492407.871,38.41,0.112
27/01/2026 04:25:52 PM (UTC+1030),6278860.896,492406.819,38.319,0.114
27/01/2026 04:25:53 PM (UTC+1030),6278860.657,492405.838,38.302,0.114
27/01/2026 04:25:54 PM (UTC+1030),6278860.464,492404.796,38.305,0.114
27/01/2026 04:25:55 PM (UTC+1030),6278860.232,492403.791,38.219,0.114
27/01/2026 04:25:56 PM (UTC+1030),6278860.046,492402.825,38.238,0.114
27/01/2026 04:25:57 PM (UTC+1030),6278859.846,492401.854,38.195,0.114
27/01/2026 04:25:58 PM (UTC+1030),6278859.621,492400.838,38.139,0.114
27/01/2026 04:25:59 PM (UTC+1030),6278859.351,492399.967,38.145,0.11
27/01/2026 04:26:00 PM (UTC+1030),6278859.007,492398.959,38.125,0.11
27/01/2026 04:26:01 PM (UTC+1030),6278858.767,492397.889,38.063,0.112
27/01/2026 04:26:02 PM (UTC+1030),6278858.612,492396.858,38.061,0.112
27/01/2026 04:26:03 PM (UTC+1030),6278858.517,492395.781,38.013,0.112
27/01/2026 04:26:04 PM (UTC+1030),6278858.339,492394.695,37.935,0.112
27/01/2026 04:26:05 PM (UTC+1030),6278858.052,492393.677,37.925,0.108
27/01/2026 04:26:06 PM (UTC+1030),6278857.72,492392.653,37.925,0.11
27/01/2026 04:26:07 PM (UTC+1030),6278857.458,492391.637,37.817,0.11
27/01/2026 04:26:08 PM (UTC+1030),6278857.239,492390.532,37.815,0.11
27/01/2026 04:26:09 PM (UTC+1030),6278856.971,492389.408,37.772,0.108
27/01/2026 04:26:10 PM (UTC+1030),6278856.741,492388.352,37.705,0.108
27/01/2026 04:26:11 PM (UTC+1030),6278856.456,492387.336,37.677,0.11
27/01/2026 04:26:12 PM (UTC+1030),6278856.269,492386.265,37.674,0.11
27/01/2026 04:26:13 PM (UTC+1030),6278856.125,492385.199,37.567,0.11
27/01/2026 04:26:14 PM (UTC+1030),6278855.954,492383.964,37.519,0.11
27/01/2026 04:26:15 PM (UTC+1030),6278855.732,492382.773,37.486,0.11
27/01/2026 04:26:16 PM (UTC+1030),6278855.526,492381.617,37.405,0.112
27/01/2026 04:26:17 PM (UTC+1030),6278855.214,492380.536,37.322,0.11
27/01/2026 04:26:18 PM (UTC+1030),6278854.884,492379.458,37.31,0.11
27/01/2026 04:26:19 PM (UTC+1030),6278854.557,492378.478,37.267,0.11
27/01/2026 04:26:20 PM (UTC+1030),6278854.435,492377.395,37.18,0.11
27/01/2026 04:26:21 PM (UTC+1030),6278854.228,492376.253,37.145,0.114
27/01/2026 04:26:22 PM (UTC+1030),6278853.973,492375.132,37.109,0.112
27/01/2026 04:26:23 PM (UTC+1030),6278853.657,492374.128,37.041,0.112
27/01/2026 04:26:24 PM (UTC+1030),6278853.37,492373.093,37.015,0.112
27/01/2026 04:26:25 PM (UTC+1030),6278853.047,492372.048,36.992,0.11
27/01/2026 04:26:26 PM (UTC+1030),6278852.65,492371.077,36.915,0.114
27/01/2026 04:26:27 PM (UTC+1030),6278852.419,492370.109,36.926,0.114
27/01/2026 04:26:28 PM (UTC+1030),6278852.217,492369.031,36.863,0.114
27/01/2026 04:26:29 PM (UTC+1030),6278851.962,492367.954,36.792,0.114
27/01/2026 04:26:30 PM (UTC+1030),6278851.748,492366.863,36.792,0.112
27/01/2026 04:26:31 PM (UTC+1030),6278851.538,492365.779,36.74,0.114
27/01/2026 04:26:32 PM (UTC+1030),6278851.318,492364.688,36.65,0.114
27/01/2026 04:26:33 PM (UTC+1030),6278851.091,492363.543,36.595,0.114
27/01/2026 04:26:34 PM (UTC+1030),6278850.827,492362.483,36.591,0.114
27/01/2026 04:26:35 PM (UTC+1030),6278850.68,492361.479,36.532,0.114
27/01/2026 04:26:36 PM (UTC+1030),6278850.498,492360.463,36.472,0.112
27/01/2026 04:26:37 PM (UTC+1030),6278850.217,492359.404,36.49,0.11
27/01/2026 04:26:38 PM (UTC+1030),6278850.03,492358.366,36.409,0.11
27/01/2026 04:26:39 PM (UTC+1030),6278849.747,492357.333,36.389,0.112
27/01/2026 04:26:40 PM (UTC+1030),6278849.467,492356.254,36.364,0.108
27/01/2026 04:26:41 PM (UTC+1030),6278849.311,492355.131,36.275,0.11
27/01/2026 04:26:42 PM (UTC+1030),6278849.106,492354.128,36.25,0.11
27/01/2026 04:26:43 PM (UTC+1030),6278848.848,492353.013,36.249,0.112
27/01/2026 04:26:44 PM (UTC+1030),6278848.619,492351.977,36.164,0.108
27/01/2026 04:26:45 PM (UTC+1030),6278848.459,492350.878,36.14,0.11
27/01/2026 04:26:46 PM (UTC+1030),6278848.275,492349.863,36.115,0.112
27/01/2026 04:26:47 PM (UTC+1030),6278847.982,492348.868,36.055,0.112
27/01/2026 04:26:48 PM (UTC+1030),6278847.637,492347.9,36.059,0.112
27/01/2026 04:26:49 PM (UTC+1030),6278847.314,492346.898,36.015,0.112
27/01/2026 04:26:50 PM (UTC+1030),6278847.056,492345.843,35.935,0.11
27/01/2026 04:26:51 PM (UTC+1030),6278846.795,492344.793,35.944,0.112
27/01/2026 04:26:52 PM (UTC+1030),6278846.51,492343.778,35.857,0.112
27/01/2026 04:26:53 PM (UTC+1030),6278846.147,492342.726,35.835,0.114
27/01/2026 04:26:54 PM (UTC+1030),6278845.926,492341.631,35.803,0.11
27/01/2026 04:26:55 PM (UTC+1030),6278845.806,492340.576,35.722,0.112
27/01/2026 04:26:56 PM (UTC+1030),6278845.652,492339.578,35.714,0.114
27/01/2026 04:26:57 PM (UTC+1030),6278845.351,492338.589,35.697,0.114
27/01/2026 04:26:58 PM (UTC+1030),6278844.967,492337.669,35.634,0.114
27/01/2026 04:26:59 PM (UTC+1030),6278844.706,492336.67,35.65,0.11
27/01/2026 04:27:00 PM (UTC+1030),6278844.469,492335.643,35.618,0.112
27/01/2026 04:27:01 PM (UTC+1030),6278844.333,492334.586,35.548,0.112
27/01/2026 04:27:02 PM (UTC+1030),6278844.203,492333.503,35.56,0.112
27/01/2026 04:27:03 PM (UTC+1030),6278844.007,492332.445,35.474,0.112
27/01/2026 04:27:04 PM (UTC+1030),6278843.779,492331.42,35.478,0.112
27/01/2026 04:27:05 PM (UTC+1030),6278843.617,492330.483,35.429,0.112
27/01/2026 04:27:06 PM (UTC+1030),6278843.572,492329.392,35.397,0.112
27/01/2026 04:27:07 PM (UTC+1030),6278843.352,492328.295,35.391,0.11
27/01/2026 04:27:08 PM (UTC+1030),6278843.079,492327.242,35.302,0.11
27/01/2026 04:27:09 PM (UTC+1030),6278842.811,492326.286,35.325,0.11
27/01/2026 04:27:10 PM (UTC+1030),6278842.632,492325.415,35.299,0.11
27/01/2026 04:27:11 PM (UTC+1030),6278842.375,492324.439,35.284,0.112
27/01/2026 04:27:12 PM (UTC+1030),6278842,492323.467,35.238,0.112
27/01/2026 04:27:13 PM (UTC+1030),6278841.643,492322.563,35.197,0.112
27/01/2026 04:27:14 PM (UTC+1030),6278841.476,492321.507,35.203,0.114
27/01/2026 04:27:15 PM (UTC+1030),6278841.295,492320.512,35.134,0.11
27/01/2026 04:27:16 PM (UTC+1030),6278841.127,492319.522,35.138,0.114
27/01/2026 04:27:17 PM (UTC+1030),6278840.88,492318.475,35.088,0.114
27/01/2026 04:27:18 PM (UTC+1030),6278840.599,492317.387,35.013,0.112
27/01/2026 04:27:19 PM (UTC+1030),6278840.37,492316.317,35,0.11
27/01/2026 04:27:20 PM (UTC+1030),6278840.06,492315.24,35.016,0.112
27/01/2026 04:27:21 PM (UTC+1030),6278839.759,492314.223,34.934,0.112
27/01/2026 04:27:22 PM (UTC+1030),6278839.601,492313.187,34.922,0.114
27/01/2026 04:27:23 PM (UTC+1030),6278839.453,492312.132,34.912,0.112
27/01/2026 04:27:24 PM (UTC+1030),6278839.16,492311.129,34.846,0.112
27/01/2026 04:27:25 PM (UTC+1030),6278838.913,492310.081,34.834,0.112
27/01/2026 04:27:26 PM (UTC+1030),6278838.585,492309.054,34.832,0.115
27/01/2026 04:27:27 PM (UTC+1030),6278838.492,492307.955,34.727,0.114
27/01/2026 04:27:28 PM (UTC+1030),6278838.406,492306.724,34.707,0.115
27/01/2026 04:27:29 PM (UTC+1030),6278838.116,492305.642,34.732,0.112
27/01/2026 04:27:30 PM (UTC+1030),6278837.891,492304.566,34.644,0.114
27/01/2026 04:27:31 PM (UTC+1030),6278837.705,492303.42,34.647,0.115
27/01/2026 04:27:32 PM (UTC+1030),6278837.559,492302.351,34.665,0.115
27/01/2026 04:27:33 PM (UTC+1030),6278837.278,492301.373,34.608,0.115
27/01/2026 04:27:34 PM (UTC+1030),6278837.004,492300.498,34.585,0.117
27/01/2026 04:27:35 PM (UTC+1030),6278836.738,492299.636,34.561,0.117
27/01/2026 04:27:36 PM (UTC+1030),6278836.405,492298.714,34.546,0.115
27/01/2026 04:27:37 PM (UTC+1030),6278836.257,492297.712,34.547,0.115
27/01/2026 04:27:38 PM (UTC+1030),6278836.126,492296.668,34.481,0.115
27/01/2026 04:27:39 PM (UTC+1030),6278835.788,492295.541,34.471,0.112
27/01/2026 04:27:40 PM (UTC+1030),6278835.623,492294.5,34.481,0.112
27/01/2026 04:27:41 PM (UTC+1030),6278835.486,492293.519,34.458,0.115
27/01/2026 04:27:42 PM (UTC+1030),6278835.171,492292.536,34.456,0.115
27/01/2026 04:27:43 PM (UTC+1030),6278834.874,492291.528,34.457,0.115
27/01/2026 04:27:44 PM (UTC+1030),6278834.66,492290.523,34.389,0.114
27/01/2026 04:27:45 PM (UTC+1030),6278834.537,492289.524,34.397,0.115
27/01/2026 04:27:46 PM (UTC+1030),6278834.134,492288.512,34.386,0.115
27/01/2026 04:27:47 PM (UTC+1030),6278833.879,492287.561,34.347,0.114
27/01/2026 04:27:48 PM (UTC+1030),6278833.721,492286.519,34.372,0.114
27/01/2026 04:27:49 PM (UTC+1030),6278833.554,492285.533,34.358,0.114
27/01/2026 04:27:50 PM (UTC+1030),6278833.301,492284.438,34.297,0.112
27/01/2026 04:27:51 PM (UTC+1030),6278833.14,492283.42,34.278,0.114
27/01/2026 04:27:52 PM (UTC+1030),6278832.964,492282.403,34.306,0.114
27/01/2026 04:27:53 PM (UTC+1030),6278832.738,492281.384,34.244,0.114
27/01/2026 04:27:54 PM (UTC+1030),6278832.543,492280.476,34.24,0.114
27/01/2026 04:27:55 PM (UTC+1030),6278832.283,492279.53,34.26,0.114
27/01/2026 04:27:56 PM (UTC+1030),6278832,492278.564,34.201,0.114
27/01/2026 04:27:57 PM (UTC+1030),6278831.817,492277.611,34.223,0.115
27/01/2026 04:27:58 PM (UTC+1030),6278831.588,492276.671,34.207,0.114
27/01/2026 04:27:59 PM (UTC+1030),6278831.203,492275.728,34.174,0.11
27/01/2026 04:28:00 PM (UTC+1030),6278831.023,492274.729,34.195,0.112
27/01/2026 04:28:01 PM (UTC+1030),6278830.89,492273.701,34.167,0.115
27/01/2026 04:28:02 PM (UTC+1030),6278830.6,492272.705,34.133,0.114
27/01/2026 04:28:03 PM (UTC+1030),6278830.197,492271.866,34.163,0.114
27/01/2026 04:28:04 PM (UTC+1030),6278830.028,492270.89,34.114,0.115
27/01/2026 04:28:05 PM (UTC+1030),6278829.764,492269.91,34.137,0.112
27/01/2026 04:28:06 PM (UTC+1030),6278829.685,492268.86,34.133,0.115
27/01/2026 04:28:07 PM (UTC+1030),6278829.571,492267.83,34.083,0.115
27/01/2026 04:28:08 PM (UTC+1030),6278829.371,492266.868,34.093,0.115
27/01/2026 04:28:09 PM (UTC+1030),6278829.056,492265.972,34.122,0.114
27/01/2026 04:28:10 PM (UTC+1030),6278828.777,492264.957,34.068,0.114
27/01/2026 04:28:11 PM (UTC+1030),6278828.598,492263.987,34.101,0.115
27/01/2026 04:28:12 PM (UTC+1030),6278828.488,492262.977,34.117,0.115
27/01/2026 04:28:13 PM (UTC+1030),6278828.327,492261.963,34.06,0.115
27/01/2026 04:28:14 PM (UTC+1030),6278828.161,492260.97,34.084,0.115
27/01/2026 04:28:15 PM (UTC+1030),6278827.849,492260.054,34.018,0.114
27/01/2026 04:28:16 PM (UTC+1030),6278827.593,492259.011,34.057,0.115
27/01/2026 04:28:17 PM (UTC+1030),6278827.407,492257.956,34.031,0.117
27/01/2026 04:28:18 PM (UTC+1030),6278827.266,492256.947,34.016,0.114
27/01/2026 04:28:19 PM (UTC+1030),6278827.078,492255.914,34.028,0.11
27/01/2026 04:28:20 PM (UTC+1030),6278826.855,492254.912,34.01,0.11
27/01/2026 04:28:21 PM (UTC+1030),6278826.712,492253.878,34.02,0.112
27/01/2026 04:28:22 PM (UTC+1030),6278826.647,492252.925,33.954,0.112
27/01/2026 04:28:23 PM (UTC+1030),6278826.603,492251.871,33.943,0.112
27/01/2026 04:28:24 PM (UTC+1030),6278826.391,492250.883,33.962,0.112
27/01/2026 04:28:25 PM (UTC+1030),6278826.083,492249.987,33.923,0.108
27/01/2026 04:28:26 PM (UTC+1030),6278825.815,492248.95,33.956,0.112
27/01/2026 04:28:27 PM (UTC+1030),6278825.645,492247.913,33.899,0.11
27/01/2026 04:28:28 PM (UTC+1030),6278825.477,492246.896,33.89,0.11
27/01/2026 04:28:29 PM (UTC+1030),6278825.25,492245.924,33.87,0.108
27/01/2026 04:28:30 PM (UTC+1030),6278825.026,492244.929,33.822,0.11
27/01/2026 04:28:31 PM (UTC+1030),6278824.934,492243.884,33.853,0.11
27/01/2026 04:28:32 PM (UTC+1030),6278824.825,492242.883,33.791,0.11
27/01/2026 04:28:33 PM (UTC+1030),6278824.726,492241.859,33.812,0.108
27/01/2026 04:28:34 PM (UTC+1030),6278824.459,492240.905,33.806,0.11
27/01/2026 04:28:35 PM (UTC+1030),6278824.223,492239.925,33.801,0.11
27/01/2026 04:28:36 PM (UTC+1030),6278824.089,492238.919,33.817,0.111
27/01/2026 04:28:37 PM (UTC+1030),6278823.951,492237.891,33.759,0.11
27/01/2026 04:28:38 PM (UTC+1030),6278823.796,492236.981,33.8,0.11
27/01/2026 04:28:39 PM (UTC+1030),6278823.517,492236.099,33.747,0.108
27/01/2026 04:28:40 PM (UTC+1030),6278823.344,492235.27,33.788,0.108
27/01/2026 04:28:41 PM (UTC+1030),6278823.233,492234.302,33.719,0.111
27/01/2026 04:28:42 PM (UTC+1030),6278823.12,492233.361,33.746,0.111
27/01/2026 04:28:43 PM (UTC+1030),6278822.953,492232.421,33.699,0.111
27/01/2026 04:28:44 PM (UTC+1030),6278822.702,492231.464,33.74,0.111
27/01/2026 04:28:45 PM (UTC+1030),6278822.536,492230.478,33.706,0.108
27/01/2026 04:28:46 PM (UTC+1030),6278822.429,492229.502,33.725,0.11
27/01/2026 04:28:47 PM (UTC+1030),6278822.248,492228.496,33.727,0.11
27/01/2026 04:28:48 PM (UTC+1030),6278822.014,492227.605,33.716,0.11
27/01/2026 04:28:49 PM (UTC+1030),6278821.857,492226.671,33.731,0.11
27/01/2026 04:28:50 PM (UTC+1030),6278821.709,492225.724,33.703,0.108
27/01/2026 04:28:51 PM (UTC+1030),6278821.472,492224.841,33.739,0.11
27/01/2026 04:28:52 PM (UTC+1030),6278821.34,492223.814,33.698,0.108
27/01/2026 04:28:53 PM (UTC+1030),6278821.182,492222.88,33.734,0.11
27/01/2026 04:28:54 PM (UTC+1030),6278821.065,492221.965,33.706,0.11
27/01/2026 04:28:55 PM (UTC+1030),6278820.957,492221.149,33.727,0.108
27/01/2026 04:28:56 PM (UTC+1030),6278820.638,492220.304,33.703,0.11
27/01/2026 04:28:57 PM (UTC+1030),6278820.233,492219.398,33.719,0.11
27/01/2026 04:28:58 PM (UTC+1030),6278820.038,492218.425,33.725,0.11
27/01/2026 04:28:59 PM (UTC+1030),6278819.982,492217.484,33.708,0.112
27/01/2026 04:29:00 PM (UTC+1030),6278819.844,492216.488,33.749,0.108
27/01/2026 04:29:01 PM (UTC+1030),6278819.673,492215.544,33.703,0.112
27/01/2026 04:29:02 PM (UTC+1030),6278819.494,492214.587,33.745,0.108
27/01/2026 04:29:03 PM (UTC+1030),6278819.328,492213.603,33.691,0.108
27/01/2026 04:29:04 PM (UTC+1030),6278819.152,492212.609,33.73,0.112
27/01/2026 04:29:05 PM (UTC+1030),6278818.909,492211.701,33.716,0.112
27/01/2026 04:29:06 PM (UTC+1030),6278818.744,492210.715,33.757,0.114
27/01/2026 04:29:07 PM (UTC+1030),6278818.609,492209.696,33.78,0.114
27/01/2026 04:29:08 PM (UTC+1030),6278818.345,492208.689,33.703,0.114
27/01/2026 04:29:09 PM (UTC+1030),6278818.13,492207.812,33.784,0.114
27/01/2026 04:29:10 PM (UTC+1030),6278817.827,492206.822,33.736,0.114
27/01/2026 04:29:11 PM (UTC+1030),6278817.543,492205.897,33.779,0.116
27/01/2026 04:29:12 PM (UTC+1030),6278817.367,492204.925,33.798,0.116
27/01/2026 04:29:13 PM (UTC+1030),6278817.238,492203.912,33.764,0.115
27/01/2026 04:29:14 PM (UTC+1030),6278816.97,492202.946,33.801,0.115
27/01/2026 04:29:15 PM (UTC+1030),6278816.796,492201.983,33.747,0.114
27/01/2026 04:29:16 PM (UTC+1030),6278816.545,492201.068,33.79,0.115
27/01/2026 04:29:17 PM (UTC+1030),6278816.338,492200.023,33.777,0.11
27/01/2026 04:29:18 PM (UTC+1030),6278816.147,492199.009,33.759,0.112
27/01/2026 04:29:19 PM (UTC+1030),6278815.872,492198.033,33.742,0.11
27/01/2026 04:29:20 PM (UTC+1030),6278815.653,492197.002,33.7,0.108
27/01/2026 04:29:21 PM (UTC+1030),6278815.426,492196.055,33.704,0.11
27/01/2026 04:29:22 PM (UTC+1030),6278815.228,492194.993,33.709,0.11
27/01/2026 04:29:23 PM (UTC+1030),6278815.038,492193.977,33.642,0.11
27/01/2026 04:29:24 PM (UTC+1030),6278814.895,492192.924,33.668,0.107
27/01/2026 04:29:25 PM (UTC+1030),6278814.688,492191.982,33.612,0.107
27/01/2026 04:29:26 PM (UTC+1030),6278814.404,492191.012,33.611,0.109
27/01/2026 04:29:27 PM (UTC+1030),6278814.113,492190.072,33.609,0.11
27/01/2026 04:29:28 PM (UTC+1030),6278813.957,492189.038,33.54,0.112
27/01/2026 04:29:29 PM (UTC+1030),6278813.656,492188.07,33.555,0.107
27/01/2026 04:29:30 PM (UTC+1030),6278813.411,492187.084,33.48,0.107
27/01/2026 04:29:31 PM (UTC+1030),6278813.144,492186.07,33.461,0.11
27/01/2026 04:29:32 PM (UTC+1030),6278812.839,492185.093,33.467,0.11
27/01/2026 04:29:33 PM (UTC+1030),6278812.553,492184.178,33.403,0.11
27/01/2026 04:29:34 PM (UTC+1030),6278812.337,492183.221,33.403,0.11
27/01/2026 04:29:35 PM (UTC+1030),6278812.142,492182.176,33.395,0.11
27/01/2026 04:29:36 PM (UTC+1030),6278812.041,492181.079,33.329,0.107
27/01/2026 04:29:37 PM (UTC+1030),6278811.716,492180.046,33.283,0.107
27/01/2026 04:29:38 PM (UTC+1030),6278811.396,492178.991,33.269,0.107
27/01/2026 04:29:39 PM (UTC+1030),6278811.14,492177.892,33.23,0.105
27/01/2026 04:29:40 PM (UTC+1030),6278810.905,492176.768,33.153,0.105
27/01/2026 04:29:41 PM (UTC+1030),6278810.792,492175.716,33.162,0.105
27/01/2026 04:29:42 PM (UTC+1030),6278810.571,492174.641,33.155,0.105
27/01/2026 04:29:43 PM (UTC+1030),6278810.278,492173.586,33.086,0.105
27/01/2026 04:29:44 PM (UTC+1030),6278809.998,492172.576,33.092,0.102
27/01/2026 04:29:45 PM (UTC+1030),6278809.743,492171.584,33.118,0.102
27/01/2026 04:29:46 PM (UTC+1030),6278809.599,492170.619,33.061,0.104
27/01/2026 04:29:47 PM (UTC+1030),6278809.503,492169.558,33.102,0.102
27/01/2026 04:29:48 PM (UTC+1030),6278809.357,492168.574,33.066,0.102
27/01/2026 04:29:49 PM (UTC+1030),6278809.01,492167.661,33.058,0.102
27/01/2026 04:29:50 PM (UTC+1030),6278808.766,492166.699,33.093,0.102
27/01/2026 04:29:51 PM (UTC+1030),6278808.468,492165.744,33.023,0.104
27/01/2026 04:29:52 PM (UTC+1030),6278808.218,492164.752,33.078,0.104
27/01/2026 04:29:53 PM (UTC+1030),6278808.096,492163.76,33.06,0.104
27/01/2026 04:29:54 PM (UTC+1030),6278808.002,492162.758,33.01,0.106
27/01/2026 04:29:55 PM (UTC+1030),6278807.822,492161.697,33.057,0.106
27/01/2026 04:29:56 PM (UTC+1030),6278807.611,492160.642,32.998,0.106
27/01/2026 04:29:57 PM (UTC+1030),6278807.46,492159.65,33.013,0.106
27/01/2026 04:29:58 PM (UTC+1030),6278807.259,492158.633,33.015,0.106
27/01/2026 04:29:59 PM (UTC+1030),6278807.079,492157.665,33.001,0.104
27/01/2026 04:30:00 PM (UTC+1030),6278806.931,492156.613,33.046,0.106
27/01/2026 04:30:01 PM (UTC+1030),6278806.751,492155.599,32.976,0.107
27/01/2026 04:30:02 PM (UTC+1030),6278806.606,492154.652,33.005,0.107
27/01/2026 04:30:03 PM (UTC+1030),6278806.516,492153.604,33.017,0.107
27/01/2026 04:30:04 PM (UTC+1030),6278806.288,492152.625,32.979,0.107
27/01/2026 04:30:05 PM (UTC+1030),6278806.128,492151.625,32.998,0.106
27/01/2026 04:30:06 PM (UTC+1030),6278805.82,492150.628,32.989,0.107
27/01/2026 04:30:07 PM (UTC+1030),6278805.581,492149.615,32.982,0.107
27/01/2026 04:30:08 PM (UTC+1030),6278805.388,492148.565,33.039,0.107
27/01/2026 04:30:09 PM (UTC+1030),6278805.066,492147.614,32.984,0.106
27/01/2026 04:30:10 PM (UTC+1030),6278804.861,492146.647,33.042,0.106
27/01/2026 04:30:11 PM (UTC+1030),6278804.774,492145.56,32.996,0.107
27/01/2026 04:30:12 PM (UTC+1030),6278804.667,492144.489,33.006,0.106
27/01/2026 04:30:13 PM (UTC+1030),6278804.395,492143.5,33.052,0.104
27/01/2026 04:30:14 PM (UTC+1030),6278804.023,492142.48,33.004,0.104
27/01/2026 04:30:15 PM (UTC+1030),6278803.62,492141.523,33.066,0.104
27/01/2026 04:30:16 PM (UTC+1030),6278803.374,492140.5,33.063,0.106
27/01/2026 04:30:17 PM (UTC+1030),6278803.231,492139.452,33.025,0.106
27/01/2026 04:30:18 PM (UTC+1030),6278803.088,492138.383,33.069,0.104
27/01/2026 04:30:19 PM (UTC+1030),6278802.995,492137.374,33.008,0.102
27/01/2026 04:30:20 PM (UTC+1030),6278802.839,492136.287,33.027,0.102
27/01/2026 04:30:21 PM (UTC+1030),6278802.669,492135.221,33.025,0.102
27/01/2026 04:30:22 PM (UTC+1030),6278802.399,492134.202,32.982,0.102
27/01/2026 04:30:23 PM (UTC+1030),6278802.114,492133.158,33.021,0.102
27/01/2026 04:30:24 PM (UTC+1030),6278801.882,492132.153,32.997,0.102
27/01/2026 04:30:25 PM (UTC+1030),6278801.553,492131.155,32.997,0.102
27/01/2026 04:30:26 PM (UTC+1030),6278801.274,492130.093,33.026,0.104
27/01/2026 04:30:27 PM (UTC+1030),6278801.087,492129.075,32.967,0.104
27/01/2026 04:30:28 PM (UTC+1030),6278800.821,492128.071,33.024,0.104
27/01/2026 04:30:29 PM (UTC+1030),6278800.485,492127.063,32.993,0.1
27/01/2026 04:30:30 PM (UTC+1030),6278800.171,492126.02,32.998,0.1
27/01/2026 04:30:31 PM (UTC+1030),6278799.941,492124.941,33.033,0.102
27/01/2026 04:30:32 PM (UTC+1030),6278799.691,492123.893,32.975,0.102
27/01/2026 04:30:33 PM (UTC+1030),6278799.466,492122.855,33.022,0.104
27/01/2026 04:30:34 PM (UTC+1030),6278799.287,492121.795,32.996,0.102
27/01/2026 04:30:35 PM (UTC+1030),6278799.034,492120.837,32.998,0.104
27/01/2026 04:30:36 PM (UTC+1030),6278798.817,492119.827,33.036,0.106
27/01/2026 04:30:37 PM (UTC+1030),6278798.668,492118.887,33.001,0.106
27/01/2026 04:30:38 PM (UTC+1030),6278798.448,492117.879,33.043,0.106
27/01/2026 04:30:39 PM (UTC+1030),6278798.215,492116.893,33.006,0.106
27/01/2026 04:30:40 PM (UTC+1030),6278798.042,492115.892,33.069,0.104
27/01/2026 04:30:41 PM (UTC+1030),6278797.905,492114.857,33.029,0.107
27/01/2026 04:30:42 PM (UTC+1030),6278797.77,492113.87,33.051,0.104
27/01/2026 04:30:43 PM (UTC+1030),6278797.493,492112.91,33.065,0.104
27/01/2026 04:30:44 PM (UTC+1030),6278797.189,492111.985,33.109,0.104
27/01/2026 04:30:45 PM (UTC+1030),6278796.974,492111.002,33.12,0.102
27/01/2026 04:30:46 PM (UTC+1030),6278796.833,492110.062,33.091,0.106
27/01/2026 04:30:47 PM (UTC+1030),6278796.581,492109.143,33.137,0.106
27/01/2026 04:30:48 PM (UTC+1030),6278796.257,492108.183,33.131,0.106
27/01/2026 04:30:49 PM (UTC+1030),6278796.055,492107.263,33.165,0.104
27/01/2026 04:30:50 PM (UTC+1030),6278795.907,492106.358,33.134,0.104
27/01/2026 04:30:51 PM (UTC+1030),6278795.699,492105.463,33.183,0.106
27/01/2026 04:30:52 PM (UTC+1030),6278795.539,492104.582,33.165,0.106
27/01/2026 04:30:53 PM (UTC+1030),6278795.323,492103.699,33.193,0.106
27/01/2026 04:30:54 PM (UTC+1030),6278795.21,492102.806,33.183,0.106
27/01/2026 04:30:55 PM (UTC+1030),6278795.085,492101.934,33.209,0.107
27/01/2026 04:30:56 PM (UTC+1030),6278794.943,492101.046,33.17,0.107
27/01/2026 04:30:57 PM (UTC+1030),6278794.765,492100.1,33.199,0.107
27/01/2026 04:30:58 PM (UTC+1030),6278794.736,492099.243,33.154,0.107
27/01/2026 04:30:59 PM (UTC+1030),6278794.483,492098.34,33.199,0.106
27/01/2026 04:31:00 PM (UTC+1030),6278794.083,492097.538,33.144,0.106
27/01/2026 04:31:01 PM (UTC+1030),6278793.774,492096.698,33.227,0.106
27/01/2026 04:31:02 PM (UTC+1030),6278793.698,492095.849,33.146,0.106
27/01/2026 04:31:03 PM (UTC+1030),6278793.582,492094.932,33.191,0.104
27/01/2026 04:31:04 PM (UTC+1030),6278793.295,492094.107,33.123,0.104
27/01/2026 04:31:05 PM (UTC+1030),6278792.949,492093.206,33.133,0.104
27/01/2026 04:31:06 PM (UTC+1030),6278792.699,492092.277,33.046,0.104
27/01/2026 04:31:07 PM (UTC+1030),6278792.573,492091.359,33.036,0.104
27/01/2026 04:31:08 PM (UTC+1030),6278792.432,492090.426,32.979,0.102
27/01/2026 04:31:09 PM (UTC+1030),6278792.136,492089.442,32.938,0.104
27/01/2026 04:31:10 PM (UTC+1030),6278791.891,492088.416,32.909,0.1
27/01/2026 04:31:11 PM (UTC+1030),6278791.715,492087.487,32.806,0.102
27/01/2026 04:31:12 PM (UTC+1030),6278791.541,492086.414,32.773,0.104
27/01/2026 04:31:13 PM (UTC+1030),6278791.339,492085.455,32.713,0.103
27/01/2026 04:31:14 PM (UTC+1030),6278791.164,492084.56,32.674,0.105
27/01/2026 04:31:15 PM (UTC+1030),6278790.932,492083.497,32.621,0.101
27/01/2026 04:31:16 PM (UTC+1030),6278790.692,492082.477,32.533,0.103
27/01/2026 04:31:17 PM (UTC+1030),6278790.514,492081.454,32.522,0.103
27/01/2026 04:31:18 PM (UTC+1030),6278790.285,492080.468,32.441,0.103
27/01/2026 04:31:19 PM (UTC+1030),6278790.094,492079.482,32.43,0.103
27/01/2026 04:31:20 PM (UTC+1030),6278789.943,492078.508,32.405,0.101
27/01/2026 04:31:21 PM (UTC+1030),6278789.816,492077.494,32.35,0.103
27/01/2026 04:31:22 PM (UTC+1030),6278789.618,492076.583,32.342,0.105
27/01/2026 04:31:23 PM (UTC+1030),6278789.416,492075.683,32.27,0.106
27/01/2026 04:31:24 PM (UTC+1030),6278789.142,492074.797,32.272,0.106
27/01/2026 04:31:25 PM (UTC+1030),6278788.979,492073.835,32.195,0.104
27/01/2026 04:31:26 PM (UTC+1030),6278788.841,492072.863,32.181,0.106
27/01/2026 04:31:27 PM (UTC+1030),6278788.549,492071.956,32.11,0.106
27/01/2026 04:31:28 PM (UTC+1030),6278788.181,492071.114,32.125,0.106
27/01/2026 04:31:29 PM (UTC+1030),6278787.965,492070.151,32.114,0.106
27/01/2026 04:31:30 PM (UTC+1030),6278787.947,492069.111,32.008,0.102
27/01/2026 04:31:31 PM (UTC+1030),6278787.884,492068.124,32.011,0.105
27/01/2026 04:31:32 PM (UTC+1030),6278787.639,492067.169,31.968,0.105
27/01/2026 04:31:33 PM (UTC+1030),6278787.38,492066.27,31.92,0.105
27/01/2026 04:31:34 PM (UTC+1030),6278787.175,492065.299,31.916,0.105
27/01/2026 04:31:35 PM (UTC+1030),6278786.991,492064.318,31.811,0.107
27/01/2026 04:31:36 PM (UTC+1030),6278786.704,492063.325,31.79,0.107
27/01/2026 04:31:37 PM (UTC+1030),6278786.472,492062.327,31.69,0.107
27/01/2026 04:31:38 PM (UTC+1030),6278786.229,492061.489,31.737,0.107
27/01/2026 04:31:39 PM (UTC+1030),6278786.113,492060.577,31.669,0.103
27/01/2026 04:31:40 PM (UTC+1030),6278786.02,492059.598,31.66,0.105
27/01/2026 04:31:41 PM (UTC+1030),6278785.936,492058.6,31.551,0.107
27/01/2026 04:31:42 PM (UTC+1030),6278785.738,492057.643,31.556,0.107
27/01/2026 04:31:43 PM (UTC+1030),6278785.565,492056.599,31.494,0.107
27/01/2026 04:31:44 PM (UTC+1030),6278785.417,492055.667,31.452,0.107
27/01/2026 04:31:45 PM (UTC+1030),6278785.244,492054.762,31.377,0.105
27/01/2026 04:31:46 PM (UTC+1030),6278784.986,492053.785,31.377,0.107
27/01/2026 04:31:47 PM (UTC+1030),6278784.806,492052.771,31.323,0.107
27/01/2026 04:31:48 PM (UTC+1030),6278784.692,492051.803,31.296,0.107
27/01/2026 04:31:49 PM (UTC+1030),6278784.513,492050.737,31.233,0.103
27/01/2026 04:31:50 PM (UTC+1030),6278784.283,492049.731,31.176,0.103
27/01/2026 04:31:51 PM (UTC+1030),6278784.024,492048.665,31.178,0.103
27/01/2026 04:31:52 PM (UTC+1030),6278783.844,492047.685,31.1,0.103
27/01/2026 04:31:53 PM (UTC+1030),6278783.628,492046.701,31.09,0.103
27/01/2026 04:31:54 PM (UTC+1030),6278783.411,492045.759,31.016,0.103
27/01/2026 04:31:55 PM (UTC+1030),6278783.169,492044.786,31.022,0.102
27/01/2026 04:31:56 PM (UTC+1030),6278783.207,492043.81,30.926,0.103
27/01/2026 04:31:57 PM (UTC+1030),6278783.154,492042.768,30.937,0.105
27/01/2026 04:31:58 PM (UTC+1030),6278782.87,492041.78,30.859,0.105
27/01/2026 04:31:59 PM (UTC+1030),6278782.469,492040.892,30.864,0.101
27/01/2026 04:32:00 PM (UTC+1030),6278782.09,492039.95,30.818,0.103
27/01/2026 04:32:01 PM (UTC+1030),6278781.915,492038.967,30.756,0.105
27/01/2026 04:32:02 PM (UTC+1030),6278781.772,492037.965,30.714,0.105
27/01/2026 04:32:03 PM (UTC+1030),6278781.59,492036.907,30.63,0.107
27/01/2026 04:32:04 PM (UTC+1030),6278781.375,492035.93,30.609,0.107
27/01/2026 04:32:05 PM (UTC+1030),6278781.091,492034.915,30.551,0.105
27/01/2026 04:32:06 PM (UTC+1030),6278780.791,492033.868,30.458,0.107
27/01/2026 04:32:07 PM (UTC+1030),6278780.485,492032.87,30.434,0.108
27/01/2026 04:32:08 PM (UTC+1030),6278780.185,492031.882,30.333,0.106
27/01/2026 04:32:09 PM (UTC+1030),6278779.88,492030.906,30.293,0.106
27/01/2026 04:32:10 PM (UTC+1030),6278779.603,492029.92,30.262,0.104
27/01/2026 04:32:11 PM (UTC+1030),6278779.43,492028.834,30.162,0.106
27/01/2026 04:32:12 PM (UTC+1030),6278779.282,492027.793,30.125,0.106
27/01/2026 04:32:13 PM (UTC+1030),6278779.107,492026.719,30.007,0.105
27/01/2026 04:32:14 PM (UTC+1030),6278778.84,492025.69,29.976,0.107
27/01/2026 04:32:15 PM (UTC+1030),6278778.671,492024.633,29.908,0.103
27/01/2026 04:32:16 PM (UTC+1030),6278778.534,492023.591,29.807,0.105
27/01/2026 04:32:17 PM (UTC+1030),6278778.287,492022.607,29.786,0.105
27/01/2026 04:32:18 PM (UTC+1030),6278777.918,492021.736,29.689,0.105
27/01/2026 04:32:19 PM (UTC+1030),6278777.608,492020.678,29.65,0.101
27/01/2026 04:32:20 PM (UTC+1030),6278777.422,492019.599,29.593,0.101
27/01/2026 04:32:21 PM (UTC+1030),6278777.218,492018.53,29.517,0.105
27/01/2026 04:32:22 PM (UTC+1030),6278777.058,492017.533,29.483,0.105
27/01/2026 04:32:23 PM (UTC+1030),6278776.895,492016.511,29.423,0.103
27/01/2026 04:32:24 PM (UTC+1030),6278776.553,492015.324,29.309,0.101
27/01/2026 04:32:25 PM (UTC+1030),6278776.324,492014.265,29.243,0.101
27/01/2026 04:32:26 PM (UTC+1030),6278776.159,492013.164,29.212,0.103
27/01/2026 04:32:27 PM (UTC+1030),6278775.983,492012.144,29.158,0.103
27/01/2026 04:32:28 PM (UTC+1030),6278775.939,492011.057,29.051,0.101
27/01/2026 04:32:29 PM (UTC+1030),6278775.852,492010.033,29.043,0.101
27/01/2026 04:32:30 PM (UTC+1030),6278775.675,492009.069,28.954,0.103
27/01/2026 04:32:31 PM (UTC+1030),6278775.4,492008.021,28.924,0.105
27/01/2026 04:32:32 PM (UTC+1030),6278775.228,492007.016,28.877,0.105
27/01/2026 04:32:33 PM (UTC+1030),6278775.149,492005.902,28.786,0.105
27/01/2026 04:32:34 PM (UTC+1030),6278774.957,492004.931,28.784,0.105
27/01/2026 04:32:35 PM (UTC+1030),6278774.733,492003.885,28.676,0.105
27/01/2026 04:32:36 PM (UTC+1030),6278774.61,492002.838,28.653,0.105
27/01/2026 04:32:37 PM (UTC+1030),6278774.559,492001.889,28.643,0.105
27/01/2026 04:32:38 PM (UTC+1030),6278774.46,492000.854,28.55,0.107
27/01/2026 04:32:39 PM (UTC+1030),6278774.268,491999.766,28.541,0.107
27/01/2026 04:32:40 PM (UTC+1030),6278773.978,491998.673,28.473,0.105
27/01/2026 04:32:41 PM (UTC+1030),6278773.786,491997.569,28.39,0.107
27/01/2026 04:32:42 PM (UTC+1030),6278773.781,491996.468,28.356,0.107
27/01/2026 04:32:43 PM (UTC+1030),6278773.769,491995.383,28.332,0.108
27/01/2026 04:32:44 PM (UTC+1030),6278773.681,491994.315,28.238,0.107
27/01/2026 04:32:45 PM (UTC+1030),6278773.585,491993.178,28.23,0.108
27/01/2026 04:32:46 PM (UTC+1030),6278773.491,491992.162,28.201,0.107
27/01/2026 04:32:47 PM (UTC+1030),6278773.351,491991.119,28.122,0.108
27/01/2026 04:32:48 PM (UTC+1030),6278773.121,491990.048,28.113,0.108
27/01/2026 04:32:49 PM (UTC+1030),6278772.878,491989.019,28.046,0.107
27/01/2026 04:32:50 PM (UTC+1030),6278772.662,491987.975,27.98,0.107
27/01/2026 04:32:51 PM (UTC+1030),6278772.428,491986.936,27.98,0.108
27/01/2026 04:32:52 PM (UTC+1030),6278772.23,491985.873,27.904,0.108
27/01/2026 04:32:53 PM (UTC+1030),6278771.996,491984.809,27.869,0.108
27/01/2026 04:32:54 PM (UTC+1030),6278771.695,491983.684,27.844,0.108
27/01/2026 04:32:55 PM (UTC+1030),6278771.372,491982.583,27.767,0.107
27/01/2026 04:32:56 PM (UTC+1030),6278771.104,491981.443,27.687,0.108
27/01/2026 04:32:57 PM (UTC+1030),6278770.997,491980.305,27.646,0.108
27/01/2026 04:32:58 PM (UTC+1030),6278770.823,491979.168,27.644,0.105
27/01/2026 04:32:59 PM (UTC+1030),6278770.534,491978.092,27.566,0.105
27/01/2026 04:33:00 PM (UTC+1030),6278770.24,491977.12,27.529,0.105
27/01/2026 04:33:01 PM (UTC+1030),6278770.084,491976.083,27.526,0.107
27/01/2026 04:33:02 PM (UTC+1030),6278769.937,491974.996,27.459,0.106
27/01/2026 04:33:03 PM (UTC+1030),6278769.668,491973.856,27.374,0.107
27/01/2026 04:33:04 PM (UTC+1030),6278769.36,491972.715,27.358,0.106
27/01/2026 04:33:05 PM (UTC+1030),6278769.045,491971.652,27.325,0.103
27/01/2026 04:33:06 PM (UTC+1030),6278768.73,491970.619,27.232,0.107
27/01/2026 04:33:07 PM (UTC+1030),6278768.457,491969.642,27.236,0.107
27/01/2026 04:33:08 PM (UTC+1030),6278768.176,491968.611,27.208,0.107
27/01/2026 04:33:09 PM (UTC+1030),6278767.927,491967.556,27.132,0.106
27/01/2026 04:33:10 PM (UTC+1030),6278767.946,491966.503,27.09,0.106
27/01/2026 04:33:11 PM (UTC+1030),6278767.681,491965.411,27.104,0.106
27/01/2026 04:33:12 PM (UTC+1030),6278767.442,491964.354,27.041,0.106
27/01/2026 04:33:13 PM (UTC+1030),6278767.248,491963.228,26.951,0.106
27/01/2026 04:33:14 PM (UTC+1030),6278767.025,491962.154,26.937,0.106
27/01/2026 04:33:15 PM (UTC+1030),6278766.8,491961.088,26.914,0.107
27/01/2026 04:33:16 PM (UTC+1030),6278766.595,491960.021,26.825,0.107
27/01/2026 04:33:17 PM (UTC+1030),6278766.364,491958.954,26.844,0.107
27/01/2026 04:33:18 PM (UTC+1030),6278766.098,491957.945,26.81,0.107
27/01/2026 04:33:19 PM (UTC+1030),6278765.801,491956.874,26.745,0.107
27/01/2026 04:33:20 PM (UTC+1030),6278765.485,491955.818,26.736,0.107
27/01/2026 04:33:21 PM (UTC+1030),6278765.287,491954.676,26.728,0.109
27/01/2026 04:33:22 PM (UTC+1030),6278765.149,491953.548,26.65,0.109
27/01/2026 04:33:23 PM (UTC+1030),6278764.935,491952.42,26.629,0.109
27/01/2026 04:33:24 PM (UTC+1030),6278764.747,491951.416,26.638,0.109
27/01/2026 04:33:25 PM (UTC+1030),6278764.695,491950.259,26.612,0.108
27/01/2026 04:33:26 PM (UTC+1030),6278764.479,491949.159,26.514,0.11
27/01/2026 04:33:27 PM (UTC+1030),6278764.149,491948.175,26.543,0.108
27/01/2026 04:33:28 PM (UTC+1030),6278763.769,491947.151,26.508,0.108
27/01/2026 04:33:29 PM (UTC+1030),6278763.519,491946.141,26.446,0.107
27/01/2026 04:33:30 PM (UTC+1030),6278763.291,491945.077,26.454,0.108
27/01/2026 04:33:31 PM (UTC+1030),6278763.043,491944.054,26.382,0.108
27/01/2026 04:33:32 PM (UTC+1030),6278762.785,491942.991,26.353,0.108
27/01/2026 04:33:33 PM (UTC+1030),6278762.584,491941.948,26.35,0.11
27/01/2026 04:33:34 PM (UTC+1030),6278762.369,491940.833,26.248,0.107
27/01/2026 04:33:35 PM (UTC+1030),6278762.189,491939.782,26.237,0.107
27/01/2026 04:33:36 PM (UTC+1030),6278762.059,491938.683,26.212,0.11
27/01/2026 04:33:37 PM (UTC+1030),6278761.869,491937.676,26.12,0.11
27/01/2026 04:33:38 PM (UTC+1030),6278761.534,491936.637,26.104,0.11
27/01/2026 04:33:39 PM (UTC+1030),6278761.192,491935.579,26.005,0.11
27/01/2026 04:33:40 PM (UTC+1030),6278760.8,491934.53,25.936,0.108
27/01/2026 04:33:41 PM (UTC+1030),6278760.463,491933.482,25.91,0.108
27/01/2026 04:33:42 PM (UTC+1030),6278760.291,491932.416,25.825,0.108
27/01/2026 04:33:43 PM (UTC+1030),6278760.031,491931.359,25.751,0.107
27/01/2026 04:33:44 PM (UTC+1030),6278759.801,491930.37,25.726,0.108
27/01/2026 04:33:45 PM (UTC+1030),6278759.493,491929.334,25.634,0.108
27/01/2026 04:33:46 PM (UTC+1030),6278759.204,491928.284,25.597,0.108
27/01/2026 04:33:47 PM (UTC+1030),6278758.986,491927.293,25.537,0.108
27/01/2026 04:33:48 PM (UTC+1030),6278758.705,491926.276,25.477,0.108
27/01/2026 04:33:49 PM (UTC+1030),6278758.455,491925.181,25.395,0.107
27/01/2026 04:33:50 PM (UTC+1030),6278758.152,491924.159,25.302,0.107
27/01/2026 04:33:51 PM (UTC+1030),6278757.799,491923.103,25.266,0.109
27/01/2026 04:33:52 PM (UTC+1030),6278757.44,491922.066,25.231,0.111
27/01/2026 04:33:53 PM (UTC+1030),6278757.121,491920.953,25.122,0.109
27/01/2026 04:33:54 PM (UTC+1030),6278756.871,491919.873,25.056,0.109
27/01/2026 04:33:55 PM (UTC+1030),6278756.755,491918.819,25.037,0.109
27/01/2026 04:33:56 PM (UTC+1030),6278756.583,491917.73,24.929,0.111
27/01/2026 04:33:57 PM (UTC+1030),6278756.422,491916.647,24.889,0.109
27/01/2026 04:33:58 PM (UTC+1030),6278756.146,491915.636,24.799,0.109
27/01/2026 04:33:59 PM (UTC+1030),6278755.782,491914.569,24.747,0.107
27/01/2026 04:34:00 PM (UTC+1030),6278755.507,491913.527,24.717,0.107
27/01/2026 04:34:01 PM (UTC+1030),6278755.266,491912.457,24.61,0.111
27/01/2026 04:34:02 PM (UTC+1030),6278754.979,491911.374,24.61,0.109
27/01/2026 04:34:03 PM (UTC+1030),6278754.755,491910.419,24.498,0.109
27/01/2026 04:34:04 PM (UTC+1030),6278754.512,491909.429,24.482,0.109
27/01/2026 04:34:05 PM (UTC+1030),6278754.406,491908.396,24.427,0.107
27/01/2026 04:34:06 PM (UTC+1030),6278754.285,491907.365,24.328,0.111
27/01/2026 04:34:07 PM (UTC+1030),6278753.999,491906.357,24.318,0.109
27/01/2026 04:34:08 PM (UTC+1030),6278753.577,491905.461,24.204,0.109
27/01/2026 04:34:09 PM (UTC+1030),6278753.124,491904.557,24.18,0.107
27/01/2026 04:34:10 PM (UTC+1030),6278752.778,491903.567,24.083,0.107
27/01/2026 04:34:11 PM (UTC+1030),6278752.596,491902.572,24.066,0.109
27/01/2026 04:34:12 PM (UTC+1030),6278752.484,491901.576,23.978,0.109
27/01/2026 04:34:13 PM (UTC+1030),6278752.235,491900.592,23.908,0.109
27/01/2026 04:34:14 PM (UTC+1030),6278751.9,491899.533,23.855,0.109
27/01/2026 04:34:15 PM (UTC+1030),6278751.575,491898.595,23.757,0.107
27/01/2026 04:34:16 PM (UTC+1030),6278751.357,491897.579,23.737,0.109
27/01/2026 04:34:17 PM (UTC+1030),6278751.068,491896.753,23.659,0.107
27/01/2026 04:34:18 PM (UTC+1030),6278750.794,491895.82,23.628,0.109
27/01/2026 04:34:19 PM (UTC+1030),6278750.481,491894.932,23.601,0.107
27/01/2026 04:34:20 PM (UTC+1030),6278750.165,491893.962,23.53,0.107
27/01/2026 04:34:21 PM (UTC+1030),6278749.885,491893.063,23.484,0.109
27/01/2026 04:34:22 PM (UTC+1030),6278749.631,491892.108,23.411,0.109
27/01/2026 04:34:23 PM (UTC+1030),6278749.318,491891.045,23.387,0.109
27/01/2026 04:34:24 PM (UTC+1030),6278749.072,491890.08,23.308,0.109
27/01/2026 04:34:25 PM (UTC+1030),6278748.838,491889.15,23.312,0.107
27/01/2026 04:34:26 PM (UTC+1030),6278748.434,491888.317,23.234,0.109
27/01/2026 04:34:27 PM (UTC+1030),6278747.96,491887.389,23.231,0.109
27/01/2026 04:34:28 PM (UTC+1030),6278747.553,491886.415,23.126,0.111
27/01/2026 04:34:29 PM (UTC+1030),6278747.273,491885.428,23.114,0.109
27/01/2026 04:34:30 PM (UTC+1030),6278746.953,491884.478,23.069,0.109
27/01/2026 04:34:31 PM (UTC+1030),6278746.63,491883.573,23.014,0.111
27/01/2026 04:34:32 PM (UTC+1030),6278746.337,491882.616,22.998,0.111
27/01/2026 04:34:33 PM (UTC+1030),6278746.006,491881.613,22.9,0.11
27/01/2026 04:34:34 PM (UTC+1030),6278745.732,491880.619,22.885,0.11
27/01/2026 04:34:35 PM (UTC+1030),6278745.458,491879.623,22.83,0.109
27/01/2026 04:34:36 PM (UTC+1030),6278745.092,491878.725,22.786,0.112
27/01/2026 04:34:37 PM (UTC+1030),6278744.753,491877.76,22.771,0.11
27/01/2026 04:34:38 PM (UTC+1030),6278744.472,491876.765,22.686,0.11
27/01/2026 04:34:39 PM (UTC+1030),6278744.112,491875.76,22.681,0.112
27/01/2026 04:34:40 PM (UTC+1030),6278743.809,491874.806,22.609,0.109
27/01/2026 04:34:41 PM (UTC+1030),6278743.527,491873.834,22.593,0.111
27/01/2026 04:34:42 PM (UTC+1030),6278743.287,491872.888,22.549,0.11
27/01/2026 04:34:43 PM (UTC+1030),6278742.983,491871.868,22.496,0.112
27/01/2026 04:34:44 PM (UTC+1030),6278742.639,491870.85,22.484,0.112
27/01/2026 04:34:45 PM (UTC+1030),6278742.305,491869.875,22.463,0.108
27/01/2026 04:34:46 PM (UTC+1030),6278741.937,491868.908,22.398,0.11
27/01/2026 04:34:47 PM (UTC+1030),6278741.53,491867.946,22.385,0.112
27/01/2026 04:34:48 PM (UTC+1030),6278741.163,491866.957,22.319,0.11
27/01/2026 04:34:49 PM (UTC+1030),6278740.934,491865.954,22.287,0.11
27/01/2026 04:34:50 PM (UTC+1030),6278740.645,491864.984,22.29,0.108
27/01/2026 04:34:51 PM (UTC+1030),6278740.472,491864.042,22.225,0.11
27/01/2026 04:34:52 PM (UTC+1030),6278740.268,491863.165,22.245,0.11
27/01/2026 04:34:53 PM (UTC+1030),6278740.029,491862.258,22.203,0.11
27/01/2026 04:34:54 PM (UTC+1030),6278739.73,491861.372,22.159,0.11
27/01/2026 04:34:55 PM (UTC+1030),6278739.518,491860.451,22.165,0.109
27/01/2026 04:34:56 PM (UTC+1030),6278739.336,491859.519,22.08,0.11
27/01/2026 04:34:57 PM (UTC+1030),6278739.011,491858.555,22.107,0.11
27/01/2026 04:34:58 PM (UTC+1030),6278738.702,491857.623,22.018,0.108
27/01/2026 04:34:59 PM (UTC+1030),6278738.415,491856.698,22.043,0.107
27/01/2026 04:35:00 PM (UTC+1030),6278738.091,491855.768,21.972,0.107
27/01/2026 04:35:01 PM (UTC+1030),6278737.699,491854.842,21.953,0.111
27/01/2026 04:35:02 PM (UTC+1030),6278737.417,491853.838,21.93,0.111
27/01/2026 04:35:03 PM (UTC+1030),6278737.13,491852.92,21.851,0.11
27/01/2026 04:35:04 PM (UTC+1030),6278736.761,491851.934,21.828,0.11
27/01/2026 04:35:05 PM (UTC+1030),6278736.443,491850.909,21.805,0.107
27/01/2026 04:35:06 PM (UTC+1030),6278736.225,491849.89,21.7,0.11
27/01/2026 04:35:07 PM (UTC+1030),6278735.959,491848.844,21.692,0.11
27/01/2026 04:35:08 PM (UTC+1030),6278735.626,491847.862,21.684,0.11
27/01/2026 04:35:09 PM (UTC+1030),6278735.368,491846.855,21.651,0.105
27/01/2026 04:35:10 PM (UTC+1030),6278735.13,491845.831,21.735,0.105
27/01/2026 04:35:11 PM (UTC+1030),6278734.86,491844.862,21.675,0.105
27/01/2026 04:35:12 PM (UTC+1030),6278734.469,491843.888,21.71,0.105
27/01/2026 04:35:13 PM (UTC+1030),6278734.059,491842.949,21.673,0.105
27/01/2026 04:35:14 PM (UTC+1030),6278733.789,491841.944,21.718,0.105
27/01/2026 04:35:15 PM (UTC+1030),6278733.281,491840.908,21.632,0.105
27/01/2026 04:35:16 PM (UTC+1030),6278732.742,491840.044,21.699,0.107
27/01/2026 04:35:17 PM (UTC+1030),6278732.313,491839.073,21.645,0.105
27/01/2026 04:35:18 PM (UTC+1030),6278731.791,491838.05,21.65,0.105
27/01/2026 04:35:19 PM (UTC+1030),6278731.147,491837.163,21.641,0.107
27/01/2026 04:35:20 PM (UTC+1030),6278730.564,491836.319,21.65,0.107
27/01/2026 04:35:21 PM (UTC+1030),6278729.938,491835.471,21.613,0.108
27/01/2026 04:35:22 PM (UTC+1030),6278729.177,491834.648,21.497,0.108
27/01/2026 04:35:23 PM (UTC+1030),6278728.58,491833.75,21.463,0.108
27/01/2026 04:35:24 PM (UTC+1030),6278728.089,491832.733,21.37,0.11
27/01/2026 04:35:25 PM (UTC+1030),6278727.49,491831.792,21.358,0.107
27/01/2026 04:35:26 PM (UTC+1030),6278726.986,491830.812,21.321,0.108
27/01/2026 04:35:27 PM (UTC+1030),6278726.579,491829.838,21.222,0.108
27/01/2026 04:35:28 PM (UTC+1030),6278726.101,491828.852,21.222,0.105
27/01/2026 04:35:29 PM (UTC+1030),6278725.701,491827.844,21.112,0.107
27/01/2026 04:35:30 PM (UTC+1030),6278725.271,491826.822,21.088,0.105
27/01/2026 04:35:31 PM (UTC+1030),6278724.823,491825.781,21.077,0.108
27/01/2026 04:35:32 PM (UTC+1030),6278724.427,491824.755,20.951,0.108
27/01/2026 04:35:33 PM (UTC+1030),6278724.021,491823.721,20.928,0.108
27/01/2026 04:35:34 PM (UTC+1030),6278723.693,491822.628,20.912,0.105
27/01/2026 04:35:35 PM (UTC+1030),6278723.27,491821.606,20.782,0.105
27/01/2026 04:35:36 PM (UTC+1030),6278722.749,491820.604,20.724,0.108
27/01/2026 04:35:37 PM (UTC+1030),6278722.305,491819.593,20.705,0.108
27/01/2026 04:35:38 PM (UTC+1030),6278721.885,491818.589,20.646,0.108
27/01/2026 04:35:39 PM (UTC+1030),6278721.45,491817.559,20.644,0.108
27/01/2026 04:35:40 PM (UTC+1030),6278720.997,491816.614,20.623,0.105
27/01/2026 04:35:41 PM (UTC+1030),6278720.525,491815.767,20.593,0.107
27/01/2026 04:35:42 PM (UTC+1030),6278720.07,491814.778,20.566,0.107
27/01/2026 04:35:43 PM (UTC+1030),6278719.646,491813.795,20.471,0.107
27/01/2026 04:35:44 PM (UTC+1030),6278719.343,491812.792,20.454,0.108
27/01/2026 04:35:45 PM (UTC+1030),6278719.047,491811.805,20.416,0.107
27/01/2026 04:35:46 PM (UTC+1030),6278718.691,491810.877,20.377,0.11
27/01/2026 04:35:47 PM (UTC+1030),6278718.261,491809.905,20.374,0.11
27/01/2026 04:35:48 PM (UTC+1030),6278717.828,491808.97,20.278,0.11
27/01/2026 04:35:49 PM (UTC+1030),6278717.501,491807.961,20.287,0.108
27/01/2026 04:35:50 PM (UTC+1030),6278717.11,491806.964,20.205,0.108
27/01/2026 04:35:51 PM (UTC+1030),6278716.796,491806.011,20.207,0.11
27/01/2026 04:35:52 PM (UTC+1030),6278716.451,491804.988,20.172,0.11
27/01/2026 04:35:53 PM (UTC+1030),6278715.989,491803.954,20.081,0.108
27/01/2026 04:35:54 PM (UTC+1030),6278715.658,491803.002,20.103,0.11
27/01/2026 04:35:55 PM (UTC+1030),6278715.276,491802.005,20.027,0.11
27/01/2026 04:35:56 PM (UTC+1030),6278714.869,491801.057,20.011,0.11
27/01/2026 04:35:57 PM (UTC+1030),6278714.522,491800.056,20.006,0.11
27/01/2026 04:35:58 PM (UTC+1030),6278714.303,491798.957,19.93,0.11
27/01/2026 04:35:59 PM (UTC+1030),6278714.011,491797.913,19.94,0.112
27/01/2026 04:36:00 PM (UTC+1030),6278713.628,491796.878,19.849,0.108
27/01/2026 04:36:01 PM (UTC+1030),6278713.282,491795.852,19.854,0.113
27/01/2026 04:36:02 PM (UTC+1030),6278712.995,491794.817,19.843,0.112
27/01/2026 04:36:03 PM (UTC+1030),6278712.654,491793.791,19.756,0.112
27/01/2026 04:36:04 PM (UTC+1030),6278712.356,491792.766,19.74,0.114
27/01/2026 04:36:05 PM (UTC+1030),6278711.876,491791.776,19.688,0.114
27/01/2026 04:36:06 PM (UTC+1030),6278711.395,491790.815,19.64,0.114
27/01/2026 04:36:07 PM (UTC+1030),6278711.056,491789.769,19.664,0.112
27/01/2026 04:36:08 PM (UTC+1030),6278710.767,491788.716,19.634,0.114
27/01/2026 04:36:09 PM (UTC+1030),6278710.484,491787.627,19.598,0.108
27/01/2026 04:36:10 PM (UTC+1030),6278710.128,491786.516,19.61,0.108
27/01/2026 04:36:11 PM (UTC+1030),6278709.808,491785.408,19.501,0.112
27/01/2026 04:36:12 PM (UTC+1030),6278709.499,491784.308,19.507,0.11
27/01/2026 04:36:13 PM (UTC+1030),6278709.223,491783.219,19.511,0.11
27/01/2026 04:36:14 PM (UTC+1030),6278708.929,491782.098,19.408,0.112
27/01/2026 04:36:15 PM (UTC+1030),6278708.678,491780.927,19.412,0.108
27/01/2026 04:36:16 PM (UTC+1030),6278708.469,491779.831,19.399,0.11
27/01/2026 04:36:17 PM (UTC+1030),6278708.233,491778.699,19.351,0.11
27/01/2026 04:36:18 PM (UTC+1030),6278708.089,491777.511,19.371,0.11
27/01/2026 04:36:19 PM (UTC+1030),6278707.872,491776.373,19.32,0.108
27/01/2026 04:36:20 PM (UTC+1030),6278707.661,491775.291,19.272,0.108
27/01/2026 04:36:21 PM (UTC+1030),6278707.502,491774.241,19.282,0.108
27/01/2026 04:36:22 PM (UTC+1030),6278707.37,491773.097,19.204,0.108
27/01/2026 04:36:23 PM (UTC+1030),6278707.171,491771.995,19.198,0.111
27/01/2026 04:36:24 PM (UTC+1030),6278706.875,491770.899,19.205,0.111
27/01/2026 04:36:25 PM (UTC+1030),6278706.595,491769.849,19.157,0.109
27/01/2026 04:36:26 PM (UTC+1030),6278706.417,491768.705,19.133,0.111
27/01/2026 04:36:27 PM (UTC+1030),6278706.301,491767.621,19.171,0.111
27/01/2026 04:36:28 PM (UTC+1030),6278706.166,491766.517,19.081,0.111
27/01/2026 04:36:29 PM (UTC+1030),6278706.076,491765.405,19.068,0.109
27/01/2026 04:36:30 PM (UTC+1030),6278705.94,491764.329,19.083,0.109
27/01/2026 04:36:31 PM (UTC+1030),6278705.724,491763.262,19.025,0.108
27/01/2026 04:36:32 PM (UTC+1030),6278705.58,491762.142,19.034,0.108
27/01/2026 04:36:33 PM (UTC+1030),6278705.377,491761.064,19.035,0.108
27/01/2026 04:36:34 PM (UTC+1030),6278705.129,491759.962,18.981,0.108
27/01/2026 04:36:35 PM (UTC+1030),6278704.948,491758.917,18.987,0.107
27/01/2026 04:36:36 PM (UTC+1030),6278704.697,491757.844,18.974,0.107
27/01/2026 04:36:37 PM (UTC+1030),6278704.519,491756.715,18.917,0.108
27/01/2026 04:36:38 PM (UTC+1030),6278704.334,491755.563,18.95,0.108
27/01/2026 04:36:39 PM (UTC+1030),6278704.016,491754.483,18.94,0.107
27/01/2026 04:36:40 PM (UTC+1030),6278703.629,491753.394,18.852,0.107
27/01/2026 04:36:41 PM (UTC+1030),6278703.233,491752.379,18.859,0.108
27/01/2026 04:36:42 PM (UTC+1030),6278703.003,491751.299,18.866,0.108
27/01/2026 04:36:43 PM (UTC+1030),6278702.793,491750.18,18.82,0.108
27/01/2026 04:36:44 PM (UTC+1030),6278702.748,491749.051,18.784,0.108
27/01/2026 04:36:45 PM (UTC+1030),6278702.535,491747.996,18.783,0.107
27/01/2026 04:36:46 PM (UTC+1030),6278702.428,491746.957,18.72,0.108
27/01/2026 04:36:47 PM (UTC+1030),6278702.296,491745.931,18.747,0.108
27/01/2026 04:36:48 PM (UTC+1030),6278702.064,491744.875,18.767,0.108
27/01/2026 04:36:49 PM (UTC+1030),6278701.772,491743.827,18.707,0.108
27/01/2026 04:36:50 PM (UTC+1030),6278701.475,491742.759,18.708,0.107
27/01/2026 04:36:51 PM (UTC+1030),6278701.236,491741.625,18.732,0.11
27/01/2026 04:36:52 PM (UTC+1030),6278700.937,491740.594,18.661,0.11
27/01/2026 04:36:53 PM (UTC+1030),6278700.708,491739.492,18.674,0.108
27/01/2026 04:36:54 PM (UTC+1030),6278700.566,491738.313,18.663,0.11
27/01/2026 04:36:55 PM (UTC+1030),6278700.405,491737.277,18.621,0.108
27/01/2026 04:36:56 PM (UTC+1030),6278700.226,491736.154,18.62,0.11
27/01/2026 04:36:57 PM (UTC+1030),6278700.005,491735.042,18.667,0.108
27/01/2026 04:36:58 PM (UTC+1030),6278699.741,491733.944,18.6,0.11
27/01/2026 04:36:59 PM (UTC+1030),6278699.385,491732.883,18.639,0.107
27/01/2026 04:37:00 PM (UTC+1030),6278699.161,491731.81,18.657,0.107
27/01/2026 04:37:01 PM (UTC+1030),6278698.952,491730.731,18.588,0.11
27/01/2026 04:37:02 PM (UTC+1030),6278698.756,491729.612,18.628,0.11
27/01/2026 04:37:03 PM (UTC+1030),6278698.448,491728.548,18.648,0.11
27/01/2026 04:37:04 PM (UTC+1030),6278698.11,491727.514,18.588,0.107
27/01/2026 04:37:05 PM (UTC+1030),6278697.662,491726.425,18.606,0.107
27/01/2026 04:37:06 PM (UTC+1030),6278697.409,491725.47,18.628,0.108
27/01/2026 04:37:07 PM (UTC+1030),6278697.18,491724.39,18.572,0.11
27/01/2026 04:37:08 PM (UTC+1030),6278697.098,491723.308,18.635,0.107
27/01/2026 04:37:09 PM (UTC+1030),6278696.9,491722.264,18.582,0.107
27/01/2026 04:37:10 PM (UTC+1030),6278696.538,491721.232,18.616,0.108
27/01/2026 04:37:11 PM (UTC+1030),6278696.185,491720.207,18.629,0.112
27/01/2026 04:37:12 PM (UTC+1030),6278695.948,491719.149,18.575,0.112
27/01/2026 04:37:13 PM (UTC+1030),6278695.732,491718.078,18.624,0.114
27/01/2026 04:37:14 PM (UTC+1030),6278695.574,491717.02,18.599,0.114
27/01/2026 04:37:15 PM (UTC+1030),6278695.41,491715.95,18.625,0.108
27/01/2026 04:37:16 PM (UTC+1030),6278695.18,491714.904,18.684,0.11
27/01/2026 04:37:17 PM (UTC+1030),6278694.919,491713.844,18.62,0.11
27/01/2026 04:37:18 PM (UTC+1030),6278694.706,491712.787,18.668,0.11
27/01/2026 04:37:19 PM (UTC+1030),6278694.425,491711.724,18.681,0.107
27/01/2026 04:37:20 PM (UTC+1030),6278694.171,491710.752,18.681,0.108
27/01/2026 04:37:21 PM (UTC+1030),6278694.12,491709.693,18.741,0.11
27/01/2026 04:37:22 PM (UTC+1030),6278693.876,491708.65,18.682,0.112
27/01/2026 04:37:23 PM (UTC+1030),6278693.638,491707.61,18.709,0.11
27/01/2026 04:37:24 PM (UTC+1030),6278693.414,491706.658,18.724,0.112
27/01/2026 04:37:25 PM (UTC+1030),6278693.099,491705.703,18.726,0.108
27/01/2026 04:37:26 PM (UTC+1030),6278692.722,491704.669,18.766,0.112
27/01/2026 04:37:27 PM (UTC+1030),6278692.465,491703.681,18.718,0.112
27/01/2026 04:37:28 PM (UTC+1030),6278692.326,491702.625,18.756,0.114
27/01/2026 04:37:29 PM (UTC+1030),6278692.157,491701.637,18.752,0.108
27/01/2026 04:37:30 PM (UTC+1030),6278691.886,491700.664,18.784,0.108
27/01/2026 04:37:31 PM (UTC+1030),6278691.654,491699.696,18.832,0.11
27/01/2026 04:37:32 PM (UTC+1030),6278691.378,491698.742,18.793,0.107
27/01/2026 04:37:33 PM (UTC+1030),6278691.184,491697.779,18.848,0.107
27/01/2026 04:37:34 PM (UTC+1030),6278690.944,491696.808,18.839,0.108
27/01/2026 04:37:35 PM (UTC+1030),6278690.66,491695.932,18.912,0.107
27/01/2026 04:37:36 PM (UTC+1030),6278690.39,491694.95,18.939,0.108
27/01/2026 04:37:37 PM (UTC+1030),6278690.251,491694.06,18.935,0.107
27/01/2026 04:37:38 PM (UTC+1030),6278690.038,491693.084,19.013,0.108
27/01/2026 04:37:39 PM (UTC+1030),6278689.811,491692.185,18.991,0.107
27/01/2026 04:37:40 PM (UTC+1030),6278689.48,491691.366,19.076,0.107
27/01/2026 04:37:41 PM (UTC+1030),6278689.178,491690.467,19.05,0.107
27/01/2026 04:37:42 PM (UTC+1030),6278688.945,491689.66,19.105,0.107
27/01/2026 04:37:43 PM (UTC+1030),6278688.77,491688.776,19.081,0.108
27/01/2026 04:37:44 PM (UTC+1030),6278688.526,491687.89,19.148,0.105
27/01/2026 04:37:45 PM (UTC+1030),6278688.419,491687.055,19.114,0.107
27/01/2026 04:37:46 PM (UTC+1030),6278688.166,491686.189,19.143,0.108
27/01/2026 04:37:47 PM (UTC+1030),6278687.889,491685.39,19.186,0.107
27/01/2026 04:37:48 PM (UTC+1030),6278687.745,491684.446,19.15,0.107
27/01/2026 04:37:49 PM (UTC+1030),6278687.62,491683.537,19.23,0.105
27/01/2026 04:37:50 PM (UTC+1030),6278687.35,491682.655,19.182,0.105
27/01/2026 04:37:51 PM (UTC+1030),6278687.149,491681.739,19.258,0.107
27/01/2026 04:37:52 PM (UTC+1030),6278687.051,491680.862,19.256,0.107
27/01/2026 04:37:53 PM (UTC+1030),6278686.715,491679.968,19.224,0.105
27/01/2026 04:37:54 PM (UTC+1030),6278686.414,491679.084,19.296,0.107
27/01/2026 04:37:55 PM (UTC+1030),6278686.282,491678.067,19.285,0.107
27/01/2026 04:37:56 PM (UTC+1030),6278686.131,491677.11,19.321,0.11
27/01/2026 04:37:57 PM (UTC+1030),6278685.873,491676.182,19.321,0.108
27/01/2026 04:37:58 PM (UTC+1030),6278685.634,491675.35,19.384,0.108
27/01/2026 04:37:59 PM (UTC+1030),6278685.362,491674.416,19.37,0.107
27/01/2026 04:38:00 PM (UTC+1030),6278685.343,491673.551,19.413,0.108
27/01/2026 04:38:01 PM (UTC+1030),6278685.1,491672.683,19.38,0.11
27/01/2026 04:38:02 PM (UTC+1030),6278684.784,491671.777,19.432,0.11
27/01/2026 04:38:03 PM (UTC+1030),6278684.599,491670.888,19.415,0.11
27/01/2026 04:38:04 PM (UTC+1030),6278684.317,491669.909,19.465,0.11
27/01/2026 04:38:05 PM (UTC+1030),6278684.15,491668.947,19.425,0.107
27/01/2026 04:38:06 PM (UTC+1030),6278684.085,491668.02,19.462,0.108
27/01/2026 04:38:07 PM (UTC+1030),6278683.91,491667.06,19.405,0.11
27/01/2026 04:38:08 PM (UTC+1030),6278683.646,491666.08,19.425,0.11
27/01/2026 04:38:09 PM (UTC+1030),6278683.455,491665.131,19.358,0.107
27/01/2026 04:38:10 PM (UTC+1030),6278683.289,491664.23,19.414,0.107
27/01/2026 04:38:11 PM (UTC+1030),6278683.032,491663.23,19.342,0.108
27/01/2026 04:38:12 PM (UTC+1030),6278682.821,491662.206,19.365,0.108
27/01/2026 04:38:13 PM (UTC+1030),6278682.659,491661.14,19.342,0.108
27/01/2026 04:38:14 PM (UTC+1030),6278682.447,491660.174,19.321,0.108
27/01/2026 04:38:15 PM (UTC+1030),6278682.164,491659.148,19.324,0.107
27/01/2026 04:38:16 PM (UTC+1030),6278681.891,491658.114,19.265,0.108
27/01/2026 04:38:17 PM (UTC+1030),6278681.584,491657.056,19.285,0.108
27/01/2026 04:38:18 PM (UTC+1030),6278681.329,491656.019,19.21,0.11
27/01/2026 04:38:19 PM (UTC+1030),6278681.183,491654.965,19.202,0.107
27/01/2026 04:38:20 PM (UTC+1030),6278681.059,491653.934,19.101,0.107
27/01/2026 04:38:21 PM (UTC+1030),6278680.898,491652.891,19.114,0.107
27/01/2026 04:38:22 PM (UTC+1030),6278680.685,491651.882,19.035,0.107
27/01/2026 04:38:23 PM (UTC+1030),6278680.48,491650.765,18.97,0.107
27/01/2026 04:38:24 PM (UTC+1030),6278680.308,491649.732,18.965,0.107
27/01/2026 04:38:25 PM (UTC+1030),6278680.074,491648.682,18.842,0.105
27/01/2026 04:38:26 PM (UTC+1030),6278679.943,491647.655,18.797,0.105
27/01/2026 04:38:27 PM (UTC+1030),6278679.748,491646.621,18.725,0.105
27/01/2026 04:38:28 PM (UTC+1030),6278679.481,491645.594,18.636,0.107
27/01/2026 04:38:29 PM (UTC+1030),6278679.31,491644.533,18.606,0.105
27/01/2026 04:38:30 PM (UTC+1030),6278679.219,491643.513,18.514,0.105
27/01/2026 04:38:31 PM (UTC+1030),6278679.149,491642.421,18.447,0.107
27/01/2026 04:38:32 PM (UTC+1030),6278678.988,491641.35,18.449,0.105
27/01/2026 04:38:33 PM (UTC+1030),6278678.727,491640.291,18.354,0.105
27/01/2026 04:38:34 PM (UTC+1030),6278678.501,491639.246,18.318,0.107
27/01/2026 04:38:35 PM (UTC+1030),6278678.276,491638.233,18.251,0.104
27/01/2026 04:38:36 PM (UTC+1030),6278678.117,491637.138,18.184,0.107
27/01/2026 04:38:37 PM (UTC+1030),6278677.904,491636.096,18.13,0.107
27/01/2026 04:38:38 PM (UTC+1030),6278677.654,491635.065,18.041,0.107
27/01/2026 04:38:39 PM (UTC+1030),6278677.495,491633.954,18.033,0.106
27/01/2026 04:38:40 PM (UTC+1030),6278677.361,491632.887,17.944,0.106
27/01/2026 04:38:41 PM (UTC+1030),6278677.17,491631.735,17.862,0.109
27/01/2026 04:38:42 PM (UTC+1030),6278676.805,491630.675,17.833,0.109
27/01/2026 04:38:43 PM (UTC+1030),6278676.565,491629.544,17.705,0.109
27/01/2026 04:38:44 PM (UTC+1030),6278676.26,491628.446,17.684,0.107
27/01/2026 04:38:45 PM (UTC+1030),6278675.984,491627.337,17.634,0.107
27/01/2026 04:38:46 PM (UTC+1030),6278675.721,491626.211,17.521,0.111
27/01/2026 04:38:47 PM (UTC+1030),6278675.451,491625.118,17.505,0.109
27/01/2026 04:38:48 PM (UTC+1030),6278675.1,491623.97,17.413,0.109
27/01/2026 04:38:49 PM (UTC+1030),6278674.822,491622.92,17.326,0.107
27/01/2026 04:38:50 PM (UTC+1030),6278674.621,491621.827,17.279,0.107
27/01/2026 04:38:51 PM (UTC+1030),6278674.424,491620.708,17.224,0.109
27/01/2026 04:38:52 PM (UTC+1030),6278674.291,491619.589,17.15,0.107
27/01/2026 04:38:53 PM (UTC+1030),6278674,491618.446,17.11,0.109
27/01/2026 04:38:54 PM (UTC+1030),6278673.647,491617.406,17.014,0.109
27/01/2026 04:38:55 PM (UTC+1030),6278673.18,491616.467,16.962,0.107
27/01/2026 04:38:56 PM (UTC+1030),6278672.781,491615.398,16.933,0.109
27/01/2026 04:38:57 PM (UTC+1030),6278672.437,491614.377,16.82,0.107
27/01/2026 04:38:58 PM (UTC+1030),6278672.104,491613.29,16.823,0.107
27/01/2026 04:38:59 PM (UTC+1030),6278671.784,491612.268,16.778,0.105
27/01/2026 04:39:00 PM (UTC+1030),6278671.428,491611.277,16.706,0.105
27/01/2026 04:39:01 PM (UTC+1030),6278671.014,491610.209,16.684,0.107
27/01/2026 04:39:02 PM (UTC+1030),6278670.608,491609.172,16.625,0.107
27/01/2026 04:39:03 PM (UTC+1030),6278670.245,491608.175,16.56,0.107
27/01/2026 04:39:04 PM (UTC+1030),6278669.918,491607.105,16.562,0.107
27/01/2026 04:39:05 PM (UTC+1030),6278669.577,491606.041,16.445,0.107
27/01/2026 04:39:06 PM (UTC+1030),6278669.345,491605.03,16.427,0.108
27/01/2026 04:39:07 PM (UTC+1030),6278669.058,491604.014,16.402,0.11
27/01/2026 04:39:08 PM (UTC+1030),6278668.729,491603.037,16.307,0.107
27/01/2026 04:39:09 PM (UTC+1030),6278668.492,491602.038,16.316,0.109
27/01/2026 04:39:10 PM (UTC+1030),6278668.198,491601.058,16.241,0.109
27/01/2026 04:39:11 PM (UTC+1030),6278667.902,491600.053,16.252,0.111
27/01/2026 04:39:12 PM (UTC+1030),6278667.656,491599.041,16.177,0.111
27/01/2026 04:39:13 PM (UTC+1030),6278667.404,491598.034,16.169,0.111
27/01/2026 04:39:14 PM (UTC+1030),6278667.169,491597.024,16.119,0.111
27/01/2026 04:39:15 PM (UTC+1030),6278666.924,491595.984,16.088,0.106
27/01/2026 04:39:16 PM (UTC+1030),6278666.678,491594.965,16.079,0.108
27/01/2026 04:39:17 PM (UTC+1030),6278666.456,491593.904,16.014,0.107
27/01/2026 04:39:18 PM (UTC+1030),6278666.168,491592.788,16.014,0.108
27/01/2026 04:39:19 PM (UTC+1030),6278665.825,491591.858,15.949,0.105
27/01/2026 04:39:20 PM (UTC+1030),6278665.512,491590.802,15.904,0.107
27/01/2026 04:39:21 PM (UTC+1030),6278665.255,491589.681,15.878,0.108
27/01/2026 04:39:22 PM (UTC+1030),6278665.044,491588.71,15.793,0.108
27/01/2026 04:39:23 PM (UTC+1030),6278664.875,491587.741,15.8,0.108
27/01/2026 04:39:24 PM (UTC+1030),6278664.58,491586.786,15.738,0.108
27/01/2026 04:39:25 PM (UTC+1030),6278664.226,491585.9,15.738,0.105
27/01/2026 04:39:26 PM (UTC+1030),6278663.902,491584.928,15.669,0.108
27/01/2026 04:39:27 PM (UTC+1030),6278663.591,491583.923,15.667,0.107
27/01/2026 04:39:28 PM (UTC+1030),6278663.298,491582.954,15.653,0.108
27/01/2026 04:39:29 PM (UTC+1030),6278662.988,491582.002,15.602,0.105
27/01/2026 04:39:30 PM (UTC+1030),6278662.66,491581.103,15.628,0.105
27/01/2026 04:39:31 PM (UTC+1030),6278662.406,491580.176,15.55,0.107
27/01/2026 04:39:32 PM (UTC+1030),6278662.211,491579.189,15.576,0.107
27/01/2026 04:39:33 PM (UTC+1030),6278661.947,491578.27,15.528,0.107
27/01/2026 04:39:34 PM (UTC+1030),6278661.684,491577.333,15.541,0.108
27/01/2026 04:39:35 PM (UTC+1030),6278661.56,491576.427,15.46,0.107
27/01/2026 04:39:36 PM (UTC+1030),6278661.462,491575.528,15.476,0.109
27/01/2026 04:39:37 PM (UTC+1030),6278661.357,491574.578,15.422,0.109
27/01/2026 04:39:38 PM (UTC+1030),6278661.164,491573.796,15.45,0.109
27/01/2026 04:39:39 PM (UTC+1030),6278661.001,491572.859,15.442,0.107
27/01/2026 04:39:40 PM (UTC+1030),6278660.878,491571.964,15.455,0.108
27/01/2026 04:39:41 PM (UTC+1030),6278660.633,491571.126,15.435,0.11
27/01/2026 04:39:42 PM (UTC+1030),6278660.462,491570.228,15.451,0.11
27/01/2026 04:39:43 PM (UTC+1030),6278660.325,491569.311,15.416,0.108
27/01/2026 04:39:44 PM (UTC+1030),6278660.117,491568.396,15.436,0.11
27/01/2026 04:39:45 PM (UTC+1030),6278659.75,491567.528,15.403,0.11
27/01/2026 04:39:46 PM (UTC+1030),6278659.39,491566.598,15.441,0.11
27/01/2026 04:39:47 PM (UTC+1030),6278659.236,491565.66,15.395,0.11
27/01/2026 04:39:48 PM (UTC+1030),6278659.082,491564.657,15.423,0.108
27/01/2026 04:39:49 PM (UTC+1030),6278658.907,491563.721,15.373,0.108
27/01/2026 04:39:50 PM (UTC+1030),6278658.681,491562.81,15.413,0.107
27/01/2026 04:39:51 PM (UTC+1030),6278658.533,491561.908,15.377,0.108
27/01/2026 04:39:52 PM (UTC+1030),6278658.364,491560.977,15.414,0.108
27/01/2026 04:39:53 PM (UTC+1030),6278658.203,491560.137,15.399,0.108
27/01/2026 04:39:54 PM (UTC+1030),6278658.037,491559.223,15.436,0.108
27/01/2026 04:39:55 PM (UTC+1030),6278657.919,491558.258,15.403,0.107
27/01/2026 04:39:56 PM (UTC+1030),6278657.627,491557.396,15.416,0.108
27/01/2026 04:39:57 PM (UTC+1030),6278657.513,491556.518,15.394,0.11
27/01/2026 04:39:58 PM (UTC+1030),6278657.581,491555.497,15.397,0.11
27/01/2026 04:39:59 PM (UTC+1030),6278657.669,491554.497,15.361,0.11
27/01/2026 04:40:00 PM (UTC+1030),6278657.624,491553.491,15.404,0.11
27/01/2026 04:40:01 PM (UTC+1030),6278657.431,491552.602,15.373,0.112
27/01/2026 04:40:02 PM (UTC+1030),6278657.246,491551.821,15.42,0.112
27/01/2026 04:40:03 PM (UTC+1030),6278657.162,491551.05,15.431,0.11
27/01/2026 04:40:04 PM (UTC+1030),6278656.837,491550.278,15.423,0.11
27/01/2026 04:40:05 PM (UTC+1030),6278656.59,491549.461,15.433,0.11
27/01/2026 04:40:06 PM (UTC+1030),6278656.378,491548.675,15.443,0.114
27/01/2026 04:40:07 PM (UTC+1030),6278656.152,491547.793,15.411,0.11
27/01/2026 04:40:08 PM (UTC+1030),6278655.956,491546.851,15.449,0.11
27/01/2026 04:40:09 PM (UTC+1030),6278655.899,491546.052,15.428,0.108
27/01/2026 04:40:10 PM (UTC+1030),6278655.856,491545.157,15.432,0.108
27/01/2026 04:40:11 PM (UTC+1030),6278655.729,491544.333,15.491,0.11
27/01/2026 04:40:12 PM (UTC+1030),6278655.733,491543.365,15.431,0.112
27/01/2026 04:40:13 PM (UTC+1030),6278655.782,491542.472,15.496,0.112
27/01/2026 04:40:14 PM (UTC+1030),6278655.5,491541.767,15.496,0.112
27/01/2026 04:40:15 PM (UTC+1030),6278655.134,491540.906,15.473,0.107
27/01/2026 04:40:16 PM (UTC+1030),6278654.905,491540.029,15.528,0.11
27/01/2026 04:40:17 PM (UTC+1030),6278654.535,491539.228,15.506,0.114
27/01/2026 04:40:18 PM (UTC+1030),6278654.045,491538.523,15.57,0.114
27/01/2026 04:40:19 PM (UTC+1030),6278653.575,491537.749,15.559,0.107
27/01/2026 04:40:20 PM (UTC+1030),6278652.979,491537.039,15.617,0.108
27/01/2026 04:40:21 PM (UTC+1030),6278652.434,491536.371,15.626,0.11
27/01/2026 04:40:22 PM (UTC+1030),6278652.045,491535.487,15.628,0.11
27/01/2026 04:40:23 PM (UTC+1030),6278651.711,491534.618,15.662,0.108
27/01/2026 04:40:24 PM (UTC+1030),6278651.644,491533.759,15.673,0.108
27/01/2026 04:40:25 PM (UTC+1030),6278651.541,491532.978,15.698,0.107
27/01/2026 04:40:26 PM (UTC+1030),6278651.342,491532.106,15.675,0.108
27/01/2026 04:40:27 PM (UTC+1030),6278651.024,491531.265,15.735,0.108
27/01/2026 04:40:28 PM (UTC+1030),6278650.63,491530.449,15.726,0.108
27/01/2026 04:40:29 PM (UTC+1030),6278650.395,491529.588,15.76,0.107
27/01/2026 04:40:30 PM (UTC+1030),6278650.162,491528.611,15.732,0.107
27/01/2026 04:40:31 PM (UTC+1030),6278649.843,491527.746,15.741,0.107
27/01/2026 04:40:32 PM (UTC+1030),6278649.56,491526.918,15.792,0.107
27/01/2026 04:40:33 PM (UTC+1030),6278649.487,491525.966,15.731,0.107
27/01/2026 04:40:34 PM (UTC+1030),6278649.395,491524.978,15.802,0.107
27/01/2026 04:40:35 PM (UTC+1030),6278649.255,491524.042,15.768,0.105
27/01/2026 04:40:36 PM (UTC+1030),6278649.133,491523.056,15.804,0.107
27/01/2026 04:40:37 PM (UTC+1030),6278649.157,491522.084,15.758,0.107
27/01/2026 04:40:38 PM (UTC+1030),6278649.043,491521.233,15.794,0.108
27/01/2026 04:40:39 PM (UTC+1030),6278648.745,491520.627,15.791,0.103
27/01/2026 04:40:40 PM (UTC+1030),6278648.599,491519.776,15.774,0.103
27/01/2026 04:40:41 PM (UTC+1030),6278648.479,491518.889,15.809,0.107
27/01/2026 04:40:42 PM (UTC+1030),6278648.241,491518.163,15.813,0.107
27/01/2026 04:40:43 PM (UTC+1030),6278648.193,491517.302,15.785,0.107
27/01/2026 04:40:44 PM (UTC+1030),6278648.116,491516.362,15.865,0.107
27/01/2026 04:40:45 PM (UTC+1030),6278648.136,491515.491,15.873,0.105
27/01/2026 04:40:46 PM (UTC+1030),6278648.133,491514.571,15.911,0.107
27/01/2026 04:40:47 PM (UTC+1030),6278648.084,491513.68,15.904,0.105
27/01/2026 04:40:48 PM (UTC+1030),6278647.955,491512.771,15.831,0.107
27/01/2026 04:40:49 PM (UTC+1030),6278647.862,491511.941,15.892,0.105
27/01/2026 04:40:50 PM (UTC+1030),6278647.917,491511.006,15.846,0.105
27/01/2026 04:40:51 PM (UTC+1030),6278647.905,491510.171,15.889,0.107
27/01/2026 04:40:52 PM (UTC+1030),6278647.807,491509.41,15.859,0.107
27/01/2026 04:40:53 PM (UTC+1030),6278647.744,491508.613,15.868,0.107
27/01/2026 04:40:54 PM (UTC+1030),6278647.599,491508.233,15.893,0.107
27/01/2026 04:40:55 PM (UTC+1030),6278647.577,491507.835,15.869,0.109
27/01/2026 04:40:56 PM (UTC+1030),6278647.718,491507.291,15.909,0.109
27/01/2026 04:40:57 PM (UTC+1030),6278647.969,491506.958,15.919,0.109
27/01/2026 04:40:58 PM (UTC+1030),6278648.07,491506.723,15.895,0.111
27/01/2026 04:40:59 PM (UTC+1030),6278648.375,491506.279,15.931,0.106
27/01/2026 04:41:00 PM (UTC+1030),6278648.488,491506.076,15.942,0.106
27/01/2026 04:41:01 PM (UTC+1030),6278648.517,491506.012,15.936,0.109
27/01/2026 04:41:02 PM (UTC+1030),6278648.401,491505.492,15.897,0.109
27/01/2026 04:41:03 PM (UTC+1030),6278648.323,491504.651,15.947,0.107
27/01/2026 04:41:04 PM (UTC+1030),6278648.344,491503.667,15.885,0.107
27/01/2026 04:41:05 PM (UTC+1030),6278648.384,491502.787,15.948,0.106
27/01/2026 04:41:06 PM (UTC+1030),6278648.348,491501.929,15.898,0.107
27/01/2026 04:41:07 PM (UTC+1030),6278648.297,491500.967,15.969,0.109
27/01/2026 04:41:08 PM (UTC+1030),6278648.377,491499.95,15.911,0.103
27/01/2026 04:41:09 PM (UTC+1030),6278648.403,491498.922,15.955,0.105
27/01/2026 04:41:10 PM (UTC+1030),6278648.251,491498.039,15.93,0.105
27/01/2026 04:41:11 PM (UTC+1030),6278648.227,491497.129,16.007,0.107
27/01/2026 04:41:12 PM (UTC+1030),6278648.258,491496.156,15.966,0.109
27/01/2026 04:41:13 PM (UTC+1030),6278648.181,491495.114,15.965,0.107
27/01/2026 04:41:14 PM (UTC+1030),6278648.144,491494.35,15.995,0.109
27/01/2026 04:41:15 PM (UTC+1030),6278648.01,491493.36,15.949,0.106
27/01/2026 04:41:16 PM (UTC+1030),6278647.94,491492.457,15.989,0.109
27/01/2026 04:41:17 PM (UTC+1030),6278647.813,491491.791,15.943,0.109
27/01/2026 04:41:18 PM (UTC+1030),6278647.568,491491.571,15.99,0.111
27/01/2026 04:41:19 PM (UTC+1030),6278647.48,491491.406,15.959,0.109
27/01/2026 04:41:20 PM (UTC+1030),6278647.336,491490.507,15.916,0.109
27/01/2026 04:41:21 PM (UTC+1030),6278646.978,491489.548,15.922,0.111
27/01/2026 04:41:22 PM (UTC+1030),6278646.626,491488.531,15.85,0.111
27/01/2026 04:41:23 PM (UTC+1030),6278646.358,491487.516,15.88,0.106
27/01/2026 04:41:24 PM (UTC+1030),6278646.336,491486.892,15.84,0.107
27/01/2026 04:41:25 PM (UTC+1030),6278646.174,491486.466,15.874,0.107
27/01/2026 04:41:26 PM (UTC+1030),6278646.264,491486.44,15.88,0.109
27/01/2026 04:41:27 PM (UTC+1030),6278646.257,491486.426,15.87,0.111
27/01/2026 04:41:28 PM (UTC+1030),6278646.226,491486.444,15.875,0.109
27/01/2026 04:41:29 PM (UTC+1030),6278646.227,491486.439,15.838,0.104
27/01/2026 04:41:30 PM (UTC+1030),6278646.222,491486.421,15.834,0.106
27/01/2026 04:41:31 PM (UTC+1030),6278646.23,491486.418,15.859,0.082
27/01/2026 04:41:32 PM (UTC+1030),6278646.224,491486.432,15.855,0.08
27/01/2026 04:41:33 PM (UTC+1030),6278646.236,491486.408,15.857,0.08
27/01/2026 04:41:34 PM (UTC+1030),6278646.233,491486.429,15.855,0.08
27/01/2026 04:41:35 PM (UTC+1030),6278646.224,491486.419,15.857,0.08
27/01/2026 04:41:36 PM (UTC+1030),6278646.223,491486.415,15.862,0.082
27/01/2026 04:41:37 PM (UTC+1030),6278646.237,491486.408,15.864,0.082
27/01/2026 04:41:38 PM (UTC+1030),6278646.343,491486.292,15.841,0.082
27/01/2026 04:41:39 PM (UTC+1030),6278646.097,491485.622,15.847,0.083
27/01/2026 04:41:40 PM (UTC+1030),6278645.948,491484.834,15.764,0.085
27/01/2026 04:41:41 PM (UTC+1030),6278645.678,491484.024,15.848,0.089
27/01/2026 04:41:42 PM (UTC+1030),6278645.35,491483.223,15.818,0.089
27/01/2026 04:41:43 PM (UTC+1030),6278645.004,491482.316,15.853,0.103
27/01/2026 04:41:44 PM (UTC+1030),6278644.613,491481.406,15.813,0.103
27/01/2026 04:41:45 PM (UTC+1030),6278644.233,491480.611,15.838,0.105
27/01/2026 04:41:46 PM (UTC+1030),6278643.826,491479.817,15.847,0.108
27/01/2026 04:41:47 PM (UTC+1030),6278643.631,491478.883,15.819,0.11
27/01/2026 04:41:48 PM (UTC+1030),6278643.578,491477.857,15.826,0.11
27/01/2026 04:41:49 PM (UTC+1030),6278643.231,491476.992,15.821,0.108
27/01/2026 04:41:50 PM (UTC+1030),6278642.894,491476.198,15.864,0.108
27/01/2026 04:41:51 PM (UTC+1030),6278642.664,491475.38,15.899,0.11
27/01/2026 04:41:52 PM (UTC+1030),6278642.544,491474.627,15.863,0.11
27/01/2026 04:41:53 PM (UTC+1030),6278642.256,491473.817,15.803,0.108
27/01/2026 04:41:54 PM (UTC+1030),6278642.116,491472.992,15.845,0.108
27/01/2026 04:41:55 PM (UTC+1030),6278642.094,491472.133,15.776,0.108
27/01/2026 04:41:56 PM (UTC+1030),6278641.895,491471.255,15.784,0.11
27/01/2026 04:41:57 PM (UTC+1030),6278641.616,491470.544,15.82,0.11
27/01/2026 04:41:58 PM (UTC+1030),6278641.479,491469.686,15.766,0.112
27/01/2026 04:41:59 PM (UTC+1030),6278641.622,491468.93,15.782,0.112
27/01/2026 04:42:00 PM (UTC+1030),6278641.577,491468.161,15.762,0.108
27/01/2026 04:42:01 PM (UTC+1030),6278641.511,491467.382,15.68,0.111
27/01/2026 04:42:02 PM (UTC+1030),6278641.218,491466.606,15.712,0.113
27/01/2026 04:42:03 PM (UTC+1030),6278640.851,491465.89,15.738,0.113
27/01/2026 04:42:04 PM (UTC+1030),6278640.621,491465.004,15.651,0.113
27/01/2026 04:42:05 PM (UTC+1030),6278640.325,491464.122,15.69,0.109
27/01/2026 04:42:06 PM (UTC+1030),6278639.922,491463.299,15.612,0.111
27/01/2026 04:42:07 PM (UTC+1030),6278639.514,491462.584,15.632,0.111
27/01/2026 04:42:08 PM (UTC+1030),6278639.189,491461.825,15.597,0.111
27/01/2026 04:42:09 PM (UTC+1030),6278639.078,491461.074,15.598,0.109
27/01/2026 04:42:10 PM (UTC+1030),6278639.01,491460.224,15.487,0.109
27/01/2026 04:42:11 PM (UTC+1030),6278639.064,491459.298,15.46,0.109
27/01/2026 04:42:12 PM (UTC+1030),6278639.118,491458.377,15.42,0.111
27/01/2026 04:42:13 PM (UTC+1030),6278638.685,491457.75,15.397,0.109
27/01/2026 04:42:14 PM (UTC+1030),6278638.126,491456.967,15.404,0.108
27/01/2026 04:42:15 PM (UTC+1030),6278637.754,491456.096,15.308,0.109
27/01/2026 04:42:16 PM (UTC+1030),6278637.654,491455.189,15.258,0.109
27/01/2026 04:42:17 PM (UTC+1030),6278637.405,491454.259,15.225,0.109
27/01/2026 04:42:18 PM (UTC+1030),6278636.989,491453.413,15.178,0.109
27/01/2026 04:42:19 PM (UTC+1030),6278636.639,491452.747,15.193,0.105
27/01/2026 04:42:20 PM (UTC+1030),6278636.433,491452,15.139,0.107
27/01/2026 04:42:21 PM (UTC+1030),6278636.105,491451.091,15.079,0.108
27/01/2026 04:42:22 PM (UTC+1030),6278635.859,491450.141,15.035,0.108
27/01/2026 04:42:23 PM (UTC+1030),6278635.51,491449.282,15.01,0.109
27/01/2026 04:42:24 PM (UTC+1030),6278635.19,491448.329,14.903,0.109
27/01/2026 04:42:25 PM (UTC+1030),6278634.876,491447.454,14.906,0.107
27/01/2026 04:42:26 PM (UTC+1030),6278634.553,491446.592,14.795,0.108
27/01/2026 04:42:27 PM (UTC+1030),6278634.462,491445.689,14.785,0.108
27/01/2026 04:42:28 PM (UTC+1030),6278634.819,491444.74,14.661,0.111
27/01/2026 04:42:29 PM (UTC+1030),6278635.233,491443.907,14.607,0.107
27/01/2026 04:42:30 PM (UTC+1030),6278635.385,491443.058,14.513,0.107
27/01/2026 04:42:31 PM (UTC+1030),6278635.284,491442.306,14.505,0.109
27/01/2026 04:42:32 PM (UTC+1030),6278635.181,491441.484,14.433,0.109
27/01/2026 04:42:33 PM (UTC+1030),6278635.129,491440.691,14.388,0.108
27/01/2026 04:42:34 PM (UTC+1030),6278635.108,491439.788,14.345,0.108
27/01/2026 04:42:35 PM (UTC+1030),6278635.097,491438.824,14.315,0.105
27/01/2026 04:42:36 PM (UTC+1030),6278635.143,491437.84,14.212,0.108
27/01/2026 04:42:37 PM (UTC+1030),6278635.097,491436.917,14.156,0.107
27/01/2026 04:42:38 PM (UTC+1030),6278635.02,491436.084,14.058,0.108
27/01/2026 04:42:39 PM (UTC+1030),6278634.903,491435.036,14.016,0.103
27/01/2026 04:42:40 PM (UTC+1030),6278634.869,491433.976,13.921,0.105
27/01/2026 04:42:41 PM (UTC+1030),6278634.855,491432.995,13.894,0.109
27/01/2026 04:42:42 PM (UTC+1030),6278634.711,491431.983,13.806,0.109
27/01/2026 04:42:43 PM (UTC+1030),6278634.434,491431.052,13.757,0.108
27/01/2026 04:42:44 PM (UTC+1030),6278634.17,491430.056,13.753,0.108
27/01/2026 04:42:45 PM (UTC+1030),6278634.091,491429.03,13.658,0.108
27/01/2026 04:42:46 PM (UTC+1030),6278634.04,491428.008,13.657,0.108
27/01/2026 04:42:47 PM (UTC+1030),6278633.942,491426.957,13.497,0.108
27/01/2026 04:42:48 PM (UTC+1030),6278633.743,491426.022,13.505,0.108
27/01/2026 04:42:49 PM (UTC+1030),6278633.685,491425.067,13.421,0.108
27/01/2026 04:42:50 PM (UTC+1030),6278633.668,491424.175,13.431,0.107
27/01/2026 04:42:51 PM (UTC+1030),6278633.578,491423.383,13.35,0.109
27/01/2026 04:42:52 PM (UTC+1030),6278633.489,491422.351,13.27,0.108
27/01/2026 04:42:53 PM (UTC+1030),6278633.401,491421.469,13.267,0.108
27/01/2026 04:42:54 PM (UTC+1030),6278633.105,491420.694,13.134,0.108
27/01/2026 04:42:55 PM (UTC+1030),6278632.748,491420.028,13.09,0.108
27/01/2026 04:42:56 PM (UTC+1030),6278632.536,491419.509,13.018,0.105
27/01/2026 04:42:57 PM (UTC+1030),6278632.222,491419.009,12.891,0.105
27/01/2026 04:42:58 PM (UTC+1030),6278631.863,491418.842,12.802,0.105
27/01/2026 04:42:59 PM (UTC+1030),6278631.476,491418.745,12.673,0.105
27/01/2026 04:43:00 PM (UTC+1030),6278631.249,491418.775,12.583,0.099
27/01/2026 04:43:01 PM (UTC+1030),6278630.99,491418.563,12.494,0.103
27/01/2026 04:43:02 PM (UTC+1030),6278630.85,491418.247,12.356,0.105
27/01/2026 04:43:03 PM (UTC+1030),6278630.39,491418.284,12.262,0.107
27/01/2026 04:43:04 PM (UTC+1030),6278629.947,491418.259,12.202,0.107
27/01/2026 04:43:05 PM (UTC+1030),6278629.889,491418.172,12.154,0.108
27/01/2026 04:43:06 PM (UTC+1030),6278629.635,491418.046,12.056,0.108
27/01/2026 04:43:07 PM (UTC+1030),6278629.672,491417.684,11.889,0.108
27/01/2026 04:43:08 PM (UTC+1030),6278629.542,491417.425,11.799,0.108
27/01/2026 04:43:09 PM (UTC+1030),6278629.723,491417.163,11.748,0.105
27/01/2026 04:43:10 PM (UTC+1030),6278629.906,491416.686,11.692,0.105
27/01/2026 04:43:11 PM (UTC+1030),6278630.354,491416.269,11.63,0.108
27/01/2026 04:43:12 PM (UTC+1030),6278630.685,491415.906,11.568,0.108
27/01/2026 04:43:13 PM (UTC+1030),6278630.975,491415.388,11.518,0.107
27/01/2026 04:43:14 PM (UTC+1030),6278631.472,491414.976,11.393,0.107
27/01/2026 04:43:15 PM (UTC+1030),6278631.783,491414.643,11.522,0.101
27/01/2026 04:43:16 PM (UTC+1030),6278631.735,491414.547,11.507,0.103
27/01/2026 04:43:17 PM (UTC+1030),6278631.689,491414.537,11.471,0.099
27/01/2026 04:43:18 PM (UTC+1030),6278631.766,491414.109,11.293,0.101
27/01/2026 04:43:19 PM (UTC+1030),6278631.593,491413.667,11.139,0.094
27/01/2026 04:43:20 PM (UTC+1030),6278631.462,491413.063,11.047,0.096
27/01/2026 04:43:21 PM (UTC+1030),6278631.464,491412.593,10.976,0.099
27/01/2026 04:43:22 PM (UTC+1030),6278631.693,491412.04,10.966,0.096
27/01/2026 04:43:23 PM (UTC+1030),6278631.9,491411.856,10.921,0.096
27/01/2026 04:43:24 PM (UTC+1030),6278631.943,491411.646,10.891,0.098
27/01/2026 04:43:25 PM (UTC+1030),6278632.373,491411.183,10.837,0.094
27/01/2026 04:43:26 PM (UTC+1030),6278632.778,491410.588,10.751,0.096
27/01/2026 04:43:27 PM (UTC+1030),6278633.107,491409.922,10.702,0.094
27/01/2026 04:43:28 PM (UTC+1030),6278633.486,491409.247,10.638,0.096
27/01/2026 04:43:29 PM (UTC+1030),6278633.95,491408.611,10.589,0.092
27/01/2026 04:43:30 PM (UTC+1030),6278634.31,491408.024,10.535,0.092
27/01/2026 04:43:31 PM (UTC+1030),6278634.812,491407.317,10.587,0.098
27/01/2026 04:43:32 PM (UTC+1030),6278635.242,491406.738,10.618,0.099
27/01/2026 04:43:33 PM (UTC+1030),6278635.568,491406.086,10.627,0.099
27/01/2026 04:43:34 PM (UTC+1030),6278635.535,491405.453,10.521,0.098
27/01/2026 04:43:35 PM (UTC+1030),6278635.435,491404.777,10.434,0.098
27/01/2026 04:43:36 PM (UTC+1030),6278635.199,491404.147,10.312,0.101
27/01/2026 04:43:37 PM (UTC+1030),6278634.984,491403.6,10.269,0.101
27/01/2026 04:43:38 PM (UTC+1030),6278634.859,491403.464,10.276,0.101
27/01/2026 04:43:39 PM (UTC+1030),6278634.934,491403.437,10.255,0.099
27/01/2026 04:43:40 PM (UTC+1030),6278634.943,491403.43,10.236,0.103
27/01/2026 04:43:41 PM (UTC+1030),6278634.877,491403.452,10.238,0.105
27/01/2026 04:43:42 PM (UTC+1030),6278634.868,491403.195,10.219,0.105
27/01/2026 04:43:43 PM (UTC+1030),6278635.052,491402.621,10.187,0.105
27/01/2026 04:43:44 PM (UTC+1030),6278635.29,491402.057,10.15,0.077
27/01/2026 04:43:45 PM (UTC+1030),6278635.231,491401.466,10.108,0.077
27/01/2026 04:43:46 PM (UTC+1030),6278635.231,491400.951,10.113,0.081
27/01/2026 04:43:47 PM (UTC+1030),6278635.276,491400.497,10.101,0.096
27/01/2026 04:43:48 PM (UTC+1030),6278635.062,491400.144,10.105,0.096
27/01/2026 04:43:49 PM (UTC+1030),6278634.843,491399.857,10.067,0.099
27/01/2026 04:43:50 PM (UTC+1030),6278634.474,491399.413,10.123,0.099
27/01/2026 04:43:51 PM (UTC+1030),6278634.3,491399.129,10.095,0.105
27/01/2026 04:43:52 PM (UTC+1030),6278634.065,491398.914,9.995,0.107
27/01/2026 04:43:53 PM (UTC+1030),6278633.852,491398.381,9.861,0.107
27/01/2026 04:43:54 PM (UTC+1030),6278633.859,491398.12,9.723,0.107
27/01/2026 04:43:55 PM (UTC+1030),6278633.661,491397.875,9.626,0.107
27/01/2026 04:43:56 PM (UTC+1030),6278633.551,491397.644,9.511,0.109
27/01/2026 04:43:57 PM (UTC+1030),6278633.657,491397.325,9.388,0.107
27/01/2026 04:43:58 PM (UTC+1030),6278633.649,491397.224,9.329,0.107
27/01/2026 04:43:59 PM (UTC+1030),6278633.718,491396.884,9.191,0.104
27/01/2026 04:44:00 PM (UTC+1030),6278633.647,491396.712,9.129,0.104
27/01/2026 04:44:01 PM (UTC+1030),6278633.694,491396.378,8.974,0.106
27/01/2026 04:44:02 PM (UTC+1030),6278633.593,491396.096,8.91,0.106
27/01/2026 04:44:03 PM (UTC+1030),6278633.784,491395.912,8.841,0.082
27/01/2026 04:44:04 PM (UTC+1030),6278633.849,491395.692,8.771,0.083
27/01/2026 04:44:05 PM (UTC+1030),6278634.061,491395.509,8.7,0.083
27/01/2026 04:44:06 PM (UTC+1030),6278634.126,491395.361,8.619,0.101
27/01/2026 04:44:07 PM (UTC+1030),6278634.209,491395.066,8.54,0.104
27/01/2026 04:44:08 PM (UTC+1030),6278634.176,491394.565,8.349,0.101
27/01/2026 04:44:09 PM (UTC+1030),6278634.278,491394.188,8.321,0.103
27/01/2026 04:44:10 PM (UTC+1030),6278634.162,491393.727,8.309,0.103
27/01/2026 04:44:11 PM (UTC+1030),6278634.223,491393.378,8.269,0.106
27/01/2026 04:44:12 PM (UTC+1030),6278634.153,491392.964,8.275,0.106
27/01/2026 04:44:13 PM (UTC+1030),6278634.048,491392.851,8.278,0.105
27/01/2026 04:44:14 PM (UTC+1030),6278634.034,491392.853,8.273,0.105
27/01/2026 04:44:15 PM (UTC+1030),6278633.913,491392.78,8.262,0.103
27/01/2026 04:44:16 PM (UTC+1030),6278633.574,491392.251,8.225,0.105
27/01/2026 04:44:17 PM (UTC+1030),6278633.227,491391.633,8.255,0.107
27/01/2026 04:44:18 PM (UTC+1030),6278633.155,491391.052,8.295,0.107
27/01/2026 04:44:19 PM (UTC+1030),6278633.096,491390.508,8.329,0.082
27/01/2026 04:44:20 PM (UTC+1030),6278633.15,491389.955,8.389,0.083
27/01/2026 04:44:21 PM (UTC+1030),6278633.374,491389.375,8.416,0.085
27/01/2026 04:44:22 PM (UTC+1030),6278633.128,491388.86,8.465,0.101
27/01/2026 04:44:23 PM (UTC+1030),6278633.098,491388.214,8.436,0.105
27/01/2026 04:44:24 PM (UTC+1030),6278633.124,491387.61,8.484,0.107
27/01/2026 04:44:25 PM (UTC+1030),6278633.058,491387,8.519,0.107
27/01/2026 04:44:26 PM (UTC+1030),6278633.166,491386.335,8.493,0.108
27/01/2026 04:44:27 PM (UTC+1030),6278633.264,491385.572,8.518,0.11
27/01/2026 04:44:28 PM (UTC+1030),6278633.264,491384.887,8.531,0.11
27/01/2026 04:44:29 PM (UTC+1030),6278633.494,491384.265,8.514,0.106
27/01/2026 04:44:30 PM (UTC+1030),6278633.653,491383.578,8.478,0.107
27/01/2026 04:44:31 PM (UTC+1030),6278633.813,491382.875,8.469,0.108
27/01/2026 04:44:32 PM (UTC+1030),6278634.125,491382.225,8.491,0.107
27/01/2026 04:44:33 PM (UTC+1030),6278634.191,491381.561,8.482,0.107
27/01/2026 04:44:34 PM (UTC+1030),6278634.312,491380.846,8.481,0.107
27/01/2026 04:44:35 PM (UTC+1030),6278634.504,491380.128,8.488,0.103
27/01/2026 04:44:36 PM (UTC+1030),6278634.443,491379.529,8.478,0.105
27/01/2026 04:44:37 PM (UTC+1030),6278634.39,491378.832,8.438,0.105
27/01/2026 04:44:38 PM (UTC+1030),6278634.359,491378.177,8.426,0.105
27/01/2026 04:44:39 PM (UTC+1030),6278634.164,491377.802,8.421,0.107
27/01/2026 04:44:40 PM (UTC+1030),6278634.042,491377.212,8.402,0.103
27/01/2026 04:44:41 PM (UTC+1030),6278633.865,491376.8,8.436,0.105
27/01/2026 04:44:42 PM (UTC+1030),6278633.759,491376.158,8.423,0.105
27/01/2026 04:44:43 PM (UTC+1030),6278633.434,491375.7,8.422,0.105
27/01/2026 04:44:44 PM (UTC+1030),6278633.376,491375.569,8.457,0.101
27/01/2026 04:44:45 PM (UTC+1030),6278633.362,491375.456,8.45,0.103
27/01/2026 04:44:46 PM (UTC+1030),6278633.017,491375.092,8.491,0.105
27/01/2026 04:44:47 PM (UTC+1030),6278632.938,491375.024,8.52,0.105
27/01/2026 04:44:48 PM (UTC+1030),6278633.23,491374.897,8.51,0.105
27/01/2026 04:44:49 PM (UTC+1030),6278633.902,491374.721,8.508,0.103
27/01/2026 04:44:50 PM (UTC+1030),6278634.637,491374.761,8.47,0.103
27/01/2026 04:44:51 PM (UTC+1030),6278635.342,491374.693,8.437,0.107
27/01/2026 04:44:52 PM (UTC+1030),6278636.248,491374.696,8.373,0.107
27/01/2026 04:44:53 PM (UTC+1030),6278636.69,491374.429,8.364,0.105
27/01/2026 04:44:54 PM (UTC+1030),6278636.77,491374.277,8.357,0.105
27/01/2026 04:44:55 PM (UTC+1030),6278636.722,491374.123,8.339,0.103
27/01/2026 04:44:56 PM (UTC+1030),6278636.447,491373.888,8.43,0.103
27/01/2026 04:44:57 PM (UTC+1030),6278636.867,491374.13,8.378,0.103
27/01/2026 04:44:58 PM (UTC+1030),6278637.825,491374.201,8.306,0.103
27/01/2026 04:44:59 PM (UTC+1030),6278638.938,491374.202,8.271,0.103
27/01/2026 04:45:00 PM (UTC+1030),6278640.006,491374.084,8.279,0.103
27/01/2026 04:45:01 PM (UTC+1030),6278641.008,491373.79,8.211,0.105
27/01/2026 04:45:02 PM (UTC+1030),6278641.715,491373.122,8.239,0.105
27/01/2026 04:45:03 PM (UTC+1030),6278641.536,491372.654,8.308,0.102
27/01/2026 04:45:04 PM (UTC+1030),6278641.857,491372.146,8.453,0.102
27/01/2026 04:45:05 PM (UTC+1030),6278641.668,491371.818,8.6,0.1
27/01/2026 04:45:06 PM (UTC+1030),6278641.816,491371.628,8.602,0.102
27/01/2026 04:45:07 PM (UTC+1030),6278641.574,491371.255,8.623,0.103
27/01/2026 04:45:08 PM (UTC+1030),6278641.59,491371.241,8.615,0.105
27/01/2026 04:45:09 PM (UTC+1030),6278641.477,491371.03,8.733,0.101
27/01/2026 04:45:10 PM (UTC+1030),6278641.665,491371.075,8.858,0.101
27/01/2026 04:45:11 PM (UTC+1030),6278641.6,491371.028,8.871,0.105
27/01/2026 04:45:12 PM (UTC+1030),6278641.624,491371.056,8.86,0.105
27/01/2026 04:45:13 PM (UTC+1030),6278641.501,491370.974,8.828,0.083
27/01/2026 04:45:14 PM (UTC+1030),6278641.444,491370.914,8.798,0.083
27/01/2026 04:45:15 PM (UTC+1030),6278641.434,491370.876,8.823,0.103
27/01/2026 04:45:16 PM (UTC+1030),6278641.497,491371.003,8.913,0.104
27/01/2026 04:45:17 PM (UTC+1030),6278641.515,491371.16,8.964,0.104
27/01/2026 04:45:18 PM (UTC+1030),6278641.458,491370.899,8.925,0.086
27/01/2026 04:45:19 PM (UTC+1030),6278641.498,491370.925,8.928,0.085
27/01/2026 04:45:20 PM (UTC+1030),6278641.657,491370.45,9.067,0.085
27/01/2026 04:45:21 PM (UTC+1030),6278641.518,491370.333,9.196,0.108
27/01/2026 04:45:22 PM (UTC+1030),6278641.237,491369.961,9.432,0.109
27/01/2026 04:45:23 PM (UTC+1030),6278640.94,491369.738,9.58,0.112
27/01/2026 04:45:24 PM (UTC+1030),6278640.761,491369.254,9.523,0.112
27/01/2026 04:45:25 PM (UTC+1030),6278640.622,491368.912,9.69,0.112
27/01/2026 04:45:26 PM (UTC+1030),6278640.57,491368.855,9.715,0.114
27/01/2026 04:45:27 PM (UTC+1030),6278640.584,491368.84,9.709,0.114
27/01/2026 04:45:28 PM (UTC+1030),6278640.555,491368.751,9.698,0.113
27/01/2026 04:45:29 PM (UTC+1030),6278640.492,491368.533,9.743,0.113
27/01/2026 04:45:30 PM (UTC+1030),6278640.349,491368.491,9.756,0.11
27/01/2026 04:45:31 PM (UTC+1030),6278640.253,491368.242,9.707,0.086
27/01/2026 04:45:32 PM (UTC+1030),6278640.189,491368.06,9.732,0.088
27/01/2026 04:45:33 PM (UTC+1030),6278640.048,491368.011,9.742,0.088
27/01/2026 04:45:34 PM (UTC+1030),6278640.009,491367.917,9.723,0.088
27/01/2026 04:45:35 PM (UTC+1030),6278639.985,491367.94,9.746,0.088
27/01/2026 04:45:36 PM (UTC+1030),6278639.97,491367.989,9.743,0.105
27/01/2026 04:45:37 PM (UTC+1030),6278640.011,491367.87,9.734,0.107
27/01/2026 04:45:38 PM (UTC+1030),6278640.01,491367.683,9.743,0.107
27/01/2026 04:45:39 PM (UTC+1030),6278639.941,491367.634,9.761,0.107
27/01/2026 04:45:40 PM (UTC+1030),6278639.885,491367.599,9.752,0.107
27/01/2026 04:45:41 PM (UTC+1030),6278639.865,491367.593,9.744,0.089
27/01/2026 04:45:42 PM (UTC+1030),6278639.875,491367.416,9.743,0.089
27/01/2026 04:45:43 PM (UTC+1030),6278639.75,491367.113,9.75,0.103
27/01/2026 04:45:44 PM (UTC+1030),6278639.701,491366.585,9.698,0.087
27/01/2026 04:45:45 PM (UTC+1030),6278639.484,491366.14,9.736,0.087
27/01/2026 04:45:46 PM (UTC+1030),6278639.563,491365.668,9.704,0.091
27/01/2026 04:45:47 PM (UTC+1030),6278639.35,491365.318,9.708,0.105
27/01/2026 04:45:48 PM (UTC+1030),6278639.438,491365.01,9.68,0.105
27/01/2026 04:45:49 PM (UTC+1030),6278639.181,491364.786,9.711,0.105
27/01/2026 04:45:50 PM (UTC+1030),6278639.167,491364.51,9.693,0.107
27/01/2026 04:45:51 PM (UTC+1030),6278639.183,491364.465,9.669,0.108
27/01/2026 04:45:52 PM (UTC+1030),6278639.15,491364.072,9.725,0.108
27/01/2026 04:45:53 PM (UTC+1030),6278638.936,491363.87,9.804,0.108
27/01/2026 04:45:54 PM (UTC+1030),6278638.831,491363.611,9.813,0.108
27/01/2026 04:45:55 PM (UTC+1030),6278638.777,491363.385,9.807,0.107
27/01/2026 04:45:56 PM (UTC+1030),6278638.788,491363.002,9.883,0.11
27/01/2026 04:45:57 PM (UTC+1030),6278638.804,491362.56,9.929,0.112
27/01/2026 04:45:58 PM (UTC+1030),6278638.393,491362.48,10.002,0.112
27/01/2026 04:45:59 PM (UTC+1030),6278638.264,491362.259,10.075,0.108
27/01/2026 04:46:00 PM (UTC+1030),6278638.118,491362.304,10.074,0.108
27/01/2026 04:46:01 PM (UTC+1030),6278637.969,491361.769,10.115,0.11
27/01/2026 04:46:02 PM (UTC+1030),6278637.642,491361.352,10.206,0.11
27/01/2026 04:46:03 PM (UTC+1030),6278637.602,491361.023,10.249,0.11
27/01/2026 04:46:04 PM (UTC+1030),6278637.169,491360.777,10.286,0.112
27/01/2026 04:46:05 PM (UTC+1030),6278636.94,491360.739,10.485,0.108
27/01/2026 04:46:06 PM (UTC+1030),6278636.792,491360.636,10.519,0.11
27/01/2026 04:46:07 PM (UTC+1030),6278636.537,491360.555,10.517,0.11
27/01/2026 04:46:08 PM (UTC+1030),6278636.096,491360.456,10.788,0.11
27/01/2026 04:46:09 PM (UTC+1030),6278635.835,491359.998,10.873,0.11
27/01/2026 04:46:10 PM (UTC+1030),6278635.646,491359.633,10.878,0.11
27/01/2026 04:46:11 PM (UTC+1030),6278635.429,491359.215,10.923,0.109
27/01/2026 04:46:12 PM (UTC+1030),6278635.106,491358.581,10.988,0.109
27/01/2026 04:46:13 PM (UTC+1030),6278634.905,491357.884,10.966,0.107
27/01/2026 04:46:14 PM (UTC+1030),6278634.615,491357.316,11.021,0.107
27/01/2026 04:46:15 PM (UTC+1030),6278634.535,491356.658,11.035,0.105
27/01/2026 04:46:16 PM (UTC+1030),6278634.28,491355.988,11.012,0.108
27/01/2026 04:46:17 PM (UTC+1030),6278634.115,491355.333,11.026,0.107
27/01/2026 04:46:18 PM (UTC+1030),6278633.882,491354.865,11.077,0.108
27/01/2026 04:46:19 PM (UTC+1030),6278633.292,491354.474,11.14,0.105
27/01/2026 04:46:20 PM (UTC+1030),6278632.545,491353.992,11.124,0.105
27/01/2026 04:46:21 PM (UTC+1030),6278631.872,491353.473,11.143,0.107
27/01/2026 04:46:22 PM (UTC+1030),6278631.208,491352.973,11.105,0.107
27/01/2026 04:46:23 PM (UTC+1030),6278630.584,491352.644,11.18,0.108
27/01/2026 04:46:24 PM (UTC+1030),6278630.028,491352.105,11.186,0.108
27/01/2026 04:46:25 PM (UTC+1030),6278629.468,491351.726,11.181,0.105
27/01/2026 04:46:26 PM (UTC+1030),6278629.039,491351.551,11.235,0.107
27/01/2026 04:46:27 PM (UTC+1030),6278628.881,491351.227,11.198,0.107
27/01/2026 04:46:28 PM (UTC+1030),6278628.339,491350.856,11.214,0.107
27/01/2026 04:46:29 PM (UTC+1030),6278627.633,491350.607,11.209,0.103
27/01/2026 04:46:30 PM (UTC+1030),6278627.151,491350.312,11.227,0.103
27/01/2026 04:46:31 PM (UTC+1030),6278626.765,491350.06,11.227,0.105
27/01/2026 04:46:32 PM (UTC+1030),6278626.425,491349.877,11.228,0.105
27/01/2026 04:46:33 PM (UTC+1030),6278626.049,491349.443,11.185,0.105
27/01/2026 04:46:34 PM (UTC+1030),6278625.518,491348.741,11.056,0.105
27/01/2026 04:46:35 PM (UTC+1030),6278625.111,491348.047,11.045,0.107
27/01/2026 04:46:36 PM (UTC+1030),6278624.733,491347.424,11.057,0.105
27/01/2026 04:46:37 PM (UTC+1030),6278624.389,491346.739,11.085,0.104
27/01/2026 04:46:38 PM (UTC+1030),6278624.22,491346.011,11.034,0.104
27/01/2026 04:46:39 PM (UTC+1030),6278624.117,491345.497,11.042,0.102
27/01/2026 04:46:40 PM (UTC+1030),6278623.56,491345.225,11.026,0.102
27/01/2026 04:46:41 PM (UTC+1030),6278622.912,491344.59,11.026,0.103
27/01/2026 04:46:42 PM (UTC+1030),6278622.396,491343.911,11.017,0.105
27/01/2026 04:46:43 PM (UTC+1030),6278621.795,491343.284,11.002,0.101
27/01/2026 04:46:44 PM (UTC+1030),6278621.203,491342.648,11.017,0.101
27/01/2026 04:46:45 PM (UTC+1030),6278620.486,491342.004,10.994,0.101
27/01/2026 04:46:46 PM (UTC+1030),6278619.951,491341.295,11.014,0.103
27/01/2026 04:46:47 PM (UTC+1030),6278619.361,491340.655,10.986,0.105
27/01/2026 04:46:48 PM (UTC+1030),6278618.784,491340.07,11.067,0.103
27/01/2026 04:46:49 PM (UTC+1030),6278618.367,491339.401,11.045,0.101
27/01/2026 04:46:50 PM (UTC+1030),6278617.842,491338.793,11.032,0.099
27/01/2026 04:46:51 PM (UTC+1030),6278617.413,491338.147,11.08,0.101
27/01/2026 04:46:52 PM (UTC+1030),6278616.842,491337.422,11.055,0.101
27/01/2026 04:46:53 PM (UTC+1030),6278616.269,491336.738,11.008,0.101
27/01/2026 04:46:54 PM (UTC+1030),6278615.712,491335.986,11.047,0.101
27/01/2026 04:46:55 PM (UTC+1030),6278615.23,491335.214,11.025,0.101
27/01/2026 04:46:56 PM (UTC+1030),6278614.593,491334.655,10.99,0.103
27/01/2026 04:46:57 PM (UTC+1030),6278613.934,491334.098,11.063,0.103
27/01/2026 04:46:58 PM (UTC+1030),6278613.321,491333.387,10.999,0.103
27/01/2026 04:46:59 PM (UTC+1030),6278612.707,491332.699,11.068,0.101
27/01/2026 04:47:00 PM (UTC+1030),6278612.103,491332.126,11.058,0.099
27/01/2026 04:47:01 PM (UTC+1030),6278611.524,491331.439,11.031,0.103
27/01/2026 04:47:02 PM (UTC+1030),6278610.867,491330.807,11.076,0.103
27/01/2026 04:47:03 PM (UTC+1030),6278610.176,491330.275,11.07,0.101
27/01/2026 04:47:04 PM (UTC+1030),6278609.534,491329.465,11.044,0.099
27/01/2026 04:47:05 PM (UTC+1030),6278609.044,491328.698,11.053,0.099
27/01/2026 04:47:06 PM (UTC+1030),6278608.45,491327.946,11.028,0.103
27/01/2026 04:47:07 PM (UTC+1030),6278607.885,491327.205,11.073,0.101
27/01/2026 04:47:08 PM (UTC+1030),6278607.272,491326.446,11.037,0.103
27/01/2026 04:47:09 PM (UTC+1030),6278606.57,491325.873,11.053,0.099
27/01/2026 04:47:10 PM (UTC+1030),6278605.78,491325.389,11.092,0.099
27/01/2026 04:47:11 PM (UTC+1030),6278605.121,491324.779,11.121,0.101
27/01/2026 04:47:12 PM (UTC+1030),6278604.616,491324.063,11.167,0.103
27/01/2026 04:47:13 PM (UTC+1030),6278604.076,491323.341,11.133,0.101
27/01/2026 04:47:14 PM (UTC+1030),6278603.486,491322.64,11.242,0.101
27/01/2026 04:47:15 PM (UTC+1030),6278603.045,491321.887,11.172,0.099
27/01/2026 04:47:16 PM (UTC+1030),6278602.48,491321.184,11.221,0.101
27/01/2026 04:47:17 PM (UTC+1030),6278601.824,491320.742,11.237,0.101
27/01/2026 04:47:18 PM (UTC+1030),6278601.15,491320.243,11.248,0.101
27/01/2026 04:47:19 PM (UTC+1030),6278600.599,491319.523,11.262,0.099
27/01/2026 04:47:20 PM (UTC+1030),6278600.121,491318.85,11.228,0.099
27/01/2026 04:47:21 PM (UTC+1030),6278599.704,491318.068,11.25,0.101
27/01/2026 04:47:22 PM (UTC+1030),6278599.484,491317.224,11.238,0.103
27/01/2026 04:47:23 PM (UTC+1030),6278599.151,491316.41,11.208,0.103
27/01/2026 04:47:24 PM (UTC+1030),6278598.428,491315.796,11.238,0.103
27/01/2026 04:47:25 PM (UTC+1030),6278597.945,491315.109,11.206,0.101
27/01/2026 04:47:26 PM (UTC+1030),6278597.305,491314.518,11.294,0.105
27/01/2026 04:47:27 PM (UTC+1030),6278596.617,491314.038,11.314,0.105
27/01/2026 04:47:28 PM (UTC+1030),6278596.057,491313.354,11.315,0.105
27/01/2026 04:47:29 PM (UTC+1030),6278595.664,491312.656,11.368,0.105
27/01/2026 04:47:30 PM (UTC+1030),6278595.26,491311.911,11.396,0.105
27/01/2026 04:47:31 PM (UTC+1030),6278594.984,491311.109,11.369,0.106
27/01/2026 04:47:32 PM (UTC+1030),6278594.588,491310.275,11.421,0.107
27/01/2026 04:47:33 PM (UTC+1030),6278594.143,491309.495,11.47,0.107
27/01/2026 04:47:34 PM (UTC+1030),6278593.941,491308.59,11.405,0.109
27/01/2026 04:47:35 PM (UTC+1030),6278593.787,491307.801,11.46,0.109
27/01/2026 04:47:36 PM (UTC+1030),6278593.47,491306.98,11.464,0.113
27/01/2026 04:47:37 PM (UTC+1030),6278593.213,491306.233,11.512,0.113
27/01/2026 04:47:38 PM (UTC+1030),6278592.995,491305.337,11.513,0.114
27/01/2026 04:47:39 PM (UTC+1030),6278592.566,491304.546,11.533,0.115
27/01/2026 04:47:40 PM (UTC+1030),6278592.143,491303.905,11.602,0.115
27/01/2026 04:47:41 PM (UTC+1030),6278591.996,491303.196,11.589,0.115
27/01/2026 04:47:42 PM (UTC+1030),6278591.654,491302.524,11.648,0.115
27/01/2026 04:47:43 PM (UTC+1030),6278590.927,491302.023,11.625,0.115
27/01/2026 04:47:44 PM (UTC+1030),6278590.225,491301.573,11.71,0.11
27/01/2026 04:47:45 PM (UTC+1030),6278589.789,491300.878,11.686,0.11
27/01/2026 04:47:46 PM (UTC+1030),6278589.267,491300.272,11.727,0.112
27/01/2026 04:47:47 PM (UTC+1030),6278588.736,491299.674,11.873,0.112
27/01/2026 04:47:48 PM (UTC+1030),6278588.469,491298.942,11.92,0.112
27/01/2026 04:47:49 PM (UTC+1030),6278588.155,491298.2,11.953,0.111
27/01/2026 04:47:50 PM (UTC+1030),6278587.873,491297.684,12.01,0.111
27/01/2026 04:47:51 PM (UTC+1030),6278587.675,491297.036,12.055,0.114
27/01/2026 04:47:52 PM (UTC+1030),6278587.228,491296.708,12.106,0.113
27/01/2026 04:47:53 PM (UTC+1030),6278586.762,491296.128,12.139,0.113
27/01/2026 04:47:54 PM (UTC+1030),6278586.297,491295.647,12.167,0.114
27/01/2026 04:47:55 PM (UTC+1030),6278585.891,491294.962,12.171,0.111
27/01/2026 04:47:56 PM (UTC+1030),6278585.732,491294.229,12.164,0.113
27/01/2026 04:47:57 PM (UTC+1030),6278585.564,491293.444,12.166,0.113
27/01/2026 04:47:58 PM (UTC+1030),6278585.229,491292.731,12.239,0.114
27/01/2026 04:47:59 PM (UTC+1030),6278584.971,491291.965,12.236,0.114
27/01/2026 04:48:00 PM (UTC+1030),6278584.606,491291.336,12.252,0.112
27/01/2026 04:48:01 PM (UTC+1030),6278584.253,491290.554,12.305,0.114
27/01/2026 04:48:02 PM (UTC+1030),6278583.917,491289.767,12.333,0.114
27/01/2026 04:48:03 PM (UTC+1030),6278583.701,491289.069,12.414,0.114
27/01/2026 04:48:04 PM (UTC+1030),6278583.433,491288.471,12.445,0.112
27/01/2026 04:48:05 PM (UTC+1030),6278583.196,491287.657,12.447,0.109
27/01/2026 04:48:06 PM (UTC+1030),6278582.842,491286.937,12.57,0.11
27/01/2026 04:48:07 PM (UTC+1030),6278582.485,491286.198,12.583,0.112
27/01/2026 04:48:08 PM (UTC+1030),6278582.105,491285.526,12.694,0.113
27/01/2026 04:48:09 PM (UTC+1030),6278581.898,491284.728,12.706,0.107
27/01/2026 04:48:10 PM (UTC+1030),6278581.526,491284.042,12.734,0.107
27/01/2026 04:48:11 PM (UTC+1030),6278581.297,491283.19,12.766,0.109
27/01/2026 04:48:12 PM (UTC+1030),6278581.111,491282.546,12.845,0.108
27/01/2026 04:48:13 PM (UTC+1030),6278580.703,491281.852,12.91,0.109
27/01/2026 04:48:14 PM (UTC+1030),6278580.417,491281.032,12.969,0.109
27/01/2026 04:48:15 PM (UTC+1030),6278580.283,491280.295,12.987,0.108
27/01/2026 04:48:16 PM (UTC+1030),6278579.989,491279.699,13.016,0.107
27/01/2026 04:48:17 PM (UTC+1030),6278579.761,491279.083,13.021,0.108
27/01/2026 04:48:18 PM (UTC+1030),6278579.391,491278.521,13.101,0.108
27/01/2026 04:48:19 PM (UTC+1030),6278578.988,491278.074,13.128,0.108
27/01/2026 04:48:20 PM (UTC+1030),6278579.129,491277.297,13.125,0.108
27/01/2026 04:48:21 PM (UTC+1030),6278579.38,491276.473,13.164,0.112
27/01/2026 04:48:22 PM (UTC+1030),6278579.623,491275.704,13.229,0.115
27/01/2026 04:48:23 PM (UTC+1030),6278579.84,491274.828,13.251,0.115
27/01/2026 04:48:24 PM (UTC+1030),6278579.772,491274.023,13.3,0.115
27/01/2026 04:48:25 PM (UTC+1030),6278579.794,491273.249,13.409,0.114
27/01/2026 04:48:26 PM (UTC+1030),6278579.89,491272.398,13.483,0.117
27/01/2026 04:48:27 PM (UTC+1030),6278579.772,491271.669,13.477,0.117
27/01/2026 04:48:28 PM (UTC+1030),6278579.57,491270.813,13.536,0.118
27/01/2026 04:48:29 PM (UTC+1030),6278579.4,491270.035,13.582,0.116
27/01/2026 04:48:30 PM (UTC+1030),6278579.08,491269.354,13.557,0.118
27/01/2026 04:48:31 PM (UTC+1030),6278578.778,491268.581,13.548,0.116
27/01/2026 04:48:32 PM (UTC+1030),6278578.467,491267.714,13.574,0.116
27/01/2026 04:48:33 PM (UTC+1030),6278578.035,491266.945,13.579,0.118
27/01/2026 04:48:34 PM (UTC+1030),6278577.938,491266.207,13.572,0.118
27/01/2026 04:48:35 PM (UTC+1030),6278577.57,491265.684,13.586,0.118
27/01/2026 04:48:36 PM (UTC+1030),6278577.431,491265.061,13.604,0.114
27/01/2026 04:48:37 PM (UTC+1030),6278577.246,491264.455,13.619,0.114
27/01/2026 04:48:38 PM (UTC+1030),6278576.933,491263.956,13.635,0.114
27/01/2026 04:48:39 PM (UTC+1030),6278576.676,491263.413,13.676,0.114
27/01/2026 04:48:40 PM (UTC+1030),6278576.324,491263.025,13.699,0.114
27/01/2026 04:48:41 PM (UTC+1030),6278576.193,491262.351,13.694,0.115
27/01/2026 04:48:42 PM (UTC+1030),6278575.784,491261.89,13.673,0.114
27/01/2026 04:48:43 PM (UTC+1030),6278575.405,491261.177,13.682,0.114
27/01/2026 04:48:44 PM (UTC+1030),6278575.027,491260.5,13.74,0.108
27/01/2026 04:48:45 PM (UTC+1030),6278574.406,491260.054,13.723,0.11
27/01/2026 04:48:46 PM (UTC+1030),6278573.831,491259.366,13.675,0.112
27/01/2026 04:48:47 PM (UTC+1030),6278573.283,491258.833,13.709,0.112
27/01/2026 04:48:48 PM (UTC+1030),6278572.732,491258.123,13.769,0.112
27/01/2026 04:48:49 PM (UTC+1030),6278572.531,491257.444,13.741,0.11
27/01/2026 04:48:50 PM (UTC+1030),6278572.454,491256.586,13.809,0.108
27/01/2026 04:48:51 PM (UTC+1030),6278572.186,491255.991,13.821,0.112
27/01/2026 04:48:52 PM (UTC+1030),6278572.084,491255.122,13.793,0.112
27/01/2026 04:48:53 PM (UTC+1030),6278572.053,491254.259,13.844,0.112
27/01/2026 04:48:54 PM (UTC+1030),6278571.886,491253.476,13.79,0.112
27/01/2026 04:48:55 PM (UTC+1030),6278571.664,491252.852,13.766,0.113
27/01/2026 04:48:56 PM (UTC+1030),6278571.523,491252.288,13.701,0.113
27/01/2026 04:48:57 PM (UTC+1030),6278571.163,491251.793,13.673,0.113
27/01/2026 04:48:58 PM (UTC+1030),6278570.819,491251.046,13.597,0.115
27/01/2026 04:48:59 PM (UTC+1030),6278570.434,491250.396,13.608,0.112
27/01/2026 04:49:00 PM (UTC+1030),6278570,491249.796,13.598,0.112
27/01/2026 04:49:01 PM (UTC+1030),6278569.806,491249.116,13.586,0.114
27/01/2026 04:49:02 PM (UTC+1030),6278569.72,491248.341,13.554,0.114
27/01/2026 04:49:03 PM (UTC+1030),6278569.62,491247.571,13.585,0.113
27/01/2026 04:49:04 PM (UTC+1030),6278569.846,491246.86,13.52,0.115
27/01/2026 04:49:05 PM (UTC+1030),6278569.911,491246.088,13.524,0.109
27/01/2026 04:49:06 PM (UTC+1030),6278569.808,491245.365,13.583,0.111
27/01/2026 04:49:07 PM (UTC+1030),6278569.84,491244.508,13.526,0.111
27/01/2026 04:49:08 PM (UTC+1030),6278569.871,491243.768,13.527,0.111
27/01/2026 04:49:09 PM (UTC+1030),6278569.922,491242.944,13.5,0.108
27/01/2026 04:49:10 PM (UTC+1030),6278569.963,491242.131,13.492,0.108
27/01/2026 04:49:11 PM (UTC+1030),6278570.052,491241.396,13.512,0.11
27/01/2026 04:49:12 PM (UTC+1030),6278569.755,491240.648,13.477,0.11
27/01/2026 04:49:13 PM (UTC+1030),6278569.354,491239.961,13.537,0.109
27/01/2026 04:49:14 PM (UTC+1030),6278568.952,491239.279,13.559,0.107
27/01/2026 04:49:15 PM (UTC+1030),6278568.518,491238.637,13.546,0.107
27/01/2026 04:49:16 PM (UTC+1030),6278568.147,491237.937,13.571,0.107
27/01/2026 04:49:17 PM (UTC+1030),6278567.906,491237.196,13.586,0.107
27/01/2026 04:49:18 PM (UTC+1030),6278567.485,491236.72,13.559,0.108
27/01/2026 04:49:19 PM (UTC+1030),6278567.144,491235.994,13.621,0.106
27/01/2026 04:49:20 PM (UTC+1030),6278566.79,491235.249,13.617,0.106
27/01/2026 04:49:21 PM (UTC+1030),6278566.418,491234.535,13.589,0.109
27/01/2026 04:49:22 PM (UTC+1030),6278566.285,491233.869,13.669,0.109
27/01/2026 04:49:23 PM (UTC+1030),6278566.263,491233.085,13.685,0.108
27/01/2026 04:49:24 PM (UTC+1030),6278566.034,491232.511,13.709,0.11
27/01/2026 04:49:25 PM (UTC+1030),6278565.977,491232.281,13.743,0.108
27/01/2026 04:49:26 PM (UTC+1030),6278565.96,491232.255,13.752,0.111
27/01/2026 04:49:27 PM (UTC+1030),6278565.945,491232.293,13.744,0.111
27/01/2026 04:49:28 PM (UTC+1030),6278565.933,491232.267,13.747,0.111
27/01/2026 04:49:29 PM (UTC+1030),6278565.939,491232.228,13.727,0.107
27/01/2026 04:49:30 PM (UTC+1030),6278565.972,491232.231,13.725,0.107
27/01/2026 04:49:31 PM (UTC+1030),6278565.958,491232.245,13.733,0.082
27/01/2026 04:49:32 PM (UTC+1030),6278565.973,491232.224,13.729,0.083
27/01/2026 04:49:33 PM (UTC+1030),6278565.971,491232.236,13.733,0.082
27/01/2026 04:49:34 PM (UTC+1030),6278565.96,491232.242,13.733,0.082
27/01/2026 04:49:35 PM (UTC+1030),6278566.007,491232.223,13.738,0.082
27/01/2026 04:49:36 PM (UTC+1030),6278566.036,491232.141,13.721,0.085
27/01/2026 04:49:37 PM (UTC+1030),6278565.715,491231.782,13.735,0.087
27/01/2026 04:49:38 PM (UTC+1030),6278565.564,491231.125,13.701,0.087
27/01/2026 04:49:39 PM (UTC+1030),6278565.312,491230.497,13.702,0.089
27/01/2026 04:49:40 PM (UTC+1030),6278564.986,491229.858,13.748,0.089
27/01/2026 04:49:41 PM (UTC+1030),6278564.817,491229.148,13.692,0.094
27/01/2026 04:49:42 PM (UTC+1030),6278564.399,491228.518,13.658,0.094
27/01/2026 04:49:43 PM (UTC+1030),6278564.039,491227.964,13.663,0.111
27/01/2026 04:49:44 PM (UTC+1030),6278563.726,491227.296,13.663,0.111
27/01/2026 04:49:45 PM (UTC+1030),6278563.347,491226.669,13.645,0.111
27/01/2026 04:49:46 PM (UTC+1030),6278563.102,491226.064,13.667,0.115
27/01/2026 04:49:47 PM (UTC+1030),6278562.997,491225.566,13.653,0.115
27/01/2026 04:49:48 PM (UTC+1030),6278562.782,491225.214,13.658,0.116
27/01/2026 04:49:49 PM (UTC+1030),6278562.896,491225.023,13.636,0.115
27/01/2026 04:49:50 PM (UTC+1030),6278562.918,491225.005,13.635,0.116
27/01/2026 04:49:51 PM (UTC+1030),6278562.788,491224.906,13.608,0.116
27/01/2026 04:49:52 PM (UTC+1030),6278562.591,491224.752,13.605,0.114
27/01/2026 04:49:53 PM (UTC+1030),6278562.546,491224.856,13.59,0.114
27/01/2026 04:49:54 PM (UTC+1030),6278562.496,491224.881,13.617,0.092
27/01/2026 04:49:55 PM (UTC+1030),6278562.57,491224.88,13.638,0.092
27/01/2026 04:49:56 PM (UTC+1030),6278562.586,491224.861,13.644,0.094
27/01/2026 04:49:57 PM (UTC+1030),6278562.553,491224.857,13.643,0.108
27/01/2026 04:49:58 PM (UTC+1030),6278562.479,491224.797,13.63,0.108
27/01/2026 04:49:59 PM (UTC+1030),6278562.491,491224.782,13.628,0.092
27/01/2026 04:50:00 PM (UTC+1030),6278562.608,491224.81,13.648,0.092
27/01/2026 04:50:01 PM (UTC+1030),6278562.712,491224.862,13.634,0.096
27/01/2026 04:50:02 PM (UTC+1030),6278562.647,491224.81,13.629,0.096
27/01/2026 04:50:03 PM (UTC+1030),6278562.668,491224.839,13.627,0.098
27/01/2026 04:50:04 PM (UTC+1030),6278562.735,491224.892,13.625,0.098
27/01/2026 04:50:05 PM (UTC+1030),6278562.744,491224.895,13.633,0.113
27/01/2026 04:50:06 PM (UTC+1030),6278562.731,491224.853,13.629,0.114
27/01/2026 04:50:07 PM (UTC+1030),6278562.521,491224.863,13.613,0.098
27/01/2026 04:50:08 PM (UTC+1030),6278562.38,491224.836,13.628,0.096
27/01/2026 04:50:09 PM (UTC+1030),6278562.514,491224.847,13.63,0.098
27/01/2026 04:50:10 PM (UTC+1030),6278562.475,491224.811,13.623,0.098
27/01/2026 04:50:11 PM (UTC+1030),6278562.589,491224.866,13.634,0.101
27/01/2026 04:50:12 PM (UTC+1030),6278562.563,491224.865,13.626,0.101
27/01/2026 04:50:13 PM (UTC+1030),6278562.572,491224.862,13.631,0.114
27/01/2026 04:50:14 PM (UTC+1030),6278562.581,491224.848,13.629,0.114
27/01/2026 04:50:15 PM (UTC+1030),6278562.609,491224.86,13.629,0.099
27/01/2026 04:50:16 PM (UTC+1030),6278562.569,491224.842,13.629,0.101
27/01/2026 04:50:17 PM (UTC+1030),6278562.626,491224.884,13.627,0.101
27/01/2026 04:50:18 PM (UTC+1030),6278562.625,491224.887,13.632,0.101
27/01/2026 04:50:19 PM (UTC+1030),6278562.597,491224.866,13.634,0.101
27/01/2026 04:50:20 PM (UTC+1030),6278562.504,491224.811,13.635,0.101
27/01/2026 04:50:21 PM (UTC+1030),6278562.579,491224.754,13.623,0.101
27/01/2026 04:50:22 PM (UTC+1030),6278562.556,491224.935,13.645,0.103
27/01/2026 04:50:23 PM (UTC+1030),6278562.602,491225.106,13.635,0.105
27/01/2026 04:50:24 PM (UTC+1030),6278562.601,491225.015,13.646,0.105
27/01/2026 04:50:25 PM (UTC+1030),6278562.681,491224.991,13.636,0.105
27/01/2026 04:50:26 PM (UTC+1030),6278562.66,491225.025,13.645,0.117
27/01/2026 04:50:27 PM (UTC+1030),6278562.679,491224.947,13.62,0.117
27/01/2026 04:50:28 PM (UTC+1030),6278562.591,491224.811,13.61,0.121
27/01/2026 04:50:29 PM (UTC+1030),6278562.575,491224.797,13.602,0.121
27/01/2026 04:50:30 PM (UTC+1030),6278562.575,491224.824,13.604,0.103
27/01/2026 04:50:31 PM (UTC+1030),6278562.624,491224.832,13.608,0.105
27/01/2026 04:50:32 PM (UTC+1030),6278562.607,491224.836,13.626,0.105
27/01/2026 04:50:33 PM (UTC+1030),6278562.586,491224.837,13.62,0.105
27/01/2026 04:50:34 PM (UTC+1030),6278562.54,491224.854,13.622,0.117
27/01/2026 04:50:35 PM (UTC+1030),6278562.58,491224.833,13.618,0.105
27/01/2026 04:50:36 PM (UTC+1030),6278562.632,491224.85,13.614,0.107
27/01/2026 04:50:37 PM (UTC+1030),6278562.568,491224.828,13.611,0.105
27/01/2026 04:50:38 PM (UTC+1030),6278562.58,491224.837,13.608,0.105
27/01/2026 04:50:39 PM (UTC+1030),6278562.575,491224.846,13.606,0.105
27/01/2026 04:50:40 PM (UTC+1030),6278562.571,491224.843,13.6,0.105
27/01/2026 04:50:41 PM (UTC+1030),6278562.638,491224.844,13.607,0.107
27/01/2026 04:50:42 PM (UTC+1030),6278562.622,491224.858,13.613,0.107
27/01/2026 04:50:43 PM (UTC+1030),6278562.6,491224.868,13.612,0.107
27/01/2026 04:50:44 PM (UTC+1030),6278562.548,491224.846,13.617,0.107
27/01/2026 04:50:45 PM (UTC+1030),6278562.628,491224.867,13.611,0.107
27/01/2026 04:50:46 PM (UTC+1030),6278562.669,491224.873,13.606,0.107
27/01/2026 04:50:47 PM (UTC+1030),6278562.665,491224.879,13.601,0.107
27/01/2026 04:50:48 PM (UTC+1030),6278562.628,491224.856,13.605,0.108
27/01/2026 04:50:49 PM (UTC+1030),6278562.547,491224.819,13.617,0.107
27/01/2026 04:50:50 PM (UTC+1030),6278562.539,491224.823,13.617,0.108
27/01/2026 04:50:51 PM (UTC+1030),6278562.602,491224.839,13.621,0.11
27/01/2026 04:50:52 PM (UTC+1030),6278562.617,491224.843,13.614,0.108
27/01/2026 04:50:53 PM (UTC+1030),6278562.598,491224.839,13.605,0.108
27/01/2026 04:50:54 PM (UTC+1030),6278562.597,491224.836,13.608,0.108
27/01/2026 04:50:55 PM (UTC+1030),6278562.623,491224.857,13.608,0.108
27/01/2026 04:50:56 PM (UTC+1030),6278562.62,491224.871,13.613,0.11
27/01/2026 04:50:57 PM (UTC+1030),6278562.596,491224.858,13.618,0.11
27/01/2026 04:50:58 PM (UTC+1030),6278562.597,491224.858,13.623,0.11
27/01/2026 04:50:59 PM (UTC+1030),6278562.587,491224.856,13.62,0.11
27/01/2026 04:51:00 PM (UTC+1030),6278562.615,491224.868,13.612,0.11
27/01/2026 04:51:01 PM (UTC+1030),6278562.602,491224.863,13.625,0.11
27/01/2026 04:51:02 PM (UTC+1030),6278562.642,491224.874,13.625,0.11
27/01/2026 04:51:03 PM (UTC+1030),6278562.611,491224.852,13.625,0.112
27/01/2026 04:51:04 PM (UTC+1030),6278562.617,491224.839,13.618,0.112
27/01/2026 04:51:05 PM (UTC+1030),6278562.608,491224.824,13.614,0.11
27/01/2026 04:51:06 PM (UTC+1030),6278562.6,491224.822,13.608,0.112
27/01/2026 04:51:07 PM (UTC+1030),6278562.623,491224.862,13.604,0.112
27/01/2026 04:51:08 PM (UTC+1030),6278562.56,491224.856,13.617,0.112
27/01/2026 04:51:09 PM (UTC+1030),6278562.583,491224.878,13.616,0.112
27/01/2026 04:51:10 PM (UTC+1030),6278562.593,491224.874,13.616,0.112
27/01/2026 04:51:11 PM (UTC+1030),6278562.598,491224.865,13.615,0.114
27/01/2026 04:51:12 PM (UTC+1030),6278562.604,491224.868,13.623,0.114
27/01/2026 04:51:13 PM (UTC+1030),6278562.647,491224.882,13.63,0.114
27/01/2026 04:51:14 PM (UTC+1030),6278562.556,491224.844,13.637,0.114
27/01/2026 04:51:15 PM (UTC+1030),6278562.511,491224.866,13.6,0.114
27/01/2026 04:51:16 PM (UTC+1030),6278562.512,491224.844,13.62,0.114
27/01/2026 04:51:17 PM (UTC+1030),6278562.458,491224.807,13.618,0.114
27/01/2026 04:51:18 PM (UTC+1030),6278562.453,491224.815,13.616,0.115
27/01/2026 04:51:19 PM (UTC+1030),6278562.479,491224.826,13.62,0.115
27/01/2026 04:51:20 PM (UTC+1030),6278562.466,491224.833,13.62,0.114
27/01/2026 04:51:21 PM (UTC+1030),6278562.422,491224.815,13.604,0.115
27/01/2026 04:51:22 PM (UTC+1030),6278562.387,491224.789,13.602,0.115
27/01/2026 04:51:23 PM (UTC+1030),6278562.364,491224.778,13.602,0.117
27/01/2026 04:51:24 PM (UTC+1030),6278562.57,491224.86,13.637,0.117
27/01/2026 04:51:25 PM (UTC+1030),6278562.699,491224.95,13.637,0.115
27/01/2026 04:51:26 PM (UTC+1030),6278562.665,491224.955,13.641,0.117
27/01/2026 04:51:27 PM (UTC+1030),6278562.705,491224.942,13.628,0.117
27/01/2026 04:51:28 PM (UTC+1030),6278562.675,491224.902,13.627,0.117
27/01/2026 04:51:29 PM (UTC+1030),6278562.673,491224.919,13.628,0.128
27/01/2026 04:51:30 PM (UTC+1030),6278562.687,491224.944,13.627,0.128
27/01/2026 04:51:31 PM (UTC+1030),6278562.699,491224.896,13.616,0.115
27/01/2026 04:51:32 PM (UTC+1030),6278562.605,491225.022,13.639,0.115
27/01/2026 04:51:33 PM (UTC+1030),6278562.426,491225.086,13.612,0.115
27/01/2026 04:51:34 PM (UTC+1030),6278562.384,491225.053,13.602,0.115
27/01/2026 04:51:35 PM (UTC+1030),6278562.577,491225.277,13.602,0.115
27/01/2026 04:51:36 PM (UTC+1030),6278562.545,491225.274,13.608,0.126
27/01/2026 04:51:37 PM (UTC+1030),6278562.433,491225.287,13.627,0.126
27/01/2026 04:51:38 PM (UTC+1030),6278562.379,491225.054,13.63,0.126
27/01/2026 04:51:39 PM (UTC+1030),6278562.219,491225.043,13.611,0.128
27/01/2026 04:51:40 PM (UTC+1030),6278562.244,491225.169,13.603,0.115
27/01/2026 04:51:41 PM (UTC+1030),6278562.422,491225.519,13.6,0.115
27/01/2026 04:51:42 PM (UTC+1030),6278562.257,491225.435,13.612,0.115
27/01/2026 04:51:43 PM (UTC+1030),6278561.968,491225.644,13.611,0.126
27/01/2026 04:51:44 PM (UTC+1030),6278561.936,491225.436,13.551,0.126
27/01/2026 04:51:45 PM (UTC+1030),6278561.964,491225.669,13.573,0.126
27/01/2026 04:51:46 PM (UTC+1030),6278561.944,491225.724,13.598,0.128
27/01/2026 04:51:47 PM (UTC+1030),6278562.098,491225.565,13.582,0.128
27/01/2026 04:51:48 PM (UTC+1030),6278562.17,491225.487,13.59,0.128
27/01/2026 04:51:49 PM (UTC+1030),6278562.078,491225.413,13.575,0.128
27/01/2026 04:51:50 PM (UTC+1030),6278562.086,491225.417,13.579,0.126
27/01/2026 04:51:51 PM (UTC+1030),6278562.122,491225.388,13.592,0.112
27/01/2026 04:51:52 PM (UTC+1030),6278562.178,491225.473,13.609,0.112
27/01/2026 04:51:53 PM (UTC+1030),6278562.021,491225.69,13.586,0.112
27/01/2026 04:51:54 PM (UTC+1030),6278562.067,491225.687,13.566,0.121
27/01/2026 04:51:55 PM (UTC+1030),6278561.877,491225.428,13.596,0.121
27/01/2026 04:51:56 PM (UTC+1030),6278561.567,491225.046,13.485,0.109
27/01/2026 04:51:57 PM (UTC+1030),6278561.629,491225.15,13.529,0.109
27/01/2026 04:51:58 PM (UTC+1030),6278561.352,491225.212,13.388,0.12
27/01/2026 04:51:59 PM (UTC+1030),6278561.407,491225.517,13.395,0.122
27/01/2026 04:52:00 PM (UTC+1030),6278561.191,491224.843,13.401,0.107
27/01/2026 04:52:01 PM (UTC+1030),6278561.487,491225.094,13.522,0.12
27/01/2026 04:52:02 PM (UTC+1030),6278561.383,491225.133,13.526,0.126
27/01/2026 04:52:03 PM (UTC+1030),6278561.574,491225.295,13.538,0.128
27/01/2026 04:52:04 PM (UTC+1030),6278561.532,491225.202,13.555,0.128
27/01/2026 04:52:05 PM (UTC+1030),6278561.288,491225.142,13.513,0.164
27/01/2026 04:52:06 PM (UTC+1030),6278561.283,491225.26,13.499,0.166
27/01/2026 04:52:07 PM (UTC+1030),6278561.258,491225.22,13.506,0.151
27/01/2026 04:52:08 PM (UTC+1030),6278561.556,491224.878,13.503,0.151
27/01/2026 04:52:09 PM (UTC+1030),6278561.534,491224.674,13.485,0.106
27/01/2026 04:52:10 PM (UTC+1030),6278561.397,491224.559,13.475,0.106
27/01/2026 04:52:11 PM (UTC+1030),6278561.395,491224.862,13.509,0.112
27/01/2026 04:52:12 PM (UTC+1030),6278561.246,491224.595,13.467,0.112
27/01/2026 04:52:13 PM (UTC+1030),6278561.267,491224.56,13.483,0.112
27/01/2026 04:52:14 PM (UTC+1030),6278561.247,491224.729,13.489,0.11
27/01/2026 04:52:15 PM (UTC+1030),6278561.528,491225.122,13.517,0.11
27/01/2026 04:52:16 PM (UTC+1030),6278561.57,491225.207,13.515,0.112
27/01/2026 04:52:17 PM (UTC+1030),6278561.513,491225.004,13.48,0.114
27/01/2026 04:52:18 PM (UTC+1030),6278561.425,491225.062,13.492,0.115
27/01/2026 04:52:19 PM (UTC+1030),6278561.489,491225.09,13.503,0.115
27/01/2026 04:52:20 PM (UTC+1030),6278561.552,491225.143,13.514,0.112
27/01/2026 04:52:21 PM (UTC+1030),6278561.648,491225.24,13.476,0.101
27/01/2026 04:52:22 PM (UTC+1030),6278561.729,491225.305,13.445,0.101
27/01/2026 04:52:23 PM (UTC+1030),6278561.648,491225.258,13.443,0.103
27/01/2026 04:52:24 PM (UTC+1030),6278561.63,491225.286,13.447,0.111
27/01/2026 04:52:25 PM (UTC+1030),6278561.654,491225.28,13.458,0.098
27/01/2026 04:52:26 PM (UTC+1030),6278561.635,491225.214,13.486,0.099
27/01/2026 04:52:27 PM (UTC+1030),6278561.701,491225.261,13.457,0.099
27/01/2026 04:52:28 PM (UTC+1030),6278561.575,491225.143,13.496,0.107
27/01/2026 04:52:29 PM (UTC+1030),6278561.266,491224.966,13.491,0.097
27/01/2026 04:52:30 PM (UTC+1030),6278561.506,491225.076,13.503,0.097
27/01/2026 04:52:31 PM (UTC+1030),6278561.527,491224.917,13.528,0.1
27/01/2026 04:52:32 PM (UTC+1030),6278561.37,491224.796,13.487,0.1
27/01/2026 04:52:33 PM (UTC+1030),6278561.289,491224.735,13.451,0.107
27/01/2026 04:52:34 PM (UTC+1030),6278561.077,491224.948,13.443,0.109
27/01/2026 04:52:35 PM (UTC+1030),6278560.744,491224.606,13.419,0.107
27/01/2026 04:52:36 PM (UTC+1030),6278560.503,491224.825,13.431,0.109
27/01/2026 04:52:37 PM (UTC+1030),6278560.484,491224.559,13.409,0.109
27/01/2026 04:52:38 PM (UTC+1030),6278560.287,491224.587,13.433,0.114
27/01/2026 04:52:39 PM (UTC+1030),6278560.396,491224.533,13.423,0.116
27/01/2026 04:52:40 PM (UTC+1030),6278560.358,491224.56,13.41,0.119
27/01/2026 04:52:41 PM (UTC+1030),6278560.338,491224.601,13.408,0.121
27/01/2026 04:52:42 PM (UTC+1030),6278560.351,491224.572,13.407,0.121
27/01/2026 04:52:43 PM (UTC+1030),6278560.369,491224.566,13.403,0.12
27/01/2026 04:52:44 PM (UTC+1030),6278560.376,491224.564,13.402,0.12
27/01/2026 04:52:45 PM (UTC+1030),6278560.374,491224.572,13.405,0.12
27/01/2026 04:52:46 PM (UTC+1030),6278560.37,491224.593,13.405,0.1
27/01/2026 04:52:47 PM (UTC+1030),6278560.364,491224.558,13.402,0.099
27/01/2026 04:52:48 PM (UTC+1030),6278560.361,491224.544,13.404,0.099
27/01/2026 04:52:49 PM (UTC+1030),6278560.356,491224.557,13.412,0.099
27/01/2026 04:52:50 PM (UTC+1030),6278560.364,491224.578,13.412,0.099
27/01/2026 04:52:51 PM (UTC+1030),6278560.368,491224.555,13.409,0.1
27/01/2026 04:52:52 PM (UTC+1030),6278560.376,491224.559,13.411,0.1
27/01/2026 04:52:53 PM (UTC+1030),6278560.396,491224.53,13.413,0.1
27/01/2026 04:52:54 PM (UTC+1030),6278560.28,491224.222,13.383,0.1
27/01/2026 04:52:55 PM (UTC+1030),6278560.014,491223.541,13.443,0.1
27/01/2026 04:52:56 PM (UTC+1030),6278559.618,491222.77,13.423,0.102
27/01/2026 04:52:57 PM (UTC+1030),6278559.316,491221.956,13.481,0.102
27/01/2026 04:52:58 PM (UTC+1030),6278559.295,491221.18,13.476,0.102
27/01/2026 04:52:59 PM (UTC+1030),6278559.268,491220.497,13.456,0.113
27/01/2026 04:53:00 PM (UTC+1030),6278559.177,491219.88,13.452,0.113
27/01/2026 04:53:01 PM (UTC+1030),6278559.179,491219.236,13.466,0.118
27/01/2026 04:53:02 PM (UTC+1030),6278558.995,491218.675,13.439,0.118
27/01/2026 04:53:03 PM (UTC+1030),6278558.914,491218.059,13.414,0.118
27/01/2026 04:53:04 PM (UTC+1030),6278558.615,491217.644,13.424,0.12
27/01/2026 04:53:05 PM (UTC+1030),6278558.616,491217.104,13.422,0.12
27/01/2026 04:53:06 PM (UTC+1030),6278558.66,491216.611,13.406,0.122
27/01/2026 04:53:07 PM (UTC+1030),6278558.651,491216.311,13.424,0.12
27/01/2026 04:53:08 PM (UTC+1030),6278558.217,491215.98,13.399,0.12
27/01/2026 04:53:09 PM (UTC+1030),6278557.659,491215.813,13.405,0.118
27/01/2026 04:53:10 PM (UTC+1030),6278557.217,491215.728,13.372,0.116
27/01/2026 04:53:11 PM (UTC+1030),6278556.991,491215.455,13.328,0.118
27/01/2026 04:53:12 PM (UTC+1030),6278556.825,491215.284,13.343,0.118
27/01/2026 04:53:13 PM (UTC+1030),6278556.831,491215.267,13.347,0.118
27/01/2026 04:53:14 PM (UTC+1030),6278556.867,491215.211,13.335,0.118
27/01/2026 04:53:15 PM (UTC+1030),6278556.791,491215.03,13.316,0.116
27/01/2026 04:53:16 PM (UTC+1030),6278556.614,491214.795,13.325,0.116
27/01/2026 04:53:17 PM (UTC+1030),6278556.137,491214.355,13.33,0.116
27/01/2026 04:53:18 PM (UTC+1030),6278556.246,491214.154,13.307,0.118
27/01/2026 04:53:19 PM (UTC+1030),6278556.231,491214.202,13.303,0.1
27/01/2026 04:53:20 PM (UTC+1030),6278556.268,491214.182,13.306,0.1
27/01/2026 04:53:21 PM (UTC+1030),6278556.279,491214.218,13.306,0.113
27/01/2026 04:53:22 PM (UTC+1030),6278556.307,491214.135,13.298,0.113
27/01/2026 04:53:23 PM (UTC+1030),6278556.004,491213.529,13.288,0.113
27/01/2026 04:53:24 PM (UTC+1030),6278555.79,491212.804,13.257,0.097
27/01/2026 04:53:25 PM (UTC+1030),6278555.317,491212.542,13.263,0.097
27/01/2026 04:53:26 PM (UTC+1030),6278555.166,491212.07,13.251,0.1
27/01/2026 04:53:27 PM (UTC+1030),6278554.984,491211.868,13.207,0.1
27/01/2026 04:53:28 PM (UTC+1030),6278554.81,491211.443,13.201,0.1
27/01/2026 04:53:29 PM (UTC+1030),6278554.515,491211.207,13.206,0.111
27/01/2026 04:53:30 PM (UTC+1030),6278554.527,491210.939,13.187,0.111
27/01/2026 04:53:31 PM (UTC+1030),6278554.867,491210.714,13.215,0.116
27/01/2026 04:53:32 PM (UTC+1030),6278554.981,491210.652,13.227,0.116
27/01/2026 04:53:33 PM (UTC+1030),6278554.993,491210.596,13.21,0.116
27/01/2026 04:53:34 PM (UTC+1030),6278555.002,491210.496,13.208,0.115
27/01/2026 04:53:35 PM (UTC+1030),6278554.946,491210.451,13.214,0.115
27/01/2026 04:53:36 PM (UTC+1030),6278554.917,491210.531,13.221,0.116
27/01/2026 04:53:37 PM (UTC+1030),6278554.955,491210.495,13.208,0.115
27/01/2026 04:53:38 PM (UTC+1030),6278554.956,491210.532,13.209,0.115
27/01/2026 04:53:39 PM (UTC+1030),6278554.945,491210.538,13.204,0.113
27/01/2026 04:53:40 PM (UTC+1030),6278554.946,491210.531,13.205,0.095
27/01/2026 04:53:41 PM (UTC+1030),6278554.952,491210.545,13.2,0.097
27/01/2026 04:53:42 PM (UTC+1030),6278554.942,491210.512,13.2,0.097
27/01/2026 04:53:43 PM (UTC+1030),6278554.926,491210.532,13.194,0.097
27/01/2026 04:53:44 PM (UTC+1030),6278554.941,491210.514,13.187,0.097
27/01/2026 04:53:45 PM (UTC+1030),6278554.934,491210.52,13.19,0.097
27/01/2026 04:53:46 PM (UTC+1030),6278554.939,491210.52,13.192,0.099
27/01/2026 04:53:47 PM (UTC+1030),6278554.941,491210.516,13.197,0.099
27/01/2026 04:53:48 PM (UTC+1030),6278554.925,491210.482,13.207,0.099
27/01/2026 04:53:49 PM (UTC+1030),6278554.73,491210.28,13.18,0.099
27/01/2026 04:53:50 PM (UTC+1030),6278554.376,491209.853,13.192,0.099
27/01/2026 04:53:51 PM (UTC+1030),6278554.073,491209.049,13.051,0.1
27/01/2026 04:53:52 PM (UTC+1030),6278553.821,491208.416,13.097,0.102
27/01/2026 04:53:53 PM (UTC+1030),6278553.448,491207.853,13.084,0.102
27/01/2026 04:53:54 PM (UTC+1030),6278553.222,491207.172,13.061,0.102
27/01/2026 04:53:55 PM (UTC+1030),6278552.915,491206.587,13.029,0.102
27/01/2026 04:53:56 PM (UTC+1030),6278552.602,491205.864,13.037,0.116
27/01/2026 04:53:57 PM (UTC+1030),6278552.313,491205.12,13.019,0.116
27/01/2026 04:53:58 PM (UTC+1030),6278551.98,491204.373,12.965,0.118
27/01/2026 04:53:59 PM (UTC+1030),6278551.592,491203.718,12.984,0.12
27/01/2026 04:54:00 PM (UTC+1030),6278551.338,491202.886,12.923,0.118
27/01/2026 04:54:01 PM (UTC+1030),6278551.046,491202.131,12.978,0.118
27/01/2026 04:54:02 PM (UTC+1030),6278550.572,491201.475,12.922,0.118
27/01/2026 04:54:03 PM (UTC+1030),6278550.203,491200.661,12.884,0.118
27/01/2026 04:54:04 PM (UTC+1030),6278549.818,491199.885,12.859,0.118
27/01/2026 04:54:05 PM (UTC+1030),6278549.326,491199.156,12.854,0.118
27/01/2026 04:54:06 PM (UTC+1030),6278548.979,491198.406,12.794,0.12
27/01/2026 04:54:07 PM (UTC+1030),6278548.626,491197.629,12.798,0.12
27/01/2026 04:54:08 PM (UTC+1030),6278548.213,491197.014,12.768,0.12
27/01/2026 04:54:09 PM (UTC+1030),6278547.875,491196.211,12.696,0.116
27/01/2026 04:54:10 PM (UTC+1030),6278547.537,491195.345,12.683,0.116
27/01/2026 04:54:11 PM (UTC+1030),6278546.967,491194.594,12.594,0.118
27/01/2026 04:54:12 PM (UTC+1030),6278546.448,491193.812,12.581,0.118
27/01/2026 04:54:13 PM (UTC+1030),6278546.149,491193.072,12.544,0.116
27/01/2026 04:54:14 PM (UTC+1030),6278545.729,491192.278,12.483,0.116
27/01/2026 04:54:15 PM (UTC+1030),6278545.265,491191.467,12.479,0.115
27/01/2026 04:54:16 PM (UTC+1030),6278544.913,491190.589,12.411,0.116
27/01/2026 04:54:17 PM (UTC+1030),6278544.442,491189.791,12.336,0.118
27/01/2026 04:54:18 PM (UTC+1030),6278543.98,491188.971,12.323,0.116
27/01/2026 04:54:19 PM (UTC+1030),6278543.674,491188.145,12.251,0.115
27/01/2026 04:54:20 PM (UTC+1030),6278543.219,491187.34,12.221,0.115
27/01/2026 04:54:21 PM (UTC+1030),6278542.809,491186.53,12.148,0.116
27/01/2026 04:54:22 PM (UTC+1030),6278542.472,491185.729,12.113,0.116
27/01/2026 04:54:23 PM (UTC+1030),6278542.248,491184.919,12.095,0.116
27/01/2026 04:54:24 PM (UTC+1030),6278541.846,491184.114,12.055,0.115
27/01/2026 04:54:25 PM (UTC+1030),6278541.503,491183.315,12.029,0.116
27/01/2026 04:54:26 PM (UTC+1030),6278541.201,491182.483,11.967,0.115
27/01/2026 04:54:27 PM (UTC+1030),6278540.726,491181.716,11.917,0.115
27/01/2026 04:54:28 PM (UTC+1030),6278540.288,491180.941,11.873,0.115
27/01/2026 04:54:29 PM (UTC+1030),6278539.874,491180.157,11.851,0.111
27/01/2026 04:54:30 PM (UTC+1030),6278539.615,491179.346,11.791,0.111
27/01/2026 04:54:31 PM (UTC+1030),6278539.265,491178.608,11.738,0.113
27/01/2026 04:54:32 PM (UTC+1030),6278538.915,491177.943,11.7,0.113
27/01/2026 04:54:33 PM (UTC+1030),6278538.625,491177.111,11.642,0.113
27/01/2026 04:54:34 PM (UTC+1030),6278538.447,491176.377,11.62,0.111
27/01/2026 04:54:35 PM (UTC+1030),6278538.05,491175.781,11.573,0.109
27/01/2026 04:54:36 PM (UTC+1030),6278537.666,491174.989,11.523,0.111
27/01/2026 04:54:37 PM (UTC+1030),6278537.396,491174.397,11.523,0.113
27/01/2026 04:54:38 PM (UTC+1030),6278537.019,491173.756,11.512,0.111
27/01/2026 04:54:39 PM (UTC+1030),6278536.65,491172.821,11.393,0.109
27/01/2026 04:54:40 PM (UTC+1030),6278536.468,491171.955,11.395,0.109
27/01/2026 04:54:41 PM (UTC+1030),6278536.084,491171.274,11.356,0.109
27/01/2026 04:54:42 PM (UTC+1030),6278535.713,491170.501,11.337,0.111
27/01/2026 04:54:43 PM (UTC+1030),6278535.478,491169.649,11.323,0.111
27/01/2026 04:54:44 PM (UTC+1030),6278535.13,491168.882,11.282,0.111
27/01/2026 04:54:45 PM (UTC+1030),6278534.756,491168.116,11.284,0.111
27/01/2026 04:54:46 PM (UTC+1030),6278534.562,491167.261,11.2,0.113
27/01/2026 04:54:47 PM (UTC+1030),6278534.236,491166.396,11.183,0.113
27/01/2026 04:54:48 PM (UTC+1030),6278533.82,491165.611,11.172,0.113
27/01/2026 04:54:49 PM (UTC+1030),6278533.502,491164.749,11.092,0.113
27/01/2026 04:54:50 PM (UTC+1030),6278533.191,491163.802,11.069,0.111
27/01/2026 04:54:51 PM (UTC+1030),6278532.792,491162.967,10.988,0.113
27/01/2026 04:54:52 PM (UTC+1030),6278532.398,491162.181,10.995,0.113
27/01/2026 04:54:53 PM (UTC+1030),6278532.137,491161.364,10.926,0.111
27/01/2026 04:54:54 PM (UTC+1030),6278531.867,491160.526,10.914,0.113
27/01/2026 04:54:55 PM (UTC+1030),6278531.492,491159.661,10.874,0.113
27/01/2026 04:54:56 PM (UTC+1030),6278531.078,491158.742,10.799,0.111
27/01/2026 04:54:57 PM (UTC+1030),6278530.799,491157.826,10.783,0.111
27/01/2026 04:54:58 PM (UTC+1030),6278530.401,491156.951,10.67,0.111
27/01/2026 04:54:59 PM (UTC+1030),6278530.002,491156.072,10.666,0.107
27/01/2026 04:55:00 PM (UTC+1030),6278529.612,491155.12,10.565,0.107
27/01/2026 04:55:01 PM (UTC+1030),6278529.279,491154.201,10.489,0.109
27/01/2026 04:55:02 PM (UTC+1030),6278528.957,491153.236,10.404,0.109
27/01/2026 04:55:03 PM (UTC+1030),6278528.595,491152.375,10.382,0.107
27/01/2026 04:55:04 PM (UTC+1030),6278528.18,491151.454,10.264,0.107
27/01/2026 04:55:05 PM (UTC+1030),6278527.803,491150.551,10.232,0.106
27/01/2026 04:55:06 PM (UTC+1030),6278527.508,491149.884,10.175,0.109
27/01/2026 04:55:07 PM (UTC+1030),6278527.147,491149.076,10.137,0.109
27/01/2026 04:55:08 PM (UTC+1030),6278526.839,491148.223,10.098,0.107
27/01/2026 04:55:09 PM (UTC+1030),6278526.514,491147.349,10.019,0.106
27/01/2026 04:55:10 PM (UTC+1030),6278526.126,491146.561,9.96,0.106
27/01/2026 04:55:11 PM (UTC+1030),6278525.691,491145.662,9.895,0.107
27/01/2026 04:55:12 PM (UTC+1030),6278525.255,491144.759,9.819,0.107
27/01/2026 04:55:13 PM (UTC+1030),6278524.886,491143.827,9.735,0.107
27/01/2026 04:55:14 PM (UTC+1030),6278524.628,491142.969,9.683,0.107
27/01/2026 04:55:15 PM (UTC+1030),6278524.433,491142.129,9.643,0.107
27/01/2026 04:55:16 PM (UTC+1030),6278524.077,491141.212,9.533,0.106
27/01/2026 04:55:17 PM (UTC+1030),6278523.748,491140.399,9.483,0.106
27/01/2026 04:55:18 PM (UTC+1030),6278523.392,491139.613,9.404,0.106
27/01/2026 04:55:19 PM (UTC+1030),6278523.041,491138.793,9.315,0.106
27/01/2026 04:55:20 PM (UTC+1030),6278522.849,491138.04,9.283,0.104
27/01/2026 04:55:21 PM (UTC+1030),6278522.573,491137.231,9.155,0.106
27/01/2026 04:55:22 PM (UTC+1030),6278522.306,491136.344,9.128,0.106
27/01/2026 04:55:23 PM (UTC+1030),6278522.202,491135.523,9.07,0.106
27/01/2026 04:55:24 PM (UTC+1030),6278521.904,491134.692,8.983,0.107
27/01/2026 04:55:25 PM (UTC+1030),6278521.515,491133.883,8.944,0.107
27/01/2026 04:55:26 PM (UTC+1030),6278521.359,491133.072,8.867,0.106
27/01/2026 04:55:27 PM (UTC+1030),6278521.111,491132.224,8.759,0.106
27/01/2026 04:55:28 PM (UTC+1030),6278520.577,491131.478,8.766,0.106
27/01/2026 04:55:29 PM (UTC+1030),6278520.243,491130.687,8.67,0.107
27/01/2026 04:55:30 PM (UTC+1030),6278519.897,491129.799,8.615,0.104
27/01/2026 04:55:31 PM (UTC+1030),6278519.475,491129.047,8.536,0.107
27/01/2026 04:55:32 PM (UTC+1030),6278519.035,491128.229,8.378,0.107
27/01/2026 04:55:33 PM (UTC+1030),6278518.695,491127.468,8.364,0.107
27/01/2026 04:55:34 PM (UTC+1030),6278518.373,491126.718,8.257,0.107
27/01/2026 04:55:35 PM (UTC+1030),6278518.018,491126.048,8.21,0.106
27/01/2026 04:55:36 PM (UTC+1030),6278517.664,491125.234,8.142,0.107
27/01/2026 04:55:37 PM (UTC+1030),6278517.513,491124.513,8.115,0.106
27/01/2026 04:55:38 PM (UTC+1030),6278517.299,491123.713,8.036,0.106
27/01/2026 04:55:39 PM (UTC+1030),6278517,491122.971,8,0.104
27/01/2026 04:55:40 PM (UTC+1030),6278516.719,491122.113,7.906,0.104
27/01/2026 04:55:41 PM (UTC+1030),6278516.545,491121.199,7.855,0.106
27/01/2026 04:55:42 PM (UTC+1030),6278516.132,491120.321,7.708,0.106
27/01/2026 04:55:43 PM (UTC+1030),6278515.738,491119.52,7.699,0.106
27/01/2026 04:55:44 PM (UTC+1030),6278515.537,491118.746,7.591,0.106
27/01/2026 04:55:45 PM (UTC+1030),6278515.266,491117.819,7.572,0.102
27/01/2026 04:55:46 PM (UTC+1030),6278514.938,491116.976,7.476,0.106
27/01/2026 04:55:47 PM (UTC+1030),6278514.621,491116.035,7.416,0.106
27/01/2026 04:55:48 PM (UTC+1030),6278514.196,491115.155,7.361,0.106
27/01/2026 04:55:49 PM (UTC+1030),6278513.748,491114.329,7.298,0.102
27/01/2026 04:55:50 PM (UTC+1030),6278513.314,491113.459,7.285,0.102
27/01/2026 04:55:51 PM (UTC+1030),6278513.015,491112.574,7.198,0.104
27/01/2026 04:55:52 PM (UTC+1030),6278512.661,491111.757,7.142,0.104
27/01/2026 04:55:53 PM (UTC+1030),6278512.298,491110.883,7.079,0.104
27/01/2026 04:55:54 PM (UTC+1030),6278511.804,491110.092,7.048,0.104
27/01/2026 04:55:55 PM (UTC+1030),6278511.56,491109.276,6.994,0.104
27/01/2026 04:55:56 PM (UTC+1030),6278511.442,491108.464,6.926,0.104
27/01/2026 04:55:57 PM (UTC+1030),6278511.069,491107.512,6.882,0.104
27/01/2026 04:55:58 PM (UTC+1030),6278510.682,491106.564,6.829,0.104
27/01/2026 04:55:59 PM (UTC+1030),6278510.405,491105.677,6.757,0.1
27/01/2026 04:56:00 PM (UTC+1030),6278510.137,491104.77,6.718,0.102
27/01/2026 04:56:01 PM (UTC+1030),6278509.939,491103.946,6.673,0.104
27/01/2026 04:56:02 PM (UTC+1030),6278509.575,491102.966,6.629,0.104
27/01/2026 04:56:03 PM (UTC+1030),6278509.164,491102.108,6.59,0.104
27/01/2026 04:56:04 PM (UTC+1030),6278508.84,491101.259,6.545,0.104
27/01/2026 04:56:05 PM (UTC+1030),6278508.476,491100.548,6.485,0.1
27/01/2026 04:56:06 PM (UTC+1030),6278508.112,491099.677,6.468,0.104
27/01/2026 04:56:07 PM (UTC+1030),6278507.892,491098.781,6.344,0.106
27/01/2026 04:56:08 PM (UTC+1030),6278507.666,491097.904,6.266,0.106
27/01/2026 04:56:09 PM (UTC+1030),6278507.305,491097.196,6.195,0.102
27/01/2026 04:56:10 PM (UTC+1030),6278506.957,491096.375,6.149,0.104
27/01/2026 04:56:11 PM (UTC+1030),6278506.439,491095.49,6.065,0.106
27/01/2026 04:56:12 PM (UTC+1030),6278506.235,491094.561,6.02,0.106
27/01/2026 04:56:13 PM (UTC+1030),6278505.956,491093.568,5.936,0.106
27/01/2026 04:56:14 PM (UTC+1030),6278505.561,491092.732,5.881,0.106
27/01/2026 04:56:15 PM (UTC+1030),6278505.242,491091.754,5.809,0.106
27/01/2026 04:56:16 PM (UTC+1030),6278504.977,491090.798,5.701,0.104
27/01/2026 04:56:17 PM (UTC+1030),6278504.651,491089.968,5.679,0.101
27/01/2026 04:56:18 PM (UTC+1030),6278504.293,491089.184,5.595,0.101
27/01/2026 04:56:19 PM (UTC+1030),6278503.939,491088.274,5.521,0.1
27/01/2026 04:56:20 PM (UTC+1030),6278503.553,491087.268,5.462,0.1
27/01/2026 04:56:21 PM (UTC+1030),6278503.341,491086.395,5.409,0.1
27/01/2026 04:56:22 PM (UTC+1030),6278503.038,491085.568,5.302,0.102
27/01/2026 04:56:23 PM (UTC+1030),6278502.568,491084.693,5.259,0.1
27/01/2026 04:56:24 PM (UTC+1030),6278502.092,491083.774,5.233,0.1
27/01/2026 04:56:25 PM (UTC+1030),6278501.835,491082.882,5.167,0.099
27/01/2026 04:56:26 PM (UTC+1030),6278501.463,491082.128,5.091,0.102
27/01/2026 04:56:27 PM (UTC+1030),6278501.088,491081.267,5.096,0.102
27/01/2026 04:56:28 PM (UTC+1030),6278500.763,491080.429,5.054,0.102
27/01/2026 04:56:29 PM (UTC+1030),6278500.374,491079.648,4.929,0.1
27/01/2026 04:56:30 PM (UTC+1030),6278499.913,491078.747,4.93,0.1
27/01/2026 04:56:31 PM (UTC+1030),6278499.64,491077.804,4.866,0.104
27/01/2026 04:56:32 PM (UTC+1030),6278499.266,491076.912,4.841,0.104
27/01/2026 04:56:33 PM (UTC+1030),6278498.789,491076.031,4.766,0.104
27/01/2026 04:56:34 PM (UTC+1030),6278498.364,491075.006,4.746,0.104
27/01/2026 04:56:35 PM (UTC+1030),6278498.026,491074.007,4.643,0.102
27/01/2026 04:56:36 PM (UTC+1030),6278497.645,491073.05,4.636,0.104
27/01/2026 04:56:37 PM (UTC+1030),6278497.285,491072.216,4.534,0.104
27/01/2026 04:56:38 PM (UTC+1030),6278496.921,491071.276,4.542,0.104
27/01/2026 04:56:39 PM (UTC+1030),6278496.57,491070.313,4.441,0.104
27/01/2026 04:56:40 PM (UTC+1030),6278496.293,491069.319,4.391,0.1
27/01/2026 04:56:41 PM (UTC+1030),6278495.974,491068.291,4.296,0.102
27/01/2026 04:56:42 PM (UTC+1030),6278495.571,491067.383,4.245,0.102
27/01/2026 04:56:43 PM (UTC+1030),6278495.41,491066.454,4.237,0.102
27/01/2026 04:56:44 PM (UTC+1030),6278495.283,491065.398,4.188,0.1
27/01/2026 04:56:45 PM (UTC+1030),6278495.209,491064.412,4.112,0.1
27/01/2026 04:56:46 PM (UTC+1030),6278494.859,491063.434,4.067,0.102
27/01/2026 04:56:47 PM (UTC+1030),6278494.574,491062.576,3.998,0.102
27/01/2026 04:56:48 PM (UTC+1030),6278494.207,491061.608,3.982,0.102
27/01/2026 04:56:49 PM (UTC+1030),6278493.852,491060.627,3.878,0.1
27/01/2026 04:56:50 PM (UTC+1030),6278493.527,491059.661,3.865,0.1
27/01/2026 04:56:51 PM (UTC+1030),6278493.108,491058.741,3.772,0.104
27/01/2026 04:56:52 PM (UTC+1030),6278492.55,491057.788,3.684,0.104
27/01/2026 04:56:53 PM (UTC+1030),6278492.03,491056.868,3.731,0.102
27/01/2026 04:56:54 PM (UTC+1030),6278491.691,491055.976,3.68,0.102
27/01/2026 04:56:55 PM (UTC+1030),6278491.343,491055.088,3.679,0.1
27/01/2026 04:56:56 PM (UTC+1030),6278490.931,491054.175,3.61,0.102
27/01/2026 04:56:57 PM (UTC+1030),6278490.55,491053.152,3.579,0.102
27/01/2026 04:56:58 PM (UTC+1030),6278490.224,491052.175,3.503,0.102
27/01/2026 04:56:59 PM (UTC+1030),6278489.953,491051.258,3.502,0.101
27/01/2026 04:57:00 PM (UTC+1030),6278489.589,491050.39,3.395,0.101
27/01/2026 04:57:01 PM (UTC+1030),6278488.974,491049.455,3.418,0.102
27/01/2026 04:57:02 PM (UTC+1030),6278488.587,491048.481,3.327,0.104
27/01/2026 04:57:03 PM (UTC+1030),6278488.389,491047.522,3.321,0.102
27/01/2026 04:57:04 PM (UTC+1030),6278488.061,491046.564,3.247,0.102
27/01/2026 04:57:05 PM (UTC+1030),6278487.723,491045.693,3.26,0.104
27/01/2026 04:57:06 PM (UTC+1030),6278487.477,491044.675,3.176,0.102
27/01/2026 04:57:07 PM (UTC+1030),6278487.313,491043.741,3.182,0.102
27/01/2026 04:57:08 PM (UTC+1030),6278486.903,491042.916,3.097,0.104
27/01/2026 04:57:09 PM (UTC+1030),6278486.452,491042.008,3.094,0.1
27/01/2026 04:57:10 PM (UTC+1030),6278486.243,491041.132,3.048,0.1
27/01/2026 04:57:11 PM (UTC+1030),6278485.94,491040.257,3.027,0.104
27/01/2026 04:57:12 PM (UTC+1030),6278485.537,491039.421,2.974,0.104
27/01/2026 04:57:13 PM (UTC+1030),6278485.182,491038.443,2.887,0.104
27/01/2026 04:57:14 PM (UTC+1030),6278484.846,491037.633,2.918,0.104
27/01/2026 04:57:15 PM (UTC+1030),6278484.443,491036.884,2.877,0.102
27/01/2026 04:57:16 PM (UTC+1030),6278484.006,491036.008,2.877,0.104
27/01/2026 04:57:17 PM (UTC+1030),6278483.623,491035.207,2.825,0.104
27/01/2026 04:57:18 PM (UTC+1030),6278483.348,491034.356,2.746,0.104
27/01/2026 04:57:19 PM (UTC+1030),6278482.867,491033.616,2.773,0.102
27/01/2026 04:57:20 PM (UTC+1030),6278482.567,491032.84,2.703,0.102
27/01/2026 04:57:21 PM (UTC+1030),6278481.812,491032.143,2.682,0.104
27/01/2026 04:57:22 PM (UTC+1030),6278481.081,491031.805,2.676,0.104
27/01/2026 04:57:23 PM (UTC+1030),6278480.24,491031.251,2.618,0.102
27/01/2026 04:57:24 PM (UTC+1030),6278479.577,491030.588,2.597,0.104
27/01/2026 04:57:25 PM (UTC+1030),6278478.927,491030.059,2.554,0.102
27/01/2026 04:57:26 PM (UTC+1030),6278478.274,491029.58,2.565,0.104
27/01/2026 04:57:27 PM (UTC+1030),6278477.688,491029.028,2.518,0.104
27/01/2026 04:57:28 PM (UTC+1030),6278477.091,491028.367,2.508,0.104
27/01/2026 04:57:29 PM (UTC+1030),6278476.522,491027.875,2.49,0.102
27/01/2026 04:57:30 PM (UTC+1030),6278475.868,491027.136,2.416,0.104
27/01/2026 04:57:31 PM (UTC+1030),6278475.465,491026.393,2.431,0.106
27/01/2026 04:57:32 PM (UTC+1030),6278475.021,491025.78,2.439,0.104
27/01/2026 04:57:33 PM (UTC+1030),6278474.608,491025.157,2.428,0.104
27/01/2026 04:57:34 PM (UTC+1030),6278474.145,491024.756,2.453,0.104
27/01/2026 04:57:35 PM (UTC+1030),6278473.698,491024.488,2.354,0.106
27/01/2026 04:57:36 PM (UTC+1030),6278473.122,491023.855,2.263,0.106
27/01/2026 04:57:37 PM (UTC+1030),6278472.699,491023.087,2.225,0.106
27/01/2026 04:57:38 PM (UTC+1030),6278472.358,491022.471,2.239,0.107
27/01/2026 04:57:39 PM (UTC+1030),6278472.225,491021.787,2.199,0.106
27/01/2026 04:57:40 PM (UTC+1030),6278472.056,491020.971,2.228,0.106
27/01/2026 04:57:41 PM (UTC+1030),6278471.743,491020.324,2.198,0.107
27/01/2026 04:57:42 PM (UTC+1030),6278471.602,491020.089,2.191,0.107
27/01/2026 04:57:43 PM (UTC+1030),6278471.54,491019.958,2.19,0.106
27/01/2026 04:57:44 PM (UTC+1030),6278471.535,491019.932,2.194,0.102
27/01/2026 04:57:45 PM (UTC+1030),6278471.525,491019.963,2.194,0.102
27/01/2026 04:57:46 PM (UTC+1030),6278471.541,491019.951,2.192,0.106
27/01/2026 04:57:47 PM (UTC+1030),6278471.553,491019.926,2.192,0.106
27/01/2026 04:57:48 PM (UTC+1030),6278471.552,491019.942,2.192,0.104
27/01/2026 04:57:49 PM (UTC+1030),6278471.542,491019.96,2.2,0.076
27/01/2026 04:57:50 PM (UTC+1030),6278471.539,491019.951,2.197,0.076
27/01/2026 04:57:51 PM (UTC+1030),6278471.534,491019.957,2.188,0.078
27/01/2026 04:57:52 PM (UTC+1030),6278471.558,491019.945,2.193,0.078
27/01/2026 04:57:53 PM (UTC+1030),6278471.55,491019.939,2.188,0.08
27/01/2026 04:57:54 PM (UTC+1030),6278471.421,491019.933,2.197,0.08
27/01/2026 04:57:55 PM (UTC+1030),6278471.466,491019.709,2.203,0.08
27/01/2026 04:57:56 PM (UTC+1030),6278471.346,491019.621,2.215,0.083
27/01/2026 04:57:57 PM (UTC+1030),6278471.307,491019.618,2.203,0.083
27/01/2026 04:57:58 PM (UTC+1030),6278471.335,491019.662,2.193,0.083
27/01/2026 04:57:59 PM (UTC+1030),6278471.327,491019.67,2.194,0.097
27/01/2026 04:58:00 PM (UTC+1030),6278471.335,491019.67,2.191,0.097
27/01/2026 04:58:01 PM (UTC+1030),6278471.344,491019.658,2.202,0.101
27/01/2026 04:58:02 PM (UTC+1030),6278471.32,491019.646,2.209,0.101
27/01/2026 04:58:03 PM (UTC+1030),6278471.32,491019.66,2.206,0.101
27/01/2026 04:58:04 PM (UTC+1030),6278471.331,491019.649,2.21,0.083
27/01/2026 04:58:05 PM (UTC+1030),6278471.341,491019.656,2.211,0.083
27/01/2026 04:58:06 PM (UTC+1030),6278471.349,491019.654,2.209,0.085
27/01/2026 04:58:07 PM (UTC+1030),6278471.386,491019.675,2.207,0.085
27/01/2026 04:58:08 PM (UTC+1030),6278471.634,491019.618,2.184,0.085
27/01/2026 04:58:09 PM (UTC+1030),6278471.34,491019.226,2.182,0.085
27/01/2026 04:58:10 PM (UTC+1030),6278471.324,491018.497,2.114,0.087
27/01/2026 04:58:11 PM (UTC+1030),6278471.386,491017.677,2.133,0.089
27/01/2026 04:58:12 PM (UTC+1030),6278471.137,491016.929,2.117,0.091
27/01/2026 04:58:13 PM (UTC+1030),6278470.816,491016.284,2.114,0.091
27/01/2026 04:58:14 PM (UTC+1030),6278470.604,491015.719,2.104,0.101
27/01/2026 04:58:15 PM (UTC+1030),6278470.318,491015.658,2.111,0.101
27/01/2026 04:58:16 PM (UTC+1030),6278470.294,491015.617,2.109,0.11
27/01/2026 04:58:17 PM (UTC+1030),6278470.395,491015.671,2.105,0.114
27/01/2026 04:58:18 PM (UTC+1030),6278470.438,491015.677,2.105,0.114
27/01/2026 04:58:19 PM (UTC+1030),6278470.443,491015.661,2.094,0.114
27/01/2026 04:58:20 PM (UTC+1030),6278470.429,491015.658,2.08,0.113
27/01/2026 04:58:21 PM (UTC+1030),6278470.427,491015.676,2.092,0.088
27/01/2026 04:58:22 PM (UTC+1030),6278470.415,491015.699,2.087,0.088
27/01/2026 04:58:23 PM (UTC+1030),6278470.452,491015.709,2.083,0.089
27/01/2026 04:58:24 PM (UTC+1030),6278470.538,491015.627,2.089,0.089
27/01/2026 04:58:25 PM (UTC+1030),6278470.573,491015.299,2.089,0.089
27/01/2026 04:58:26 PM (UTC+1030),6278470.587,491015.155,2.083,0.091
27/01/2026 04:58:27 PM (UTC+1030),6278470.467,491015.21,2.087,0.09
27/01/2026 04:58:28 PM (UTC+1030),6278470.478,491015.162,2.061,0.09
27/01/2026 04:58:29 PM (UTC+1030),6278470.469,491015.19,2.08,0.099
27/01/2026 04:58:30 PM (UTC+1030),6278470.433,491015.188,2.081,0.099
27/01/2026 04:58:31 PM (UTC+1030),6278470.404,491015.195,2.078,0.108
27/01/2026 04:58:32 PM (UTC+1030),6278470.398,491015.195,2.086,0.108
27/01/2026 04:58:33 PM (UTC+1030),6278470.398,491015.151,2.054,0.094
27/01/2026 04:58:34 PM (UTC+1030),6278470.452,491015.196,2.065,0.094
27/01/2026 04:58:35 PM (UTC+1030),6278470.442,491015.365,2.063,0.094
27/01/2026 04:58:36 PM (UTC+1030),6278469.793,491015.588,2.048,0.094
27/01/2026 04:58:37 PM (UTC+1030),6278469.161,491016.008,2.022,0.096
27/01/2026 04:58:38 PM (UTC+1030),6278468.337,491016.429,2.057,0.096
27/01/2026 04:58:39 PM (UTC+1030),6278467.506,491016.799,2.021,0.096
27/01/2026 04:58:40 PM (UTC+1030),6278466.578,491017.083,2.011,0.096
27/01/2026 04:58:41 PM (UTC+1030),6278465.697,491017.398,1.985,0.11
27/01/2026 04:58:42 PM (UTC+1030),6278464.824,491017.529,1.989,0.11
27/01/2026 04:58:43 PM (UTC+1030),6278464.011,491017.504,1.975,0.112
27/01/2026 04:58:44 PM (UTC+1030),6278463.28,491017.667,1.944,0.112
27/01/2026 04:58:45 PM (UTC+1030),6278462.804,491017.823,2.004,0.112
27/01/2026 04:58:46 PM (UTC+1030),6278462.781,491017.844,1.995,0.114
27/01/2026 04:58:47 PM (UTC+1030),6278462.234,491017.732,1.983,0.113
27/01/2026 04:58:48 PM (UTC+1030),6278461.945,491017.788,1.979,0.112
27/01/2026 04:58:49 PM (UTC+1030),6278461.726,491017.892,2.006,0.11
27/01/2026 04:58:50 PM (UTC+1030),6278461.156,491018.146,1.997,0.11
27/01/2026 04:58:51 PM (UTC+1030),6278460.773,491018.615,2.001,0.094
27/01/2026 04:58:52 PM (UTC+1030),6278460.1,491019.018,1.96,0.094
27/01/2026 04:58:53 PM (UTC+1030),6278459.494,491019.422,1.967,0.094
27/01/2026 04:58:54 PM (UTC+1030),6278458.759,491019.847,1.986,0.107
27/01/2026 04:58:55 PM (UTC+1030),6278457.806,491020.009,1.933,0.107
27/01/2026 04:58:56 PM (UTC+1030),6278456.828,491019.967,1.951,0.111
27/01/2026 04:58:57 PM (UTC+1030),6278455.861,491020.107,1.906,0.111
27/01/2026 04:58:58 PM (UTC+1030),6278454.791,491020.289,1.907,0.111
27/01/2026 04:58:59 PM (UTC+1030),6278453.72,491020.36,1.926,0.108
27/01/2026 04:59:00 PM (UTC+1030),6278452.698,491020.174,1.895,0.108
27/01/2026 04:59:01 PM (UTC+1030),6278451.663,491020.286,1.895,0.11
27/01/2026 04:59:02 PM (UTC+1030),6278450.749,491020.642,1.842,0.111
27/01/2026 04:59:03 PM (UTC+1030),6278449.89,491020.984,1.834,0.109
27/01/2026 04:59:04 PM (UTC+1030),6278449.031,491021.048,1.812,0.109
27/01/2026 04:59:05 PM (UTC+1030),6278448.093,491020.889,1.858,0.108
27/01/2026 04:59:06 PM (UTC+1030),6278447.296,491020.801,1.808,0.11
27/01/2026 04:59:07 PM (UTC+1030),6278446.919,491020.727,1.774,0.108
27/01/2026 04:59:08 PM (UTC+1030),6278446.874,491020.699,1.711,0.11
27/01/2026 04:59:09 PM (UTC+1030),6278446.855,491020.688,1.753,0.107
27/01/2026 04:59:10 PM (UTC+1030),6278446.945,491020.651,1.795,0.107
27/01/2026 04:59:11 PM (UTC+1030),6278447.002,491020.684,1.811,0.108
27/01/2026 04:59:12 PM (UTC+1030),6278446.982,491020.67,1.806,0.107
27/01/2026 04:59:13 PM (UTC+1030),6278446.936,491020.907,1.855,0.093
27/01/2026 04:59:14 PM (UTC+1030),6278446.617,491021.112,1.814,0.093
27/01/2026 04:59:15 PM (UTC+1030),6278445.867,491021.414,1.841,0.09
27/01/2026 04:59:16 PM (UTC+1030),6278445.014,491021.748,1.814,0.092
27/01/2026 04:59:17 PM (UTC+1030),6278444.051,491022.179,1.81,0.092
27/01/2026 04:59:18 PM (UTC+1030),6278443.156,491022.612,1.806,0.094
27/01/2026 04:59:19 PM (UTC+1030),6278442.094,491022.974,1.821,0.105
27/01/2026 04:59:20 PM (UTC+1030),6278441.106,491023.141,1.808,0.107
27/01/2026 04:59:21 PM (UTC+1030),6278440.169,491023.368,1.846,0.112
27/01/2026 04:59:22 PM (UTC+1030),6278439.192,491023.58,1.73,0.114
27/01/2026 04:59:23 PM (UTC+1030),6278438.171,491023.924,1.694,0.114
27/01/2026 04:59:24 PM (UTC+1030),6278437.145,491024.28,1.69,0.115
27/01/2026 04:59:25 PM (UTC+1030),6278436.115,491024.728,1.629,0.113
27/01/2026 04:59:26 PM (UTC+1030),6278435.148,491025.218,1.65,0.115
27/01/2026 04:59:27 PM (UTC+1030),6278434.15,491025.491,1.614,0.112
27/01/2026 04:59:28 PM (UTC+1030),6278433.061,491025.794,1.618,0.112
27/01/2026 04:59:29 PM (UTC+1030),6278431.885,491026.078,1.646,0.114
27/01/2026 04:59:30 PM (UTC+1030),6278430.785,491026.282,1.623,0.11
27/01/2026 04:59:31 PM (UTC+1030),6278429.696,491026.496,1.605,0.112
27/01/2026 04:59:32 PM (UTC+1030),6278428.796,491026.721,1.621,0.11
27/01/2026 04:59:33 PM (UTC+1030),6278428.477,491026.654,1.641,0.11
27/01/2026 04:59:34 PM (UTC+1030),6278428.714,491026.608,1.671,0.112
27/01/2026 04:59:35 PM (UTC+1030),6278428.541,491026.583,1.67,0.108
27/01/2026 04:59:36 PM (UTC+1030),6278428.342,491026.657,1.65,0.107
27/01/2026 04:59:37 PM (UTC+1030),6278428.405,491026.764,1.66,0.107
27/01/2026 04:59:38 PM (UTC+1030),6278428.525,491026.789,1.658,0.107
27/01/2026 04:59:39 PM (UTC+1030),6278428.029,491026.841,1.65,0.1
27/01/2026 04:59:40 PM (UTC+1030),6278427.152,491027.093,1.639,0.1
27/01/2026 04:59:41 PM (UTC+1030),6278426.408,491027.288,1.673,0.1
27/01/2026 04:59:42 PM (UTC+1030),6278425.758,491027.539,1.653,0.1
27/01/2026 04:59:43 PM (UTC+1030),6278425.283,491027.891,1.695,0.098
27/01/2026 04:59:44 PM (UTC+1030),6278425.543,491028.068,1.621,0.098
27/01/2026 04:59:45 PM (UTC+1030),6278425.461,491028.038,1.645,0.103
27/01/2026 04:59:46 PM (UTC+1030),6278425.191,491027.734,1.665,0.107
27/01/2026 04:59:47 PM (UTC+1030),6278425.019,491027.91,1.653,0.108
27/01/2026 04:59:48 PM (UTC+1030),6278424.513,491028.164,1.667,0.108
27/01/2026 04:59:49 PM (UTC+1030),6278423.797,491028.529,1.639,0.104
27/01/2026 04:59:50 PM (UTC+1030),6278423.025,491028.865,1.631,0.106
27/01/2026 04:59:51 PM (UTC+1030),6278422.092,491029.105,1.597,0.101
27/01/2026 04:59:52 PM (UTC+1030),6278421.186,491029.296,1.628,0.101
27/01/2026 04:59:53 PM (UTC+1030),6278420.265,491029.397,1.588,0.101
27/01/2026 04:59:54 PM (UTC+1030),6278419.403,491029.373,1.617,0.107
27/01/2026 04:59:55 PM (UTC+1030),6278418.374,491029.399,1.595,0.106
27/01/2026 04:59:56 PM (UTC+1030),6278417.308,491029.503,1.616,0.11
27/01/2026 04:59:57 PM (UTC+1030),6278416.155,491029.807,1.648,0.11
27/01/2026 04:59:58 PM (UTC+1030),6278414.942,491030.051,1.612,0.11
27/01/2026 04:59:59 PM (UTC+1030),6278413.861,491030.371,1.604,0.11
27/01/2026 05:00:00 PM (UTC+1030),6278412.744,491030.637,1.609,0.107
27/01/2026 05:00:01 PM (UTC+1030),6278411.543,491030.95,1.593,0.108
27/01/2026 05:00:02 PM (UTC+1030),6278410.453,491031.254,1.559,0.108
27/01/2026 05:00:03 PM (UTC+1030),6278409.302,491031.518,1.59,0.108
27/01/2026 05:00:04 PM (UTC+1030),6278408.295,491031.982,1.618,0.108
27/01/2026 05:00:05 PM (UTC+1030),6278407.471,491032.617,1.602,0.108
27/01/2026 05:00:06 PM (UTC+1030),6278406.756,491033.257,1.582,0.108
27/01/2026 05:00:07 PM (UTC+1030),6278405.819,491033.561,1.624,0.108
27/01/2026 05:00:08 PM (UTC+1030),6278405.11,491033.751,1.601,0.108
27/01/2026 05:00:09 PM (UTC+1030),6278404.425,491034.15,1.576,0.104
27/01/2026 05:00:10 PM (UTC+1030),6278403.638,491034.668,1.553,0.106
27/01/2026 05:00:11 PM (UTC+1030),6278402.758,491035.17,1.525,0.107
27/01/2026 05:00:12 PM (UTC+1030),6278401.844,491035.555,1.574,0.107
27/01/2026 05:00:13 PM (UTC+1030),6278400.876,491036.002,1.51,0.107
27/01/2026 05:00:14 PM (UTC+1030),6278399.89,491036.422,1.538,0.107
27/01/2026 05:00:15 PM (UTC+1030),6278399.091,491036.806,1.539,0.106
27/01/2026 05:00:16 PM (UTC+1030),6278398.161,491037.022,1.531,0.109
27/01/2026 05:00:17 PM (UTC+1030),6278397.268,491036.931,1.54,0.107
27/01/2026 05:00:18 PM (UTC+1030),6278396.308,491036.739,1.528,0.108
27/01/2026 05:00:19 PM (UTC+1030),6278395.415,491036.39,1.551,0.106
27/01/2026 05:00:20 PM (UTC+1030),6278394.544,491036.336,1.558,0.107
27/01/2026 05:00:21 PM (UTC+1030),6278393.51,491036.278,1.576,0.108
27/01/2026 05:00:22 PM (UTC+1030),6278392.488,491036.17,1.493,0.108
27/01/2026 05:00:23 PM (UTC+1030),6278391.369,491036.282,1.485,0.107
27/01/2026 05:00:24 PM (UTC+1030),6278390.476,491036.34,1.467,0.105
27/01/2026 05:00:25 PM (UTC+1030),6278389.557,491036.533,1.394,0.105
27/01/2026 05:00:26 PM (UTC+1030),6278388.638,491036.763,1.383,0.107
27/01/2026 05:00:27 PM (UTC+1030),6278387.718,491037.015,1.32,0.107
27/01/2026 05:00:28 PM (UTC+1030),6278386.994,491037.324,1.396,0.107
27/01/2026 05:00:29 PM (UTC+1030),6278386.734,491037.282,1.372,0.102
27/01/2026 05:00:30 PM (UTC+1030),6278386.431,491037.466,1.383,0.103
27/01/2026 05:00:31 PM (UTC+1030),6278386.365,491037.46,1.374,0.103
27/01/2026 05:00:32 PM (UTC+1030),6278386.472,491037.435,1.383,0.103
27/01/2026 05:00:33 PM (UTC+1030),6278386.529,491037.301,1.342,0.103
27/01/2026 05:00:34 PM (UTC+1030),6278386.521,491037.228,1.328,0.101
27/01/2026 05:00:35 PM (UTC+1030),6278386.548,491037.256,1.316,0.101
27/01/2026 05:00:36 PM (UTC+1030),6278386.553,491037.185,1.27,0.105
27/01/2026 05:00:37 PM (UTC+1030),6278386.49,491037.121,1.274,0.105
27/01/2026 05:00:38 PM (UTC+1030),6278386.509,491037.218,1.299,0.105
27/01/2026 05:00:39 PM (UTC+1030),6278386.469,491037.209,1.267,0.107
27/01/2026 05:00:40 PM (UTC+1030),6278386.558,491036.989,1.165,0.083
27/01/2026 05:00:41 PM (UTC+1030),6278386.345,491037.056,1.251,0.086
27/01/2026 05:00:42 PM (UTC+1030),6278386.396,491036.747,1.216,0.087
27/01/2026 05:00:43 PM (UTC+1030),6278386.479,491036.868,1.23,0.087
27/01/2026 05:00:44 PM (UTC+1030),6278386.145,491036.658,1.397,0.089
27/01/2026 05:00:45 PM (UTC+1030),6278386.343,491036.343,1.394,0.113
27/01/2026 05:00:46 PM (UTC+1030),6278386.219,491036.507,1.429,0.116
27/01/2026 05:00:47 PM (UTC+1030),6278386.357,491036.456,1.437,0.12
27/01/2026 05:00:48 PM (UTC+1030),6278386.074,491036.395,1.411,0.122
27/01/2026 05:00:49 PM (UTC+1030),6278386.157,491036.441,1.422,0.116
27/01/2026 05:00:50 PM (UTC+1030),6278386.73,491036.39,1.372,0.118
27/01/2026 05:00:51 PM (UTC+1030),6278386.98,491035.951,1.393,0.12
27/01/2026 05:00:52 PM (UTC+1030),6278386.819,491035.69,1.397,0.118
27/01/2026 05:00:53 PM (UTC+1030),6278386.87,491035.672,1.408,0.112
27/01/2026 05:00:54 PM (UTC+1030),6278386.889,491035.688,1.409,0.112
27/01/2026 05:00:55 PM (UTC+1030),6278386.824,491035.85,1.421,0.112
27/01/2026 05:00:56 PM (UTC+1030),6278386.837,491035.92,1.428,0.106
27/01/2026 05:00:57 PM (UTC+1030),6278386.796,491035.81,1.415,0.106
27/01/2026 05:00:58 PM (UTC+1030),6278386.896,491035.851,1.417,0.102
27/01/2026 05:00:59 PM (UTC+1030),6278387.358,491035.896,1.285,0.083
27/01/2026 05:01:00 PM (UTC+1030),6278387.946,491035.956,1.344,0.083
27/01/2026 05:01:01 PM (UTC+1030),6278388.159,491036.06,1.368,0.085
27/01/2026 05:01:02 PM (UTC+1030),6278388.324,491036.241,1.356,0.085
27/01/2026 05:01:03 PM (UTC+1030),6278388.585,491036.073,1.388,0.097
27/01/2026 05:01:04 PM (UTC+1030),6278388.722,491036.251,1.367,0.097
27/01/2026 05:01:05 PM (UTC+1030),6278388.831,491036.213,1.357,0.096
27/01/2026 05:01:06 PM (UTC+1030),6278388.807,491036.202,1.386,0.1
27/01/2026 05:01:07 PM (UTC+1030),6278388.843,491036.16,1.418,0.1
27/01/2026 05:01:08 PM (UTC+1030),6278388.685,491036.385,1.241,0.1
27/01/2026 05:01:09 PM (UTC+1030),6278388.73,491036.327,1.244,0.101
27/01/2026 05:01:10 PM (UTC+1030),6278388.75,491036.292,1.26,0.103
27/01/2026 05:01:11 PM (UTC+1030),6278388.749,491036.277,1.263,0.089
27/01/2026 05:01:12 PM (UTC+1030),6278388.767,491036.263,1.27,0.089
27/01/2026 05:01:13 PM (UTC+1030),6278388.786,491036.119,1.368,0.106
27/01/2026 05:01:14 PM (UTC+1030),6278388.928,491035.836,1.406,0.106
27/01/2026 05:01:15 PM (UTC+1030),6278388.588,491035.885,1.419,0.09
27/01/2026 05:01:16 PM (UTC+1030),6278388.212,491035.837,1.43,0.093
27/01/2026 05:01:17 PM (UTC+1030),6278387.938,491035.642,1.417,0.093
27/01/2026 05:01:18 PM (UTC+1030),6278387.568,491035.474,1.413,0.093
27/01/2026 05:01:19 PM (UTC+1030),6278387.464,491035.291,1.388,0.11
27/01/2026 05:01:20 PM (UTC+1030),6278387.484,491035.251,1.374,0.117
27/01/2026 05:01:21 PM (UTC+1030),6278387.588,491035.205,1.412,0.119
27/01/2026 05:01:22 PM (UTC+1030),6278387.652,491035.302,1.4,0.119
27/01/2026 05:01:23 PM (UTC+1030),6278387.548,491035.188,1.376,0.119
27/01/2026 05:01:24 PM (UTC+1030),6278387.465,491035.18,1.364,0.118
27/01/2026 05:01:25 PM (UTC+1030),6278387.598,491035.239,1.39,0.089
27/01/2026 05:01:26 PM (UTC+1030),6278387.674,491035.294,1.371,0.093
27/01/2026 05:01:27 PM (UTC+1030),6278387.2,491035.416,1.375,0.109
27/01/2026 05:01:28 PM (UTC+1030),6278386.534,491035.639,1.365,0.109
27/01/2026 05:01:29 PM (UTC+1030),6278385.792,491035.607,1.373,0.092
27/01/2026 05:01:30 PM (UTC+1030),6278385.144,491035.142,1.354,0.092
27/01/2026 05:01:31 PM (UTC+1030),6278384.621,491034.641,1.419,0.095
27/01/2026 05:01:32 PM (UTC+1030),6278384.483,491034.214,1.459,0.095
27/01/2026 05:01:33 PM (UTC+1030),6278384.103,491033.434,1.31,0.111
27/01/2026 05:01:34 PM (UTC+1030),6278383.772,491032.727,1.42,0.113
27/01/2026 05:01:35 PM (UTC+1030),6278383.735,491032.268,1.404,0.113
27/01/2026 05:01:36 PM (UTC+1030),6278383.614,491031.911,1.417,0.119
27/01/2026 05:01:37 PM (UTC+1030),6278383.642,491031.953,1.437,0.119
27/01/2026 05:01:38 PM (UTC+1030),6278383.637,491031.809,1.422,0.124
27/01/2026 05:01:39 PM (UTC+1030),6278383.576,491031.858,1.423,0.124
27/01/2026 05:01:40 PM (UTC+1030),6278383.581,491031.864,1.425,0.124
27/01/2026 05:01:41 PM (UTC+1030),6278383.534,491031.868,1.42,0.123
27/01/2026 05:01:42 PM (UTC+1030),6278383.547,491031.884,1.43,0.121
27/01/2026 05:01:43 PM (UTC+1030),6278383.579,491031.877,1.434,0.12
27/01/2026 05:01:44 PM (UTC+1030),6278383.569,491031.869,1.427,0.12
27/01/2026 05:01:45 PM (UTC+1030),6278383.593,491031.856,1.421,0.12
27/01/2026 05:01:46 PM (UTC+1030),6278383.602,491031.892,1.428,0.094
27/01/2026 05:01:47 PM (UTC+1030),6278383.565,491031.905,1.44,0.096
27/01/2026 05:01:48 PM (UTC+1030),6278383.575,491031.896,1.437,0.094
27/01/2026 05:01:49 PM (UTC+1030),6278383.584,491031.904,1.429,0.094
27/01/2026 05:01:50 PM (UTC+1030),6278383.587,491031.925,1.435,0.094
27/01/2026 05:01:51 PM (UTC+1030),6278383.598,491031.956,1.452,0.096
27/01/2026 05:01:52 PM (UTC+1030),6278383.604,491031.938,1.448,0.098
27/01/2026 05:01:53 PM (UTC+1030),6278383.602,491031.894,1.453,0.098
27/01/2026 05:01:54 PM (UTC+1030),6278383.611,491031.836,1.447,0.098
27/01/2026 05:01:55 PM (UTC+1030),6278383.606,491031.874,1.45,0.098
27/01/2026 05:01:56 PM (UTC+1030),6278383.628,491031.901,1.449,0.098
27/01/2026 05:01:57 PM (UTC+1030),6278383.632,491031.911,1.452,0.098
27/01/2026 05:01:58 PM (UTC+1030),6278383.713,491031.88,1.44,0.098
27/01/2026 05:01:59 PM (UTC+1030),6278383.702,491031.879,1.433,0.098
27/01/2026 05:02:00 PM (UTC+1030),6278383.649,491031.895,1.435,0.098
27/01/2026 05:02:01 PM (UTC+1030),6278383.609,491031.828,1.415,0.096
27/01/2026 05:02:02 PM (UTC+1030),6278383.564,491031.906,1.411,0.096
27/01/2026 05:02:03 PM (UTC+1030),6278383.413,491032.022,1.418,0.096
27/01/2026 05:02:04 PM (UTC+1030),6278383.041,491032.12,1.397,0.096
27/01/2026 05:02:05 PM (UTC+1030),6278383.053,491032.299,1.373,0.096
27/01/2026 05:02:06 PM (UTC+1030),6278383.099,491032.498,1.156,0.096
27/01/2026 05:02:07 PM (UTC+1030),6278383.095,491032.53,0.98,0.097
27/01/2026 05:02:08 PM (UTC+1030),6278383.03,491032.524,1.037,0.099
27/01/2026 05:02:09 PM (UTC+1030),6278383.004,491032.441,1.207,0.099
27/01/2026 05:02:10 PM (UTC+1030),6278382.985,491032.005,1.43,0.106
27/01/2026 05:02:11 PM (UTC+1030),6278382.884,491031.838,1.419,0.108
27/01/2026 05:02:12 PM (UTC+1030),6278382.693,491031.535,1.463,0.111
27/01/2026 05:02:13 PM (UTC+1030),6278382.487,491031.484,1.439,0.102
27/01/2026 05:02:14 PM (UTC+1030),6278382.462,491031.63,1.439,0.104
27/01/2026 05:02:15 PM (UTC+1030),6278382.483,491031.691,1.452,0.104
27/01/2026 05:02:16 PM (UTC+1030),6278382.552,491031.645,1.485,0.11
27/01/2026 05:02:17 PM (UTC+1030),6278382.575,491031.562,1.481,0.11
27/01/2026 05:02:18 PM (UTC+1030),6278382.582,491031.568,1.469,0.111
27/01/2026 05:02:19 PM (UTC+1030),6278382.557,491031.581,1.48,0.108
27/01/2026 05:02:20 PM (UTC+1030),6278382.448,491031.631,1.477,0.108
27/01/2026 05:02:21 PM (UTC+1030),6278382.493,491031.658,1.464,0.094
27/01/2026 05:02:22 PM (UTC+1030),6278382.646,491031.614,1.465,0.094
27/01/2026 05:02:23 PM (UTC+1030),6278382.586,491031.624,1.465,0.094
27/01/2026 05:02:24 PM (UTC+1030),6278382.673,491031.641,1.456,0.091
27/01/2026 05:02:25 PM (UTC+1030),6278382.681,491031.641,1.45,0.091
27/01/2026 05:02:26 PM (UTC+1030),6278382.684,491031.735,1.485,0.098
27/01/2026 05:02:27 PM (UTC+1030),6278382.776,491031.597,1.419,0.099
27/01/2026 05:02:28 PM (UTC+1030),6278383.145,491031.671,1.182,0.099
27/01/2026 05:02:29 PM (UTC+1030),6278383.084,491031.817,1.173,0.089
27/01/2026 05:02:30 PM (UTC+1030),6278383.182,491031.702,1.113,0.09
27/01/2026 05:02:31 PM (UTC+1030),6278382.936,491031.729,1.259,0.093
27/01/2026 05:02:32 PM (UTC+1030),6278383.016,491031.853,1.271,0.106
27/01/2026 05:02:33 PM (UTC+1030),6278383.089,491031.929,1.181,0.106
27/01/2026 05:02:34 PM (UTC+1030),6278383.253,491031.77,1.188,0.109
27/01/2026 05:02:35 PM (UTC+1030),6278383.222,491031.798,1.055,0.108
27/01/2026 05:02:36 PM (UTC+1030),6278383.167,491031.777,0.952,0.111
27/01/2026 05:02:37 PM (UTC+1030),6278383.139,491031.736,0.892,0.118
27/01/2026 05:02:38 PM (UTC+1030),6278383.147,491031.758,0.873,0.118
27/01/2026 05:02:39 PM (UTC+1030),6278383.162,491031.755,0.864,0.118
27/01/2026 05:02:40 PM (UTC+1030),6278383.18,491031.752,0.854,0.093
27/01/2026 05:02:41 PM (UTC+1030),6278383.175,491031.756,0.862,0.094
27/01/2026 05:02:42 PM (UTC+1030),6278383.168,491031.752,0.854,0.094
27/01/2026 05:02:43 PM (UTC+1030),6278383.165,491031.754,0.863,0.093
27/01/2026 05:02:44 PM (UTC+1030),6278383.168,491031.757,0.866,0.093
27/01/2026 05:02:45 PM (UTC+1030),6278383.167,491031.755,0.87,0.093
27/01/2026 05:02:46 PM (UTC+1030),6278383.171,491031.754,0.873,0.094
27/01/2026 05:02:47 PM (UTC+1030),6278383.185,491031.754,0.885,0.096
27/01/2026 05:02:48 PM (UTC+1030),6278383.192,491031.758,0.894,0.096
27/01/2026 05:02:49 PM (UTC+1030),6278383.187,491031.755,0.889,0.096
27/01/2026 05:02:50 PM (UTC+1030),6278383.191,491031.714,0.905,0.096
27/01/2026 05:02:51 PM (UTC+1030),6278383.239,491031.74,0.884,0.098
27/01/2026 05:02:52 PM (UTC+1030),6278383.243,491031.838,0.868,0.098
27/01/2026 05:02:53 PM (UTC+1030),6278383.236,491031.929,0.842,0.1
27/01/2026 05:02:54 PM (UTC+1030),6278383.124,491031.969,0.78,0.1
27/01/2026 05:02:55 PM (UTC+1030),6278382.926,491032.064,0.617,0.101
27/01/2026 05:02:56 PM (UTC+1030),6278382.881,491032.056,0.526,0.106
27/01/2026 05:02:57 PM (UTC+1030),6278382.876,491032.048,0.513,0.106
27/01/2026 05:02:58 PM (UTC+1030),6278382.876,491032.037,0.499,0.104
27/01/2026 05:02:59 PM (UTC+1030),6278382.872,491032.037,0.511,0.106
27/01/2026 05:03:00 PM (UTC+1030),6278382.874,491032.048,0.544,0.127
27/01/2026 05:03:01 PM (UTC+1030),6278382.868,491032.047,0.547,0.111
27/01/2026 05:03:02 PM (UTC+1030),6278382.87,491032.043,0.546,0.112
27/01/2026 05:03:03 PM (UTC+1030),6278382.872,491032.045,0.558,0.111
27/01/2026 05:03:04 PM (UTC+1030),6278382.87,491032.05,0.536,0.11
27/01/2026 05:03:05 PM (UTC+1030),6278382.871,491032.047,0.536,0.112
27/01/2026 05:03:06 PM (UTC+1030),6278382.871,491032.047,0.532,0.113
27/01/2026 05:03:07 PM (UTC+1030),6278382.867,491032.042,0.524,0.117
27/01/2026 05:03:08 PM (UTC+1030),6278382.869,491032.04,0.539,0.115
27/01/2026 05:03:09 PM (UTC+1030),6278382.873,491032.039,0.55,0.115
27/01/2026 05:03:10 PM (UTC+1030),6278382.87,491032.032,0.546,0.115
27/01/2026 05:03:11 PM (UTC+1030),6278382.87,491032.035,0.541,0.115
27/01/2026 05:03:12 PM (UTC+1030),6278382.869,491032.039,0.541,0.115
27/01/2026 05:03:13 PM (UTC+1030),6278382.871,491032.039,0.541,0.115
27/01/2026 05:03:14 PM (UTC+1030),6278382.872,491032.049,0.521,0.114
27/01/2026 05:03:15 PM (UTC+1030),6278382.869,491032.051,0.54,0.114

